wt_i,wt_j,E_direct,E_total,wt_layer,cp_layer,switched
0,93,1.4810096331567557e-08,1.6858311336675778,L3,L3,False
0,96,2.3303824122999188e-08,3.0566895506176937,L3,L3,False
0,151,-2.810120713903075e-16,0.001933086509880802,L3,L2,True
0,156,-2.6566448902975993e-14,0.10418482798895881,L3,absent,True
0,157,0.09545738157709027,0.09545738263096719,L3,absent,True
0,158,-1.3439879431587089e-15,-0.0045767398631379255,L3,absent,True
0,159,0.0,0.00022196511662055614,L3,absent,True
0,160,2.652139790245434,2.654170426883543,L3,absent,True
0,161,-2.857523343948536e-09,-0.599467471246452,L3,absent,True
0,163,9.899676856051086e-16,0.00903991734059428,L3,absent,True
1,70,-5.491988197547926e-16,-0.0011647781289801284,L3,L3,False
1,92,-4.5536260628864514e-14,0.012049203832852677,L3,L3,False
1,93,-1.784896164203076e-15,-0.003511099966999279,L3,L3,False
1,96,-4.052881613913761e-05,0.6783656058947806,L3,L3,False
1,99,-0.0,-2.3103112558394875e-05,L3,L3,False
1,157,-4.844920457269808e-13,0.2587797124423909,L3,absent,True
1,160,-0.0,7.195537219479885e-05,L3,absent,True
2,66,0.0,0.00011677197606711985,L3,L3,False
2,70,3.849428764197499,4.019490240446033,L3,L3,False
2,71,-0.0,-1.2043229581058348e-05,L3,L3,False
2,73,1.0446241862638317e-09,0.5028538523356871,L3,L3,False
2,74,1.9968074139817228e-08,2.885691329429346,L3,L3,False
2,92,6.410338926343684e-14,0.07077679605878086,L3,L3,False
2,93,9.76391005824695e-15,0.0721427380222491,L3,L3,False
2,95,-1.1456279696374026e-08,-0.1494517923424156,L3,L3,False
2,96,2.3146437695156115,2.3146437798962465,L3,L3,False
2,97,6.194338375564712e-13,0.30823812964189334,L3,L3,False
2,98,6.812030273195546e-16,0.006594326191034148,L3,L3,False
2,99,4.090097615562586,4.0902362160902275,L3,L3,False
2,100,-0.0005763948698849471,-0.9225127835160057,L3,L3,False
2,102,0.0,2.6849207302151073e-06,L3,L3,False
2,103,2.886620313124979e-09,3.891284327534051,L3,L3,False
3,28,2.119002217588104e-09,3.891116532358521,L2,L3,True
3,63,-4.0688986884148906e-10,-0.6561217650904677,L3,L3,False
3,66,0.010547914151659663,4.183758864594671,L3,L3,False
3,67,-5.969906299374227e-08,-0.4701963561270771,L3,L3,False
3,69,-0.0,-1.9043107321765133e-05,L3,L3,False
3,70,1.025563387271695,3.403982125854589,L3,L3,False
3,96,4.210385858627319e-14,0.41353027339466153,L3,L3,False
3,99,2.0386735855026927e-16,0.0015893726718618783,L3,L3,False
3,103,0.0,3.950883832144747e-05,L3,L3,False
4,96,-4.846480074149895e-14,0.16419530858070344,L3,L3,False
4,157,-5.102929770650634e-12,0.011032970922063746,L3,L2,True
4,160,-1.3232335139703076e-05,-0.17389852847813722,L3,absent,True
4,163,-1.1378871853651161e-14,-0.05321341753073752,L3,absent,True
5,70,1.1670161370602726e-15,0.007973114581592344,L3,L3,False
5,93,1.018221579585088e-13,0.4935021819170121,L3,L3,False
5,96,1.245580328195858,1.2469948794470098,L3,L3,False
5,97,3.141435254729004e-09,0.6619506281891201,L3,L3,False
5,99,4.624571487366174e-09,3.017770928311842,L3,L3,False
5,100,-2.318778090649702,-2.3471002521320234,L3,L3,False
5,103,1.4364305582326154e-13,1.0408792042094692,L3,L3,False
5,144,-0.0,-6.378937323456981e-06,L3,L3,False
5,147,-5.56925496695726e-11,-0.6835840957059592,L3,L2,True
5,148,4.672017815405382e-11,1.6770321916530593,L3,L2,True
5,151,-1.1313389859543652e-08,0.24710622560855877,L3,L2,True
5,157,3.993588155187638e-07,2.104508597554474,L3,L2,True
5,159,2.0219535635135344e-13,0.3338892525417296,L3,L2,True
5,160,2.6478989598714557,2.6517636064000683,L3,absent,True
5,163,2.303852797940209e-12,2.7077930532880106,L3,absent,True
6,28,0.7193916175697939,4.167554029590766,L2,L3,True
6,29,-8.736155559927069e-08,-0.22455512536514766,L2,L3,True
6,66,3.6512649477670144e-05,2.922486474171745,L3,L3,False
6,69,-8.697363871150099e-10,-0.8248778708656398,L3,L3,False
6,70,0.05496741338733427,2.6956708186600427,L3,L3,False
6,73,2.2759490292401096e-11,0.3936371793725082,L3,L3,False
6,96,8.600376686080269e-10,1.2990977380720297,L3,L3,False
6,99,6.543389396559802e-07,4.183997537504903,L3,L3,False
6,100,-2.3048153397969666,-2.3310248620512626,L3,L3,False
6,101,0.0,3.0528319641445273e-06,L3,L3,False
6,102,0.0,5.676360972067182e-06,L3,L3,False
6,103,3.306857148792106,3.3154533462230127,L3,L3,False
6,104,-2.1364371695716145e-10,-0.5563389815816296,L3,L3,False
6,144,-5.830621319091734e-17,-0.00010369714600029911,L3,L3,False
6,148,0.0,0.00021093617462750012,L3,L2,True
6,160,0.0,0.0003146907157949319,L3,L2,True
7,27,-8.930549739716299e-14,-0.010663293947426626,L2,L3,True
7,28,-0.5698427943813309,-0.5698432411971769,L2,L3,True
7,29,-1.78548404616663e-11,-0.025838277484773676,L2,L3,True
7,62,-1.399931389034492e-14,0.020434448519093183,L3,L3,False
7,63,-2.9289557627265596e-13,-0.12470072210276383,L3,L3,False
7,66,-0.00011207100498901359,-0.5568336335938131,L3,L3,False
7,70,-2.363464091104106e-16,0.0001937764666277261,L3,L3,False
7,103,-0.0,-1.9617713971978918e-06,L3,L3,False
7,160,0.0,5.692365410361406e-06,L3,L2,True
7,163,-0.0,-1.1384309947687694e-05,L3,absent,True
8,28,2.270676757731849e-16,0.0030077571380664712,L2,L3,True
8,100,-8.411944030228824e-16,-0.002962023465681135,L3,L3,False
8,143,-0.0,-2.4441539089252953e-06,L3,L3,False
8,144,-2.1410809121791276e-12,-0.14581835462984588,L3,L3,False
8,147,-1.5597409753357975e-07,-0.14945254396563704,L3,L2,True
8,157,0.0,8.012401952334005e-05,L3,L2,True
8,159,3.853171115508758e-13,0.24951820277629272,L3,L2,True
8,160,3.740392242101707,3.7428112672816316,L3,L2,True
8,161,-0.0,-8.623300569533008e-05,L3,L2,True
8,162,-2.1871054478594943e-14,-0.06589169215013577,L3,L2,True
8,163,3.963000461991892,3.9630007300695707,L3,absent,True
9,28,-2.9260273294529074e-12,-0.7024494123412007,L2,L3,True
9,29,-2.1599901877764616e-11,-0.09195905676385863,L2,L3,True
9,100,0.02600715404612293,0.0026991465540047235,L3,L3,False
9,101,-0.0,-2.0181009861707885e-05,L3,L3,False
9,103,-6.385613545509692e-09,-0.8104865919057276,L3,L3,False
9,104,-1.1187860115169099e-05,-0.13063477864983758,L3,L3,False
9,141,-3.7642176511640814e-11,-0.026466056640304336,L3,L3,False
9,143,2.512993886583104e-13,-0.029928859725001946,L3,L3,False
9,144,1.7106812090788661,1.710681439090923,L3,L3,False
9,145,-1.214447999942081e-15,1.1402342610269692e-05,L3,L3,False
9,147,0.025542637036932405,0.12136942177040211,L3,L2,True
9,148,-5.93001177504222e-06,-0.6196969470542208,L3,L2,True
9,159,-1.8683815383724324e-16,2.1076534492404246e-06,L3,L2,True
9,160,-1.506670318091805e-09,0.20589464543527145,L3,L2,True
9,163,-2.1790934423804217e-09,-0.8250524666969185,L3,L2,True
10,25,5.918427154858464e-12,-0.03611908365558562,L2,L3,True
10,27,-3.1231855905279705e-06,-0.053767446305033724,L2,L3,True
10,28,-1.9829694258973818,-1.9829694475595212,L2,L3,True
10,29,-0.4051051184240003,-0.4051051184477615,L2,L3,True
10,30,-2.5436483474171825e-10,-0.20448099333788292,L2,L3,True
10,31,-0.0,-1.9270622687989598e-05,L2,L3,True
10,62,-0.0,1.4866760158697645e-05,L3,L3,False
10,66,-6.534098846960177e-09,-0.6565656285688017,L3,L3,False
10,69,-2.8736490307323946e-14,-0.013627269521738393,L3,L3,False
10,70,-0.0,-1.3385246384974607e-06,L3,L3,False
10,100,-1.8468675119009958e-13,-0.05794821104564473,L3,L3,False
10,103,-6.603417618020006e-07,-0.6565953502451641,L3,L3,False
10,104,-2.0395523252018136e-08,-0.14915821113809738,L3,L3,False
10,144,-2.244457890876461e-12,-0.1295681100984069,L3,L3,False
11,25,-0.0,1.9937212824618493e-05,L2,L3,True
11,27,4.1091668487142305e-06,0.36283961419942623,L2,L3,True
11,28,0.1545434820571427,0.1535797675360713,L2,L3,True
11,29,0.0008082842617719919,0.3634555039872734,L2,L3,True
11,62,-1.9577871857023867e-15,0.008183485394725618,L3,L3,False
11,66,-1.2130869642135167e-17,-0.00018598933134260926,L3,L3,False
12,26,1.3396992870617909e-14,0.14250886432172172,L2,L3,True
12,27,-0.914762882326496,-0.9153531867885069,L2,L3,True
12,28,4.090114195919278,4.090324977243905,L2,L3,True
12,29,-1.0843336569124063e-10,-0.22437768357444912,L2,L3,True
12,57,0.0,7.336361135067371e-05,L3,L3,False
12,59,-1.796587289194644e-05,-0.2995067403334935,L3,L3,False
12,62,3.972640681518194,3.992867753568359,L3,L3,False
12,63,-1.4294643113468284e-10,-1.0706011684951968,L3,L3,False
12,66,1.3261342704285363e-10,2.915658615325049,L3,L3,False
13,25,-2.4199539215065427e-05,-0.060648863739333224,L2,L3,True
13,26,-0.340948351777239,-0.4010422936393722,L2,L3,True
13,27,-1.3747795463796681,-1.3747798621554832,L2,L3,True
13,28,-1.0069387642735582e-08,-0.14945169544166628,L2,L3,True
13,29,-9.421192386838156e-08,-0.026024536885897398,L2,L3,True
13,30,-3.5480770730345056e-14,-0.034186902681391164,L2,L3,True
13,56,-5.908660227760266e-16,0.0004652630946280131,L3,L3,False
13,57,-5.5427086107506795e-14,-0.07613683021754498,L3,L3,False
13,62,-6.272687227043539e-08,0.17455611310227956,L3,L3,False
14,26,0.00012493308019855575,4.1839971310938555,L2,L3,True
14,27,-0.2766793346754705,-0.43349418355799685,L2,L3,True
14,28,4.541353515463698e-16,0.004701236511370296,L2,L3,True
14,53,2.270676757731849e-16,0.0009224708896688074,L3,L3,False
14,55,-1.4550546343672364e-12,-0.21204779500040213,L3,L3,False
14,56,3.943248489490834,4.039596476301769,L3,L3,False
14,57,4.082413004394056,4.090667839051948,L3,L3,False
14,58,0.0001713994234625345,0.5388158487682676,L3,L3,False
14,59,-0.024558808442924795,-0.32139594486867185,L3,L3,False
14,60,-1.963118915426776e-14,-0.04957712852413354,L3,L3,False
14,61,-5.174064967967546e-09,-1.0721885137259302,L3,L3,False
14,62,3.5447280128180263,3.60590633811428,L3,L3,False
15,25,-0.0,-4.174436094312083e-05,L2,L3,True
15,26,-0.0021255922483016743,-0.3804230529824298,L2,L3,True
15,27,-3.902380806923844e-11,-0.1299947986025032,L2,L3,True
15,45,-0.0,-7.411324029024414e-05,L3,L3,False
15,53,-3.206451530957111e-15,-0.0006768631923961085,L3,L3,False
15,54,-1.6899511479095965e-15,-0.0019650922683547077,L3,L3,False
15,55,-1.5769191586779177,-1.6055730162772563,L3,L3,False
15,56,-2.5838987901522974,-2.58390032941443,L3,L3,False
15,57,-3.7159411881300496e-08,-0.37856552026073786,L3,L3,False
16,26,4.082763425949381,4.0827679868909685,L2,L3,True
16,27,6.130936639703322e-13,-0.21400398802570145,L2,L3,True
16,30,-2.0559768554306859e-16,-2.71095303101266e-05,L2,L3,True
16,32,0.029030891082215203,4.1833363264263435,L2,L3,True
16,33,-1.0732208011177137e-16,0.005025937184910213,L2,L3,True
16,38,0.0026431343619121505,4.183939574853371,L3,L3,False
16,39,-0.0,-3.905023219312565e-06,L3,L3,False
16,41,4.183088497384504,4.183193103343914,L3,L3,False
16,42,-0.0026310557056203458,-0.38086410643078517,L3,L3,False
16,44,-1.4464081114162753e-13,-0.1890443041757262,L3,L3,False
16,45,0.645179640312588,4.169250585371316,L3,L3,False
16,53,5.0139202841243955e-11,1.3554561842662414,L3,L3,False
16,54,-9.926093955670013e-15,-0.031040993479377547,L3,L3,False
16,55,0.15256245449141398,0.15256242863150798,L3,L3,False
16,56,1.0917732185977906e-05,2.885749754345782,L3,L3,False
16,57,3.155695730825414e-11,4.133858022935487,L3,L3,False
17,27,3.3361476870727105e-09,0.33165987816217746,L2,L3,True
17,29,1.558097049114693e-12,0.31968805765362734,L2,L3,True
17,30,0.0,3.173354441698966e-05,L2,L3,True
17,32,3.0588999289093975e-15,0.01652198292024439,L2,L3,True
17,41,7.012841107822966e-16,0.012461511575352165,L3,L3,False
17,55,1.0388929716498298e-16,0.0006242129212484293,L3,L3,False
18,31,-0.0,-1.4563005742143202e-05,L2,L3,True
18,32,-0.0,-8.67310832432437e-05,L2,L3,True
18,36,-1.1612932837579138e-15,-0.000331090290322365,L2,L3,True
18,38,-1.6925083157204312e-15,-0.0019384844647465092,L3,L3,False
18,41,-3.046726788191734e-13,0.06123715140312619,L3,L3,False
19,29,-6.925127315372226e-10,-0.09245049172835423,L2,L3,True
19,31,-0.000250177970576543,-0.8253556121882137,L2,L3,True
19,32,-3.6354053989384736e-16,-0.0011562275143779132,L2,L3,True
19,34,5.1892698870670276e-12,-0.10547515792514728,L2,L3,True
19,104,-0.0,-1.996327575929644e-05,L3,L3,False
19,140,-0.0,-3.5894679094836075e-05,L3,L3,False
19,141,-5.104813016743038e-17,-2.0212430186922992e-05,L3,L3,False
20,104,-4.0284799496248536e-15,-0.03495629207141812,L3,L3,False
20,137,-0.0,1.2423510513322154e-06,L3,L3,False
20,140,-0.02599041424124936,-0.1422196946985208,L3,L3,False
20,141,0.6623768170018213,0.6615365541792722,L3,L3,False
20,144,-4.12172655126497e-12,-0.059305354600465605,L3,L3,False
21,31,-2.586107239466173e-13,-0.581835940545697,L2,L3,True
21,34,2.796599367378594e-10,-0.12901104719112275,L2,L3,True
21,104,-0.0,-2.8223994800643487e-05,L3,L3,False
21,105,-3.5684220023313176e-16,-0.0011718298566312391,L3,L3,False
21,136,-0.0,-3.140166070803549e-05,L3,L3,False
21,140,-8.627774038348362e-05,-0.14923962145544659,L3,L3,False
21,141,1.388042347105767e-13,-0.031923811892487684,L3,L3,False
22,34,-3.812381673693466e-11,-0.1299800074908111,L2,L3,True
22,36,-2.4560215081481654e-11,0.2568276151365061,L2,L3,True
23,33,-0.017714919822542533,-0.25985763091491587,L2,L3,True
23,34,-0.75416700759956,-0.7541711312340053,L2,L3,True
23,35,-2.9584526735538832e-08,-0.13869907669067874,L2,L3,True
23,36,4.948530839659071e-12,-0.31067811492213365,L2,L3,True
23,41,5.850987878079827e-10,0.7878719217035028,L3,L3,False
24,34,-2.2591515256581694e-07,-1.211434844581239,L2,L3,True
24,35,-0.000850917423622449,-0.1394563120390344,L2,L3,True
24,36,6.531684790188842e-10,-0.31211537526363237,L2,L3,True
24,37,-2.566192738638729e-08,-0.13869898918981677,L2,L3,True
24,38,0.015937729457924946,1.4690863694721892,L3,L3,False
24,39,-2.551129085759385e-16,0.0013218870949150362,L3,L3,False
24,40,1.2762603966478077e-06,0.7879299800265259,L3,L3,False
24,41,6.366017994468782e-05,6.366018016570074e-05,L3,L3,False
24,42,-2.0471617815363887e-10,-1.211017629784912,L3,L3,False
24,43,-0.0,-1.7406927972872796e-06,L3,L3,False
24,44,-3.2803474416040355e-06,-0.17388988189008148,L3,L3,False
24,45,1.950377294929999e-09,1.4609750285613454,L3,L3,False
24,55,2.1816752404646423e-15,0.011904391130813602,L3,L3,False
25,41,4.737114868797399e-10,0.21721891045593575,L3,L3,False
25,45,7.36492200559269e-18,0.0008278153207180496,L3,L3,False
25,65,0.0,4.244681310232001e-06,L3,L3,False
26,41,1.3871905919016214e-07,0.5030410222500831,L3,L3,False
26,42,-6.596610369058453e-16,-0.0008841465828461165,L3,L3,False
26,44,-1.4372318505984084e-12,-0.3893252822847192,L3,L3,False
26,45,3.608352460652939,4.10150960654867,L3,L3,False
26,48,1.1903725321005255e-09,0.5028769208410954,L3,L3,False
26,49,1.446648162350961e-12,3.3086019623351643,L3,L3,False
26,53,2.1421540715710564e-10,1.361147450460561,L3,L3,False
26,55,4.717596713336e-05,-0.2189604835439154,L3,L3,False
26,56,5.828272964901093e-09,2.8855571324598825,L3,L3,False
26,57,3.671862760821901,4.100057690290394,L3,L3,False
26,61,-3.2160729507939577e-11,-0.4390651234477297,L3,L3,False
26,62,0.0007468788850696125,0.503699401373111,L3,L3,False
26,65,1.2303124201525742e-05,4.183999588567983,L3,L3,False
26,66,0.0,1.561519060321788e-05,L3,L3,False
27,45,-2.0365368058605783e-16,-0.0005535249004910393,L3,L3,False
27,48,-0.0,1.4356575104537798e-06,L3,L3,False
27,56,-0.0,1.5028464369089398e-05,L3,L3,False
27,57,0.002937128217314177,-0.21199188176911782,L3,L3,False
27,58,-6.426597032316295e-17,0.0001000112133086946,L3,L3,False
27,59,-1.2323130756897173e-11,-0.1286510659025782,L3,L3,False
27,61,-4.7963054276965184e-08,-0.05376420616755746,L3,L3,False
27,62,-0.010355807743655368,-0.010355807734702507,L3,L3,False
27,63,-6.525071100586555e-10,-0.05374671561876657,L3,L3,False
27,64,-2.242689589593283e-16,-0.00013761345179856937,L3,L3,False
27,65,-0.4655247141466106,-0.576103845880883,L3,L3,False
27,66,-0.00014856508458892514,-0.33857129609017994,L3,L3,False
27,69,-3.4639358004184824e-15,-0.002606564036449831,L3,L3,False
28,57,0.0,3.7832136142856857e-06,L3,L3,False
28,59,-9.89491555358768e-16,-0.0012708237240291684,L3,L3,False
28,62,4.175293823908323,4.176340071008923,L3,L3,False
28,63,-0.00018316929622403882,-0.44184889363908375,L3,L3,False
28,64,-0.0,-2.898208040449983e-05,L3,L3,False
28,65,0.0005026223722418144,4.183988506393527,L3,L3,False
28,66,1.3328267997382461,1.332826804307704,L3,L3,False
28,67,-1.3122632687156965e-14,-0.04106188664920407,L3,L3,False
28,69,-7.964287919762658e-07,-0.7702328800645497,L3,L3,False
28,70,3.766598605725591e-12,2.619543226437554,L3,L3,False
28,103,8.909003568646767e-14,0.8014114837491159,L3,L3,False
29,62,-3.669977905933486e-12,0.19321219254472602,L3,L3,False
29,65,-1.7885312739762281e-09,-0.22454450619687474,L3,L3,False
29,66,-1.101181297164107e-07,-0.3386528365810932,L3,L3,False
29,69,-7.667911047416555e-06,-0.09247350971471464,L3,L3,False
29,103,-9.410962730202626e-09,-0.3386522189637408,L3,L3,False
29,104,-3.7587166046466614e-10,0.047093731064640876,L3,L3,False
30,44,-1.3329296439934523e-14,-0.012991807987865547,L3,L3,False
30,45,4.34717134289997e-12,-0.006769619950537263,L3,L3,False
30,48,-2.282107278253532e-05,0.10854724520495236,L3,L3,False
30,49,-6.853256184768952e-17,-1.2172484617678526e-05,L3,L3,False
30,57,-2.2038701238979996e-12,-0.014669961111657803,L3,L3,False
30,61,-1.2627754522043234e-14,-0.012276645980525061,L3,L3,False
30,62,-7.414659361300808e-06,0.10856584669347667,L3,L3,False
30,63,-0.0,-4.506496373115675e-06,L3,L3,False
30,64,-3.725405628429712e-15,-0.007257027746512487,L3,L3,False
30,65,0.24975545040106464,0.2497554503642734,L3,L3,False
30,66,0.0017629797364443333,1.6203305591357806,L3,L3,False
30,68,-2.7095574112190328e-09,0.15985406401895427,L3,L3,False
30,69,-0.34502464661957416,-0.344503409446261,L3,L3,False
30,103,8.554550845474296e-17,0.0014906982399697467,L3,L3,False
31,41,5.92259574716536e-14,0.0525027851833264,L3,L3,False
31,44,-8.302050765496283e-12,-1.044802200869909,L3,L3,False
31,48,2.3225865675158276e-16,0.00017999388381670183,L3,L3,False
31,65,2.270676757731849e-16,0.0026251976607128765,L3,L3,False
31,69,-2.3582547636427974e-10,-0.8240977097384625,L3,L3,False
31,103,3.682182292408243e-16,0.003634324480245344,L3,L3,False
31,104,-4.5846790452941374e-15,-0.02142415171858026,L3,L3,False
31,105,0.0,2.079880358512726e-05,L3,L3,False
31,106,-1.109912559194015e-14,-0.025687558445974045,L3,L3,False
32,37,-0.0,,absent,L3,True
32,38,1.5894737304122943e-15,,absent,L3,True
32,40,1.2394515222791114e-07,,absent,L3,True
32,41,3.3291218662691193,,absent,L3,True
32,42,-3.065061520579759e-08,-0.29948821300437173,L3,L3,False
32,43,-2.631896525462807e-11,-0.5499569805495159,L3,L3,False
32,44,-0.22327723496718094,-0.2232772352014793,L3,L3,False
32,45,4.089148065880691,4.090491379798839,L3,L3,False
32,46,-7.270810797876947e-16,-0.002204842977481492,L3,L3,False
32,47,-2.669393342675797e-12,-0.27296825629661525,L3,L3,False
32,48,0.004533028620381791,0.4045080177469013,L3,L3,False
32,49,0.0,7.845925228516437e-05,L3,L3,False
32,53,0.0,4.700936964828147e-06,L3,L3,False
32,55,-1.467833902824012e-13,-0.1416992774738268,L3,L3,False
32,57,0.0,5.037422042425633e-06,L3,L3,False
32,65,6.130827245875992e-15,0.06498026121344516,L3,L3,False
33,37,-1.1438449168717242e-06,,absent,L3,True
33,38,2.253666133711363e-15,,absent,L3,True
33,39,-1.0943563388821077e-15,,absent,L3,True
33,40,0.3341250766894389,,absent,L3,True
33,41,0.33318345713573205,,absent,L3,True
33,42,-7.212259505351427e-13,,absent,L3,True
33,43,-3.624275332057314e-10,-0.04622841261156826,L3,L3,False
33,44,0.19984361159860237,0.19984357451119364,L3,L3,False
33,45,1.6754461070522807e-13,0.5277057466265896,L3,L3,False
33,47,-0.0,-6.982069588757691e-06,L3,L3,False
33,48,0.0,1.676601511307712e-05,L3,L3,False
34,40,-9.016423476104764e-13,,absent,L3,True
34,41,-2.0870865089506196e-14,,absent,L3,True
34,44,0.0,-2.4993053025228047e-05,L3,L3,False
35,37,-0.4367271629573425,,absent,L3,True
35,38,-3.5230996983770523e-12,,absent,L3,True
35,39,-5.00350945520367e-13,,absent,L3,True
35,40,-0.040457540901832616,,absent,L3,True
35,41,-0.009999167752680848,,absent,L3,True
35,43,-2.739739373147643e-15,,absent,L3,True
35,44,-5.235167615359791e-09,,absent,L3,True
36,37,-2.34749662280268,,absent,L3,True
36,38,-5.006704690973382e-09,,absent,L3,True
36,39,-1.6118750778559843e-16,,absent,L3,True
36,40,-7.11490444119247e-07,,absent,L3,True
36,41,-2.5016392532428713e-12,,absent,L3,True
38,55,-6.581959672991023e-11,-0.2242628514262109,L3,L3,False
39,55,-0.0,1.4312676555332558e-06,L3,L3,False
41,53,0.0,8.212664411779975e-06,L3,L3,False
41,55,-2.694970192584272e-07,0.19555974755918873,L3,L3,False
42,52,-1.5125062773790888e-13,-0.09717295615408751,L3,L3,False
42,53,-5.315198542065437e-05,-0.04846096269755967,L3,L3,False
42,54,-6.512387146834157e-05,-0.21160092285216522,L3,L3,False
42,55,-2.0194780186547714,-2.019513044957379,L3,L3,False
42,56,-2.870856352643614e-16,-0.0005553927534011802,L3,L3,False
43,53,6.575056765711906e-16,0.008339129017502795,L3,L3,False
43,55,4.329301361849503e-17,0.0005893685726622805,L3,L3,False
44,55,-2.547320043788659e-16,-6.729589412160554e-05,L3,L3,False
45,55,-0.9170821557445488,-0.9170984031794035,L3,L3,False
45,56,2.760000786992789e-10,2.6729651400349916,L3,L3,False
45,57,0.0013376282914600891,4.183969419360637,L3,L3,False
45,61,-8.66345925221168e-14,-0.3048777252819167,L3,L3,False
45,65,3.7693234178348696e-14,0.3761852287458436,L3,L3,False
46,57,-6.699547405730755e-16,-0.001746582578102837,L3,L3,False
48,61,-1.916020229446147e-11,0.0872842435918566,L2,L2,False
48,64,-6.250771654947585e-14,0.025282627202707842,L2,L2,False
48,65,0.7204570687153492,1.0519181272095803,L2,L2,False
48,68,-4.081759757302184e-11,-0.08586335273610131,L2,L2,False
49,60,-5.024660554298067e-16,-0.0016032376098868756,L2,L2,False
49,61,-2.0661050332213446,-2.066135853733105,L2,L2,False
49,62,1.2077450151082304e-14,0.015020578957411162,L2,L2,False
49,64,-2.2557112785131082e-08,-0.37856367414667264,L2,L2,False
49,65,4.591537393483301e-06,4.183999546235792,L2,L2,False
50,61,-5.82189996007898e-13,-0.03927968871994032,L2,L2,False
51,61,-2.1236741635872747e-11,-0.13025048365626732,L2,L2,False
66,103,3.3606016014431364e-14,0.337602327632398,L3,L3,False
69,99,-0.0,-6.782722948007554e-05,L3,L3,False
69,102,-1.0260862293165474e-15,-0.0021926123998776644,L3,L3,False
69,103,-1.1626414095821778,-1.6777979773289013,L3,L3,False
69,106,-0.0,-2.912930805871833e-05,L3,L3,False
70,96,2.2074791772297431e-16,0.0017945368743588104,L3,L3,False
70,99,0.006523073181342689,2.8876678321718394,L3,L3,False
70,100,-5.629287902486624e-15,-0.010461970715743153,L3,L3,False
70,102,1.6121804979896128e-14,0.12332687604987966,L3,L3,False
70,103,0.11194951658997145,3.4547429868410524,L3,L3,False
71,99,-0.0,-3.5225001743238646e-05,L3,L3,False
71,103,-0.0,-1.1529407616935418e-06,L3,L3,False
72,99,0.0,1.0303287833908037e-05,L3,L3,False
72,102,4.504315146180993e-12,1.2633886419725555,L3,L3,False
72,103,5.374611275307029e-11,1.3003568340736775,L3,L3,False
72,106,-3.174790030868735e-15,0.012965275757182298,L3,L3,False
72,107,-1.9588560400407572e-14,0.011026271199743396,L3,L3,False
73,83,1.858069254012662e-15,0.0018422437032909013,L3,L3,False
73,87,0.0,1.3013019276363848e-06,L3,L3,False
73,96,0.0,1.6149287200956336e-05,L3,L3,False
73,98,7.472690022325424e-12,0.3804740762702,L3,L3,False
73,99,4.182767421014455,4.182771027299327,L3,L3,False
73,100,-6.264970412969717e-10,0.03894671890722961,L3,L3,False
73,101,5.792378509834606e-12,0.6400446052199347,L3,L3,False
73,102,3.3917383785189656,3.3917383997610298,L3,L3,False
73,103,2.2409922895659706,2.240992333301043,L3,L3,False
73,104,-1.639585045287717e-13,-0.05432580569317175,L3,L3,False
73,105,0.0,1.2583107704978948e-05,L3,L3,False
73,106,-3.6848765163813364e-06,0.1955549607635883,L3,L3,False
73,107,-1.6003078722941277e-08,0.08790507351267116,L3,L3,False
73,110,2.1746587064441774e-14,0.07777313567518344,L3,L3,False
74,87,4.879424079273688e-10,2.4802182009301754,L3,L3,False
74,95,-1.5917142832222453e-12,0.051852264969260736,L3,L3,False
74,96,0.0,0.0006423204682860613,L3,L3,False
74,98,1.4078195897937463e-14,0.09567735910391885,L3,L3,False
74,99,3.9426666530939123,4.046950840479288,L3,L3,False
74,102,5.195899796745254e-08,3.0679790917494087,L3,L3,False
74,103,4.64852253712067e-13,2.0849972799663234,L3,L3,False
75,102,-3.939106818506844e-17,2.8538819320786313e-05,L3,L3,False
75,107,-3.138278970027386e-17,-0.00029030565186243266,L3,L3,False
76,87,7.480029395878774e-15,0.03775301289085316,L3,L3,False
76,99,6.376429162457953e-16,-0.009168462701269952,L3,L3,False
76,102,-0.0010068471821415266,0.22724561636273985,L3,L3,False
76,103,-0.0,-2.619710620447392e-06,L3,L3,False
76,106,2.4403679981688246e-10,0.3626210140867932,L3,L3,False
76,107,-2.293715674588512,-2.2937318558145057,L3,L3,False
76,108,-0.0,1.3979353467168628e-05,L3,L3,False
76,110,-2.6261486318901464e-17,0.00014060147813080954,L3,L3,False
76,111,-5.291316718114558e-17,0.00026655098763998786,L3,L3,False
77,87,3.7340770348549235,3.7340775049394783,L3,L2,True
77,88,-1.276263780791709e-13,-0.23965280015614007,L3,L2,True
77,90,0.0,0.0005689844482133419,L3,L2,True
77,95,-4.519751247657577e-11,-0.14927624288657648,L3,L3,False
77,98,0.2140275698590966,4.179107128095661,L3,L3,False
77,99,0.20831915659096975,4.179237627801751,L3,L3,False
77,101,1.5381513027712402e-14,0.150761136711907,L3,L3,False
77,102,4.083213703567456,4.088341938123367,L3,L3,False
77,103,4.0773471710053855e-16,0.005927215125083607,L3,L3,False
77,106,1.5510233097870698e-16,-0.0022836651376050387,L3,L3,False
77,107,-4.803010614130779e-05,-0.44174264117072526,L3,L3,False
77,110,2.0428436368236323e-09,2.885206032727044,L3,L3,False
77,111,8.08260125495508e-14,0.08612254810835564,L3,L3,False
78,88,-4.463839763545874e-10,-0.8246024441226785,L3,L2,True
78,99,0.0,2.2884404770558752e-05,L3,L3,False
78,102,0.0,9.9194878154651e-06,L3,L3,False
78,107,-0.0,-1.4041447340367152e-06,L3,L3,False
79,107,-2.6334477888908837e-09,-0.1303309456597725,L3,L3,False
80,98,-0.0,-1.5539111487587516e-06,L3,L3,False
80,102,-2.043235170024582e-09,-0.44265889920132384,L3,L3,False
80,106,-6.05902448214124e-16,0.0003554201753576368,L3,L3,False
80,107,-2.3527003044305417,-2.3527063880927788,L3,L3,False
80,108,-6.15264643420943e-11,-0.08940073694914628,L3,L3,False
80,110,-2.5496500287234265e-10,-0.44230752804109963,L3,L3,False
80,111,-1.0424666886901328,-1.0408879761134395,L3,L3,False
80,117,-0.0,-1.3328635627129914e-06,L3,L3,False
81,111,2.6420605287109532e-08,0.38358504991445064,L3,L3,False
82,107,2.0767672050839182e-10,-0.12900289957806185,L3,L3,False
82,108,-4.479032014614859e-14,-0.023503201123849807,L3,L3,False
82,109,-1.1213447947966416e-16,-7.296058396283441e-05,L3,L3,False
82,110,-3.4538658415395852e-09,-0.5582320137670026,L3,L3,False
82,111,-0.05316271559547873,-0.053162715589703445,L3,L3,False
82,112,-2.4619128244871387e-05,-0.13064750614275808,L3,L3,False
82,113,-1.4616727031135924e-12,-0.5898482972988915,L3,L3,False
82,114,-9.784036736979348e-08,-0.13597979392202428,L3,L3,False
82,117,-0.2982098428543103,-0.5654789368833937,L3,L3,False
82,118,-8.880456192628117e-16,-0.0009124725094621204,L3,L3,False
82,121,-0.0,-3.789914612545446e-06,L3,L3,False
83,98,0.008129880632558104,4.183814143073702,L3,L3,False
83,99,8.628571679381025e-15,0.09311625736700457,L3,L3,False
83,101,4.775604115359044e-13,1.824870298987325,L3,L3,False
83,102,0.014400227285550724,2.6816493816364995,L3,L3,False
83,106,-7.637013021977168e-16,-0.0020195577168779636,L3,L3,False
83,107,-0.06913983971906129,-1.1095475596887183,L3,L3,False
83,108,1.472984401118538e-17,0.0018880743155456872,L3,L3,False
83,109,-2.0365368058605783e-16,-0.0005633140527455116,L3,L3,False
83,110,0.925650192823967,2.996609209352538,L3,L3,False
83,111,4.179396580304643,4.179836377831641,L3,L3,False
83,112,-3.5639394102560116e-15,-0.00892429173319599,L3,L3,False
83,113,9.941892189502254e-15,0.09148145247112485,L3,L3,False
83,117,8.310287796659239e-05,4.183998080919174,L3,L3,False
83,120,0.0,9.733023878409108e-05,L3,L3,False
83,121,-0.0,-1.020889343999958e-06,L3,L3,False
84,98,-0.0,-4.641641006321968e-06,L3,L3,False
84,111,-1.0487871904274472e-16,4.390692943855191e-05,L3,L3,False
85,117,-4.080019180628023e-09,-0.6340940004728248,L3,L3,False
85,118,-1.9159713371408318e-16,2.264152410882547e-05,L3,L3,False
85,120,-1.2612341837581198e-16,-0.000288692877064763,L3,L3,False
85,121,-0.2421215488168892,-0.19667449075645477,L3,L3,False
86,98,0.20672893903701636,2.7481249046132263,L3,L3,False
86,101,0.0,3.0822844501982725e-06,L3,L3,False
86,102,0.0,1.7899793305305518e-06,L3,L3,False
86,110,6.932376141355334e-13,1.9766950101266159,L3,L3,False
86,111,5.628528416679046e-13,0.8325680826999932,L3,L3,False
86,113,3.367175682722489e-14,0.3421922395391799,L3,L3,False
86,116,-1.1021997508819938e-12,-0.009954800013274008,L3,L3,False
86,117,4.072228000482875,4.072229231009204,L3,L3,False
86,118,-3.0323507421201158e-09,0.054014253934848856,L3,L3,False
86,119,6.856219805229102e-15,0.04576572984448308,L3,L3,False
86,120,4.089581149421232,4.090148271292116,L3,L3,False
86,121,-1.1500108307260888,-1.1500094051157357,L3,L3,False
86,122,-1.916203595797583e-16,0.0006558238837168758,L3,L3,False
86,123,-0.0,-4.584073630552596e-06,L3,L3,False
86,128,0.0,0.0003145439477756131,L3,L3,False
86,152,0.0,2.569453298180822e-06,L3,L3,False
87,97,0.0,4.079487004448385e-06,L3,L3,False
87,98,2.8687601732601995,2.8846115120104128,L3,L3,False
87,99,1.0761660842926282e-08,0.9617865679981162,L3,L3,False
87,102,3.637438753800737e-13,1.4908456437241988,L3,L3,False
87,110,0.0,2.0231807904719463e-05,L3,L3,False
87,117,2.0929315303064302e-15,0.011295505258178842,L3,L3,False
87,120,4.894239886255036e-14,0.22291634983459532,L3,L3,False
87,121,-2.1017178752913423e-15,-0.010472534332709506,L3,L3,False
88,98,-0.0,-1.8926853788102188e-06,L3,L3,False
88,121,-5.55449736339142e-13,-0.10225426851725859,L3,L3,False
89,117,-1.3471141446785849e-15,-0.005420916974403275,L3,L3,False
89,120,-6.236245173660595e-05,-0.5527864535936133,L3,L3,False
89,121,-1.4269650341785105,-1.4269650880013927,L3,L3,False
89,122,-7.692954851332701e-11,-0.0677883506680942,L3,L3,False
89,123,-4.3206504448473084e-05,-0.1396191266898203,L3,L3,False
90,117,0.0,1.9294986566379625e-05,L3,L3,False
90,120,0.06292274362882172,4.182561526777217,L3,L3,False
90,121,-1.881756401048298e-09,-0.5566052414788483,L3,L3,False
90,123,-5.648754196936556e-10,-0.29935326730770334,L3,L3,False
90,125,0.0,4.122664976725577e-06,L3,L3,False
90,152,1.531121358646903e-10,2.9165703107309597,L3,L3,False
90,155,-1.950238558712236e-12,-0.21508961599467474,L3,L3,False
91,120,-0.0,-3.0233505045284157e-06,L3,L3,False
91,123,3.1079507972098247e-13,-0.09383342997715219,L3,L3,False
91,152,-0.0,-3.2951225694522645e-05,L3,L3,False
91,155,-0.20962633200529043,-0.2868719745745002,L3,L3,False
91,156,-0.0,-1.4812901635441074e-06,L3,L3,False
92,155,-3.8198015388068996e-13,0.17511493337173417,L3,L3,False
92,157,0.0,1.0596799553043315e-06,L3,L3,False
93,151,0.45606135165321016,0.2885057529861449,L3,L3,False
93,152,1.7478735954767898e-11,3.4012581084273186,L3,L3,False
93,154,9.825301262951242e-09,-0.4202379090475536,L3,L3,False
93,155,-0.35298016648527913,-0.35298016509966795,L3,L3,False
93,156,0.4646921890297448,0.3019185923258413,L3,L3,False
93,157,1.560196107091518,2.070919653767874,L3,L3,False
93,158,-5.130431146582737e-16,-0.001111540465764908,L3,L3,False
93,159,0.0,1.0587725375516448e-05,L3,L3,False
93,160,1.290380322593876e-15,0.013245105928994345,L3,L3,False
94,120,-0.0003853385469951229,-0.3027357355812707,L3,L3,False
94,123,-4.492178765040933e-12,-0.3254315083331576,L3,L3,False
94,125,-1.947054881331738e-09,-0.8462466764002339,L3,L3,False
94,128,-1.694984193001403e-15,0.0028022217363907107,L3,L3,False
94,148,-1.9695534092534217e-16,0.00016105568311369613,L3,L3,False
94,151,-0.04714059470609108,-0.10485339115841807,L3,L3,False
94,152,-0.7326265199126735,-0.7327419864184479,L3,L3,False
94,153,-1.7876460323762445e-12,-0.17861521495543312,L3,L3,False
94,154,-6.012743544516752e-12,-0.05971449790032601,L3,L3,False
94,155,-1.374831162854469,-1.3748315806180824,L3,L3,False
94,156,-6.915831312070964e-15,-0.004257916034670011,L3,L3,False
95,120,-0.0,-3.744183204896072e-06,L3,L3,False
95,151,-3.2673218797185655e-16,-0.00020246130756222346,L3,L3,False
95,152,-0.0,-7.353395023742392e-05,L3,L3,False
95,155,-1.6792486690064834e-15,-0.0003370475545962898,L3,L3,False
96,148,1.4099831748719537e-11,2.5308022760283224,L3,L3,False
96,151,-0.0041280739789708015,1.3897823469439314,L3,L3,False
96,152,2.5697190686457815e-15,0.02852969283274707,L3,L3,False
96,155,2.087188516952665e-13,0.8976773875597539,L3,L3,False
96,157,5.889323577932526e-10,2.447309175069495,L3,L3,False
96,160,3.046933033878929e-13,1.0209629377263114,L3,L3,False
97,110,0.0,1.0095787824453646e-05,L3,L3,False
97,120,4.9512435928988906e-11,0.39726738501999076,L3,L3,False
97,128,0.0,3.047871388229455e-05,L3,L3,False
97,129,0.0,6.1325887856154624e-06,L3,L3,False
97,132,4.9006576574583964e-14,0.04447772262514528,L3,L3,False
97,145,0.0,2.1079304011608145e-06,L3,L3,False
97,147,-5.257131584416985e-11,0.17420580805547606,L3,L3,False
97,148,3.834172547938081,3.834174200040122,L3,L3,False
97,149,5.751202896195905e-07,0.5030424835192665,L3,L3,False
97,150,4.031022145113638e-11,0.21706453220552915,L3,L3,False
97,151,0.015333073144133492,0.015333073165617803,L3,L3,False
97,152,2.3486036530776055,2.348603861736811,L3,L3,False
97,153,-1.7565058414881207e-13,0.10893402911607525,L3,L3,False
97,154,1.1153989731838011e-16,0.0008292133635157363,L3,L3,False
97,155,-8.610858935222176e-08,0.19555993727225388,L3,L3,False
97,157,1.8424150205476053e-16,0.00036032124219632596,L3,L3,False
97,159,2.1725101280622996e-13,0.16692115163567803,L3,L3,False
97,160,0.0,9.246201711366603e-05,L3,L3,False
98,110,0.0020745752945950193,2.6773892052160377,L3,L3,False
98,113,2.57752760468577e-15,0.023477869884414835,L3,L3,False
98,116,-7.9242008510505e-17,-0.0003435476223268136,L3,L3,False
98,117,1.4465459818968628e-10,4.1729578796958755,L3,L3,False
98,120,1.0472778870627762e-05,4.183999607661058,L3,L3,False
98,148,1.0274562554293266e-10,2.6667373834276917,L3,L3,False
98,151,2.26348602971882e-15,0.1911175787803169,L3,L3,False
98,152,2.9614107321687954e-07,2.9224791324299106,L3,L3,False
99,110,2.543157968659671e-14,0.17918505483059674,L3,L3,False
99,148,1.3624060546391093e-15,0.00966591644549363,L3,L3,False
99,151,-0.0,1.911932601388548e-06,L3,L3,False
100,110,-1.7574362232153363e-14,-0.03133003070495667,L3,L3,False
100,144,-1.94648230860464e-09,-0.21249334561232344,L3,L3,False
100,145,-3.618775679115061e-16,0.0001353517025063775,L3,L3,False
100,147,-1.6517016035718115e-09,-0.2124912010105024,L3,L3,False
100,148,-2.4725245455003706,-2.4725272575284816,L3,L3,False
100,149,-0.0,-2.486250449205435e-05,L3,L3,False
100,151,-6.251439031228847e-06,-0.08958526358700102,L3,L3,False
100,152,-8.249623100198278e-15,-0.018147764335118974,L3,L3,False
100,160,-6.377822714398463e-17,0.0005071895686488718,L3,L3,False
101,111,2.356589234864259e-16,0.00083090888761621,L3,L3,False
101,112,0.0,2.338560271744898e-05,L3,L3,False
101,113,3.051865737495095e-06,2.995910974191794,L3,L3,False
101,116,-2.3533894073501927e-14,0.04531883587848102,L3,L3,False
101,117,1.9799353712102175e-16,0.001836057525190177,L3,L3,False
101,120,0.0,1.3670582777502665e-05,L3,L3,False
101,132,1.9826538224748889e-10,3.0948830061046264,L3,L3,False
101,135,-7.766961740429678e-17,0.00016324653532119026,L3,L3,False
101,137,4.1674959109870763e-07,2.10450855005117,L3,L3,False
101,144,-1.5756427274027375e-17,-0.0015954630053495523,L3,L3,False
101,145,1.2113457814511008e-11,0.6513127400020063,L3,L3,False
101,148,1.742254403583467,2.3104110498820383,L3,L3,False
101,149,3.802171759659246e-15,0.03829744130730358,L3,L3,False
101,151,-0.0,7.620258021114025e-05,L3,L3,False
101,152,1.1782569590135241e-12,2.437945694831293,L3,L3,False
102,113,0.0,2.22784742236813e-05,L3,L3,False
103,148,0.0,0.0009932981184398962,L3,L3,False
104,137,-3.5837642187668963e-06,-0.23045793475956924,L3,L3,False
104,140,-0.0,5.308769247094065e-06,L3,L3,False
104,141,-6.768552901800733e-08,-0.14409692833849055,L3,L3,False
104,144,-8.046850720070829e-06,-0.15506565962823604,L3,L3,False
104,145,-2.8210524111971224e-12,-0.08323814691161488,L3,L3,False
104,148,-4.887111072356527e-09,0.3768864099587645,L3,L3,False
105,135,-3.62717113278066e-14,0.06457411227263818,L3,L3,False
105,136,-1.2045788650993926e-14,-0.4407033169611797,L3,L3,False
105,137,0.2373800105606165,1.3189311939956243,L3,L3,False
105,140,-7.72004549176586e-17,-0.00033188763552983503,L3,L3,False
105,141,-1.2321298514805791e-15,0.00807387889718229,L3,L3,False
105,145,0.0,0.00012297925674511524,L3,L3,False
105,148,0.0,1.122463317743154e-05,L3,L3,False
109,135,5.4116267023118786e-18,7.496044145234755e-05,L3,L3,False
109,136,-7.632948495484016e-17,-1.0421338282936027e-05,L3,L3,False
109,137,7.024140417151159e-12,-0.1341432291751526,L3,L3,False
110,132,0.0,0.0001709897686287075,L3,L3,False
110,137,4.633602570818241e-12,1.7525905262764494,L3,L3,False
110,148,0.0,3.1047240037522517e-06,L3,L3,False
112,135,3.788138691618315e-17,0.0005026015997890003,L3,L3,False
113,128,1.6067168894773331e-12,1.1468480242954335,L2,L3,True
113,131,-3.0208780709251745e-07,-0.470197838779094,L2,L3,True
113,132,0.01026777786005626,2.9237023401521167,L3,L3,False
113,134,-9.954043497906184e-14,-0.19238348752018322,L3,L3,False
113,135,-0.00016782110230602768,0.041624064892106453,L3,L3,False
113,137,1.0294088292907678e-08,2.7438809631067316,L3,L3,False
114,131,-1.4591417851761438e-14,-0.009505875223702904,L2,L3,True
115,127,-4.491780320670102e-13,-0.08523798172980279,L2,L3,True
115,128,-5.683624353317641e-10,0.038946072600149456,L2,L3,True
115,130,-0.0,-1.05608917230427e-06,L2,L3,True
115,131,0.6861735438401357,0.6861494331948071,L2,L3,True
115,132,-1.57565329517162e-13,-0.226245960205183,L3,L3,False
115,134,-3.225218954812093e-11,-0.21038162235590754,L3,L3,False
116,127,-3.911685094380424e-10,-0.0475992493817672,L2,L3,True
116,128,-0.8433639914215735,-0.8433639916777987,L2,L3,True
116,129,-4.463299118045993e-10,-0.0028864382201610247,L2,L3,True
116,130,-9.840510728409413e-13,-0.009858474657530251,L2,L3,True
116,131,-0.07169420198395314,-0.07169420198169198,L2,L3,True
116,132,-1.4130111814373512,-1.4130112925709062,L3,L3,False
116,133,-5.638224054305141e-14,-0.001186874928931382,L3,L3,False
116,134,-2.009698575425878e-09,-0.13956134292067687,L3,L3,False
116,135,-2.4613515459843697e-10,0.10328580894398696,L3,L3,False
116,137,-0.0,2.676253184925477e-05,L3,L3,False
116,149,-1.4079447772097352e-13,0.03432502475064879,L3,L3,False
116,152,-2.986010983601899e-09,0.04179669244501962,L3,L3,False
117,128,1.9623812154812017e-08,0.40040082918057207,L2,L3,True
117,131,-6.138734491845099e-14,-0.11764384726250132,L2,L3,True
117,132,6.130827245875992e-15,0.06711029455066526,L3,L3,False
118,128,-1.8046905194076453e-08,0.17455543559673603,L2,L3,True
118,131,-1.1048310935606764e-10,-0.2122938621628232,L2,L3,True
119,129,1.1674943689687468e-10,0.6608681356284339,L2,L3,True
119,130,2.3259652750731164e-11,1.6682221371891404,L2,L3,True
119,131,-2.467756432060434,-2.471360622958293,L2,L3,True
119,132,4.782917996620295e-10,3.097931161664229,L3,L3,False
119,152,2.1594446031336647e-13,1.3321037425009283,L3,L3,False
120,131,-3.9747298383741033e-13,-0.35133344665694594,L2,L3,True
120,132,1.5381382702734926e-10,4.173613771740376,L3,L3,False
120,149,0.0,1.0301070835176952e-06,L3,L3,False
120,152,1.1268762619932085,3.0563954716913164,L3,L3,False
120,153,-0.0,-7.430668319554674e-05,L3,L3,False
123,152,-0.0,-0.00010660754077705452,L3,L3,False
123,155,-0.0,-1.7145668410902774e-06,L3,L3,False
124,152,-0.0,-2.1983612737830295e-05,L3,L3,False
124,153,-0.0,-2.565001997534181e-05,L3,L3,False
125,149,3.4257966063933055e-15,0.014797286177415814,L3,L3,False
125,150,-0.0,0.00010106904715325301,L3,L3,False
125,151,-0.0,6.896392477511031e-05,L3,L3,False
125,152,1.501676448482749,2.7756448656697,L3,L3,False
125,153,-1.2499761488156331,-1.2499766814788453,L3,L3,False
125,154,-1.0102022906654928e-05,0.529974245136914,L3,L3,False
125,155,5.067057052493376e-07,-0.13443098761958458,L3,L3,False
126,149,-0.0,-1.2154168420094788e-05,L3,L3,False
126,152,-5.667334193049101e-15,-0.015018577840621617,L3,L3,False
126,153,1.29265510151526,1.3164903780386383,L3,L3,False
126,154,-1.0209626033486076e-16,-3.258596070317988e-05,L3,L3,False
127,152,-0.0,-2.7014306378453484e-06,L3,L3,False
127,153,-5.178160300545187e-16,-0.004880642142260263,L3,L3,False
128,149,2.4133518570224057e-08,0.5030341804072692,L3,L3,False
128,152,2.3185630694729467,2.3516793406024,L3,L3,False
128,153,-5.574493373078051e-06,0.17455004175464164,L3,L3,False
129,145,0.0,8.544259514872887e-05,L3,L3,False
129,146,-1.0915252684373656e-11,0.09523340910084035,L3,L3,False
129,148,7.675266022744154e-15,0.02865319121435111,L3,L3,False
129,149,4.144872617833727,4.144872727672412,L3,L3,False
129,150,2.0333881573729317e-06,0.21723399103090493,L3,L3,False
129,151,2.2679779121403952e-15,0.01462036389804026,L3,L3,False
129,152,2.3451107536853306,2.363655294542048,L3,L3,False
129,153,-0.09451640724102311,-0.09451640720821088,L3,L3,False
129,154,2.88256274636467e-13,0.19593199679700146,L3,L3,False
130,149,1.1607972066736139e-10,2.8762621718234525,L3,L3,False
130,152,0.0,2.4073119593069623e-06,L3,L3,False
130,153,-1.001990601423586e-12,0.05065826372680337,L3,L3,False
131,149,-3.566664268817022e-14,-0.10294801251236331,L3,L3,False
131,152,-0.0,-6.790597268605377e-05,L3,L3,False
132,145,0.0013628251944767895,0.40164120270840764,L3,L3,False
132,146,-1.4078591898947226e-12,-0.2528973771274046,L3,L3,False
132,148,1.3319988474680338e-06,2.676671851199029,L3,L3,False
132,149,4.080888091187375,4.0808917586827524,L3,L3,False
132,150,0.0,5.7067402110737524e-05,L3,L3,False
132,151,0.0,1.464329869293636e-06,L3,L3,False
132,152,0.02709132755914841,2.925701581248714,L3,L3,False
132,153,-4.7801182760309755e-12,-0.29636752652741744,L3,L3,False
133,145,0.004919225313369387,0.3878820335250822,L3,L2,True
133,146,-5.350315357361521e-05,0.0967196759651771,L3,L2,True
133,148,0.0,3.4208642597392874e-05,L3,L3,False
133,149,3.9252329811138496,3.9563445250393214,L3,L3,False
133,152,0.0,5.7756754919644425e-06,L3,L3,False
133,153,-0.0,2.853174663247887e-05,L3,L3,False
134,145,-0.0,1.9336787562788088e-06,L3,L2,True
134,149,-0.0,-3.5078830348608976e-06,L3,L3,False
135,145,-9.976846109016161e-05,-0.0029863946879023777,L3,L2,True
135,149,-7.009682390091143e-15,0.0030304300517704106,L3,L3,False
137,148,3.258240994524542e-11,1.8179018728670067,L3,L3,False
137,149,5.842886434237471e-14,0.22095775464562417,L3,L3,False
138,148,1.620144182812311e-13,0.9959948665193418,L3,L3,False
138,149,5.0784923696133986e-05,0.9618556721150515,L3,L3,False
143,159,-6.284607096063156e-14,0.014874832804191312,L2,L3,True
143,163,-4.010998072789818e-13,-0.3524912354969736,L2,L3,True
144,159,-1.5568743698679556e-14,0.022413944548818378,L2,L3,True
144,163,-5.830621319091734e-17,-0.000248317541333699,L2,L3,True
145,159,0.0,6.196182283143492e-06,L2,L3,True
146,159,-0.00012556707702054192,0.09664392093606239,L2,L3,True
147,157,-2.3669061643971647e-15,-0.01670914625815219,L2,L2,False
147,158,1.5882000703903999e-13,0.04841838298275631,L2,L2,False
147,159,-0.006977271894264244,-0.00697727189203068,L2,L2,False
147,160,0.4410069639508555,0.5950147240945399,L2,L2,False
147,161,-6.660342144471087e-16,-0.0007313048444417025,L2,L2,False
147,162,-8.136054986508157e-11,-0.21221826000965802,L2,L2,False
147,163,-0.00017574008202188768,-0.3025864934337537,L2,L2,False
148,159,1.3513434917760188e-05,1.3642018772674689,L2,L2,False
148,160,2.4087099355085687e-14,0.22502855675342204,L2,L2,False
149,159,2.6177106052127643e-08,0.5030348192927562,L2,L2,False
150,160,-4.782080288001645e-11,-0.24636294686575114,L2,L2,False
150,161,-0.0,-2.7607783558753673e-05,L2,L2,False
150,162,-7.295708925880717e-17,-4.870705695211221e-05,L2,L2,False
