protein_id,seg_i,seg_j,seg_type_i,seg_type_j,seg_end_i,seg_end_j,emergence_gap_residues,emergence_gap_seconds
CI2,0,1,B,A,9,30,21,1.26
CI2,0,3,B,B,9,52,43,2.58
CI2,0,4,B,B,9,64,55,3.3
CI2,1,2,A,B,30,41,11,0.6599999999999999
CI2,1,3,A,B,30,52,22,1.3199999999999998
CI2,1,4,A,B,30,64,34,2.04
CI2,2,3,B,B,41,52,11,0.6599999999999999
CI2,2,4,B,B,41,64,23,1.38
CI2,3,4,B,B,52,64,12,0.72
DHFR_ecoli,0,1,A,B,19,45,26,1.56
DHFR_ecoli,0,2,A,A,19,59,40,2.4
DHFR_ecoli,0,4,A,A,19,91,72,4.32
DHFR_ecoli,0,5,A,B,19,101,82,4.92
DHFR_ecoli,0,6,A,B,19,111,92,5.52
DHFR_ecoli,0,7,A,A,19,143,124,7.4399999999999995
DHFR_ecoli,0,8,A,B,19,158,139,8.34
DHFR_ecoli,1,2,B,A,45,59,14,0.84
DHFR_ecoli,1,3,B,B,45,69,24,1.44
DHFR_ecoli,1,4,B,A,45,91,46,2.76
DHFR_ecoli,1,5,B,B,45,101,56,3.36
DHFR_ecoli,1,6,B,B,45,111,66,3.96
DHFR_ecoli,1,7,B,A,45,143,98,5.88
DHFR_ecoli,1,8,B,B,45,158,113,6.779999999999999
DHFR_ecoli,2,3,A,B,59,69,10,0.6
DHFR_ecoli,2,4,A,A,59,91,32,1.92
DHFR_ecoli,2,5,A,B,59,101,42,2.52
DHFR_ecoli,2,7,A,A,59,143,84,5.04
DHFR_ecoli,3,4,B,A,69,91,22,1.3199999999999998
DHFR_ecoli,3,5,B,B,69,101,32,1.92
DHFR_ecoli,3,6,B,B,69,111,42,2.52
DHFR_ecoli,4,5,A,B,91,101,10,0.6
DHFR_ecoli,4,6,A,B,91,111,20,1.2
DHFR_ecoli,5,6,B,B,101,111,10,0.6
DHFR_ecoli,5,7,B,A,101,143,42,2.52
DHFR_ecoli,6,7,B,A,111,143,32,1.92
DHFR_ecoli,6,8,B,B,111,158,47,2.82
DHFR_ecoli,7,8,A,B,143,158,15,0.8999999999999999
F01,0,2,B,A,10,53,43,2.58
F01,0,3,B,A,10,68,58,3.48
F01,0,4,B,B,10,85,75,4.5
F01,1,2,A,A,23,53,30,1.7999999999999998
F01,1,3,A,A,23,68,45,2.6999999999999997
F01,1,4,A,B,23,85,62,3.7199999999999998
F01,2,3,A,A,53,68,15,0.8999999999999999
F01,2,4,A,B,53,85,32,1.92
F01,3,4,A,B,68,85,17,1.02
F02,0,1,A,A,20,47,27,1.6199999999999999
F02,0,2,A,A,20,71,51,3.06
F02,0,3,A,A,20,98,78,4.68
F02,0,4,A,A,20,140,120,7.199999999999999
F02,0,5,A,A,20,161,141,8.459999999999999
F02,0,12,A,B,20,356,336,20.16
F02,0,13,A,A,20,373,353,21.18
F02,1,2,A,A,47,71,24,1.44
F02,1,3,A,A,47,98,51,3.06
F02,1,4,A,A,47,140,93,5.58
F02,1,5,A,A,47,161,114,6.84
F02,1,6,A,A,47,197,150,9.0
F02,1,7,A,A,47,224,177,10.62
F02,1,8,A,A,47,269,222,13.32
F02,1,10,A,B,47,296,249,14.94
F02,1,11,A,A,47,344,297,17.82
F02,1,12,A,B,47,356,309,18.54
F02,1,13,A,A,47,373,326,19.56
F02,2,3,A,A,71,98,27,1.6199999999999999
F02,2,4,A,A,71,140,69,4.14
F02,2,5,A,A,71,161,90,5.3999999999999995
F02,2,6,A,A,71,197,126,7.56
F02,2,10,A,B,71,296,225,13.5
F02,2,11,A,A,71,344,273,16.38
F02,2,12,A,B,71,356,285,17.099999999999998
F02,2,13,A,A,71,373,302,18.12
F02,3,4,A,A,98,140,42,2.52
F02,3,5,A,A,98,161,63,3.78
F02,3,6,A,A,98,197,99,5.9399999999999995
F02,3,11,A,A,98,344,246,14.76
F02,4,5,A,A,140,161,21,1.26
F02,4,6,A,A,140,197,57,3.42
F02,4,10,A,B,140,296,156,9.36
F02,4,11,A,A,140,344,204,12.24
F02,5,6,A,A,161,197,36,2.16
F02,5,11,A,A,161,344,183,10.98
F02,5,12,A,B,161,356,195,11.7
F02,5,13,A,A,161,373,212,12.719999999999999
F02,6,7,A,A,197,224,27,1.6199999999999999
F02,6,8,A,A,197,269,72,4.32
F02,6,9,A,B,197,284,87,5.22
F02,6,10,A,B,197,296,99,5.9399999999999995
F02,6,11,A,A,197,344,147,8.82
F02,6,12,A,B,197,356,159,9.54
F02,6,13,A,A,197,373,176,10.559999999999999
F02,7,8,A,A,224,269,45,2.6999999999999997
F02,7,9,A,B,224,284,60,3.5999999999999996
F02,7,10,A,B,224,296,72,4.32
F02,7,11,A,A,224,344,120,7.199999999999999
F02,7,12,A,B,224,356,132,7.92
F02,7,13,A,A,224,373,149,8.94
F02,8,9,A,B,269,284,15,0.8999999999999999
F02,8,10,A,B,269,296,27,1.6199999999999999
F02,8,11,A,A,269,344,75,4.5
F02,8,12,A,B,269,356,87,5.22
F02,8,13,A,A,269,373,104,6.24
F02,9,10,B,B,284,296,12,0.72
F02,9,11,B,A,284,344,60,3.5999999999999996
F02,10,11,B,A,296,344,48,2.88
F02,11,13,A,A,344,373,29,1.74
F02,12,13,B,A,356,373,17,1.02
F03,0,1,B,A,13,33,20,1.2
F03,0,2,B,A,13,67,54,3.2399999999999998
F03,0,3,B,B,13,77,64,3.84
F03,0,4,B,B,13,88,75,4.5
F03,1,2,A,A,33,67,34,2.04
F03,1,3,A,B,33,77,44,2.6399999999999997
F03,1,4,A,B,33,88,55,3.3
F03,2,3,A,B,67,77,10,0.6
F03,2,4,A,B,67,88,21,1.26
F03,3,4,B,B,77,88,11,0.6599999999999999
F04,0,1,B,A,11,23,12,0.72
F04,0,2,B,A,11,62,51,3.06
F04,0,7,B,B,11,164,153,9.18
F04,0,11,B,B,11,242,231,13.86
F04,0,12,B,B,11,254,243,14.58
F04,0,13,B,B,11,265,254,15.24
F04,1,2,A,A,23,62,39,2.34
F04,1,7,A,B,23,164,141,8.459999999999999
F04,1,8,A,B,23,176,153,9.18
F04,1,10,A,B,23,224,201,12.059999999999999
F04,1,11,A,B,23,242,219,13.139999999999999
F04,1,12,A,B,23,254,231,13.86
F04,1,13,A,B,23,265,242,14.52
F04,2,3,A,A,62,83,21,1.26
F04,2,4,A,B,62,95,33,1.98
F04,2,5,A,B,62,107,45,2.6999999999999997
F04,2,6,A,A,62,146,84,5.04
F04,2,7,A,B,62,164,102,6.12
F04,2,8,A,B,62,176,114,6.84
F04,2,9,A,A,62,212,150,9.0
F04,2,10,A,B,62,224,162,9.719999999999999
F04,2,11,A,B,62,242,180,10.799999999999999
F04,2,13,A,B,62,265,203,12.18
F04,3,4,A,B,83,95,12,0.72
F04,3,5,A,B,83,107,24,1.44
F04,3,6,A,A,83,146,63,3.78
F04,3,9,A,A,83,212,129,7.739999999999999
F04,4,5,B,B,95,107,12,0.72
F04,4,6,B,A,95,146,51,3.06
F04,4,9,B,A,95,212,117,7.02
F04,5,6,B,A,107,146,39,2.34
F04,5,9,B,A,107,212,105,6.3
F04,6,7,A,B,146,164,18,1.08
F04,6,8,A,B,146,176,30,1.7999999999999998
F04,6,9,A,A,146,212,66,3.96
F04,6,10,A,B,146,224,78,4.68
F04,7,9,B,A,164,212,48,2.88
F04,7,10,B,B,164,224,60,3.5999999999999996
F04,7,11,B,B,164,242,78,4.68
F04,8,9,B,A,176,212,36,2.16
F04,8,10,B,B,176,224,48,2.88
F04,8,11,B,B,176,242,66,3.96
F04,9,10,A,B,212,224,12,0.72
F04,9,11,A,B,212,242,30,1.7999999999999998
F04,9,12,A,B,212,254,42,2.52
F04,9,13,A,B,212,265,53,3.1799999999999997
F04,10,11,B,B,224,242,18,1.08
F04,10,12,B,B,224,254,30,1.7999999999999998
F04,10,13,B,B,224,265,41,2.46
F04,11,12,B,B,242,254,12,0.72
F04,11,13,B,B,242,265,23,1.38
F05,0,1,A,B,15,27,12,0.72
F05,0,2,A,B,15,37,22,1.3199999999999998
F05,0,3,A,B,15,47,32,1.92
F05,0,5,A,B,15,71,56,3.36
F05,0,6,A,B,15,86,71,4.26
F05,0,7,A,B,15,98,83,4.9799999999999995
F05,1,3,B,B,27,47,20,1.2
F05,1,4,B,B,27,57,30,1.7999999999999998
F05,1,5,B,B,27,71,44,2.6399999999999997
F05,1,6,B,B,27,86,59,3.54
F05,1,7,B,B,27,98,71,4.26
F05,2,3,B,B,37,47,10,0.6
F05,2,4,B,B,37,57,20,1.2
F05,2,5,B,B,37,71,34,2.04
F05,2,6,B,B,37,86,49,2.94
F05,2,7,B,B,37,98,61,3.6599999999999997
F05,3,4,B,B,47,57,10,0.6
F05,3,5,B,B,47,71,24,1.44
F05,3,6,B,B,47,86,39,2.34
F05,3,7,B,B,47,98,51,3.06
F05,4,5,B,B,57,71,14,0.84
F05,4,6,B,B,57,86,29,1.74
F05,4,7,B,B,57,98,41,2.46
F05,5,6,B,B,71,86,15,0.8999999999999999
F05,5,7,B,B,71,98,27,1.6199999999999999
F05,6,7,B,B,86,98,12,0.72
F06,0,1,B,A,12,25,13,0.78
F06,0,2,B,A,12,47,35,2.1
F06,0,3,B,B,12,61,49,2.94
F06,0,4,B,A,12,84,72,4.32
F06,0,10,B,B,12,173,161,9.66
F06,1,2,A,A,25,47,22,1.3199999999999998
F06,1,3,A,B,25,61,36,2.16
F06,1,4,A,A,25,84,59,3.54
F06,2,3,A,B,47,61,14,0.84
F06,2,4,A,A,47,84,37,2.2199999999999998
F06,2,7,A,A,47,136,89,5.34
F06,2,8,A,B,47,151,104,6.24
F06,2,10,A,B,47,173,126,7.56
F06,3,4,B,A,61,84,23,1.38
F06,3,7,B,A,61,136,75,4.5
F06,3,8,B,B,61,151,90,5.3999999999999995
F06,3,9,B,B,61,161,100,6.0
F06,3,10,B,B,61,173,112,6.72
F06,4,7,A,A,84,136,52,3.12
F06,4,8,A,B,84,151,67,4.02
F06,4,10,A,B,84,173,89,5.34
F06,5,6,B,A,97,117,20,1.2
F06,5,7,B,A,97,136,39,2.34
F06,5,8,B,B,97,151,54,3.2399999999999998
F06,5,9,B,B,97,161,64,3.84
F06,5,10,B,B,97,173,76,4.56
F06,6,7,A,A,117,136,19,1.14
F06,6,8,A,B,117,151,34,2.04
F06,6,9,A,B,117,161,44,2.6399999999999997
F06,6,10,A,B,117,173,56,3.36
F06,7,8,A,B,136,151,15,0.8999999999999999
F06,7,9,A,B,136,161,25,1.5
F06,7,10,A,B,136,173,37,2.2199999999999998
F06,8,9,B,B,151,161,10,0.6
F06,8,10,B,B,151,173,22,1.3199999999999998
F06,9,10,B,B,161,173,12,0.72
F07,0,1,B,B,9,20,11,0.6599999999999999
F07,0,2,B,A,9,76,67,4.02
F07,0,3,B,B,9,88,79,4.74
F07,0,4,B,B,9,102,93,5.58
F07,1,2,B,A,20,76,56,3.36
F07,1,3,B,B,20,88,68,4.08
F07,1,4,B,B,20,102,82,4.92
F07,2,3,A,B,76,88,12,0.72
F07,2,4,A,B,76,102,26,1.56
F07,3,4,B,B,88,102,14,0.84
F08,0,1,B,A,12,37,25,1.5
F08,0,2,B,B,12,49,37,2.2199999999999998
F08,0,3,B,A,12,61,49,2.94
F08,0,4,B,B,12,71,59,3.54
F08,0,5,B,B,12,81,69,4.14
F08,1,2,A,B,37,49,12,0.72
F08,1,3,A,A,37,61,24,1.44
F08,1,4,A,B,37,71,34,2.04
F08,1,5,A,B,37,81,44,2.6399999999999997
F08,2,3,B,A,49,61,12,0.72
F08,2,4,B,B,49,71,22,1.3199999999999998
F08,2,5,B,B,49,81,32,1.92
F08,3,4,A,B,61,71,10,0.6
F08,4,5,B,B,71,81,10,0.6
F09,0,1,A,B,31,43,12,0.72
F09,0,2,A,B,31,54,23,1.38
F09,0,3,A,A,31,70,39,2.34
F09,0,5,A,A,31,99,68,4.08
F09,0,6,A,A,31,117,86,5.16
F09,0,7,A,A,31,149,118,7.08
F09,0,8,A,B,31,159,128,7.68
F09,0,9,A,B,31,171,140,8.4
F09,0,10,A,B,31,185,154,9.24
F09,1,2,B,B,43,54,11,0.6599999999999999
F09,1,3,B,A,43,70,27,1.6199999999999999
F09,1,4,B,A,43,87,44,2.6399999999999997
F09,1,6,B,A,43,117,74,4.4399999999999995
F09,1,7,B,A,43,149,106,6.359999999999999
F09,1,9,B,B,43,171,128,7.68
F09,1,10,B,B,43,185,142,8.52
F09,2,3,B,A,54,70,16,0.96
F09,2,4,B,A,54,87,33,1.98
F09,2,5,B,A,54,99,45,2.6999999999999997
F09,2,6,B,A,54,117,63,3.78
F09,2,7,B,A,54,149,95,5.7
F09,3,4,A,A,70,87,17,1.02
F09,3,5,A,A,70,99,29,1.74
F09,3,6,A,A,70,117,47,2.82
F09,3,7,A,A,70,149,79,4.74
F09,4,5,A,A,87,99,12,0.72
F09,4,6,A,A,87,117,30,1.7999999999999998
F09,4,7,A,A,87,149,62,3.7199999999999998
F09,5,6,A,A,99,117,18,1.08
F09,5,7,A,A,99,149,50,3.0
F09,6,7,A,A,117,149,32,1.92
F09,7,8,A,B,149,159,10,0.6
F09,7,9,A,B,149,171,22,1.3199999999999998
F09,7,10,A,B,149,185,36,2.16
F09,8,10,B,B,159,185,26,1.56
F09,9,10,B,B,171,185,14,0.84
F10,0,2,A,B,12,36,24,1.44
F10,0,3,A,A,12,55,43,2.58
F10,0,4,A,A,12,78,66,3.96
F10,0,5,A,B,12,90,78,4.68
F10,0,6,A,B,12,103,91,5.46
F10,1,2,B,B,24,36,12,0.72
F10,1,3,B,A,24,55,31,1.8599999999999999
F10,1,4,B,A,24,78,54,3.2399999999999998
F10,1,5,B,B,24,90,66,3.96
F10,1,6,B,B,24,103,79,4.74
F10,2,3,B,A,36,55,19,1.14
F10,2,4,B,A,36,78,42,2.52
F10,2,5,B,B,36,90,54,3.2399999999999998
F10,3,4,A,A,55,78,23,1.38
F10,4,5,A,B,78,90,12,0.72
F10,4,6,A,B,78,103,25,1.5
F11,0,1,A,A,40,64,24,1.44
F11,0,2,A,A,40,83,43,2.58
F11,0,3,A,A,40,104,64,3.84
F11,0,4,A,A,40,130,90,5.3999999999999995
F11,0,5,A,B,40,140,100,6.0
F11,1,2,A,A,64,83,19,1.14
F11,1,3,A,A,64,104,40,2.4
F11,1,4,A,A,64,130,66,3.96
F11,1,5,A,B,64,140,76,4.56
F11,2,3,A,A,83,104,21,1.26
F11,2,4,A,A,83,130,47,2.82
F11,3,4,A,A,104,130,26,1.56
F11,3,5,A,B,104,140,36,2.16
F11,4,5,A,B,130,140,10,0.6
F12,0,1,B,B,9,30,21,1.26
F12,0,2,B,B,9,40,31,1.8599999999999999
F12,0,3,B,A,9,53,44,2.6399999999999997
F12,0,4,B,A,9,79,70,4.2
F12,0,6,B,B,9,107,98,5.88
F12,0,7,B,B,9,121,112,6.72
F12,1,2,B,B,30,40,10,0.6
F12,1,3,B,A,30,53,23,1.38
F12,1,4,B,A,30,79,49,2.94
F12,1,6,B,B,30,107,77,4.62
F12,1,7,B,B,30,121,91,5.46
F12,2,3,B,A,40,53,13,0.78
F12,2,4,B,A,40,79,39,2.34
F12,2,6,B,B,40,107,67,4.02
F12,2,7,B,B,40,121,81,4.859999999999999
F12,3,4,A,A,53,79,26,1.56
F12,3,5,A,B,53,90,37,2.2199999999999998
F12,3,6,A,B,53,107,54,3.2399999999999998
F12,3,7,A,B,53,121,68,4.08
F12,4,5,A,B,79,90,11,0.6599999999999999
F12,4,6,A,B,79,107,28,1.68
F12,4,7,A,B,79,121,42,2.52
F12,5,6,B,B,90,107,17,1.02
F12,6,7,B,B,107,121,14,0.84
F13,0,1,A,A,15,29,14,0.84
F13,0,2,A,B,15,40,25,1.5
F13,0,3,A,A,15,53,38,2.28
F13,0,4,A,A,15,75,60,3.5999999999999996
F13,0,5,A,A,15,107,92,5.52
F13,0,6,A,B,15,117,102,6.12
F13,1,2,A,B,29,40,11,0.6599999999999999
F13,1,3,A,A,29,53,24,1.44
F13,1,4,A,A,29,75,46,2.76
F13,1,5,A,A,29,107,78,4.68
F13,1,6,A,B,29,117,88,5.279999999999999
F13,2,3,B,A,40,53,13,0.78
F13,2,4,B,A,40,75,35,2.1
F13,2,5,B,A,40,107,67,4.02
F13,2,6,B,B,40,117,77,4.62
F13,3,4,A,A,53,75,22,1.3199999999999998
F13,3,5,A,A,53,107,54,3.2399999999999998
F13,4,5,A,A,75,107,32,1.92
F13,4,6,A,B,75,117,42,2.52
F13,5,6,A,B,107,117,10,0.6
F14,0,1,B,B,10,23,13,0.78
F14,0,2,B,B,10,34,24,1.44
F14,0,3,B,B,10,44,34,2.04
F14,0,4,B,B,10,54,44,2.6399999999999997
F14,0,5,B,A,10,89,79,4.74
F14,0,8,B,B,10,123,113,6.779999999999999
F14,0,9,B,B,10,137,127,7.62
F14,1,2,B,B,23,34,11,0.6599999999999999
F14,1,4,B,B,23,54,31,1.8599999999999999
F14,1,5,B,A,23,89,66,3.96
F14,1,7,B,A,23,113,90,5.3999999999999995
F14,1,8,B,B,23,123,100,6.0
F14,1,9,B,B,23,137,114,6.84
F14,2,3,B,B,34,44,10,0.6
F14,2,4,B,B,34,54,20,1.2
F14,2,5,B,A,34,89,55,3.3
F14,2,9,B,B,34,137,103,6.18
F14,3,4,B,B,44,54,10,0.6
F14,3,5,B,A,44,89,45,2.6999999999999997
F14,4,5,B,A,54,89,35,2.1
F14,4,6,B,B,54,100,46,2.76
F14,4,7,B,A,54,113,59,3.54
F14,4,8,B,B,54,123,69,4.14
F14,4,9,B,B,54,137,83,4.9799999999999995
F14,5,6,A,B,89,100,11,0.6599999999999999
F14,5,7,A,A,89,113,24,1.44
F14,5,8,A,B,89,123,34,2.04
F14,5,9,A,B,89,137,48,2.88
F14,6,7,B,A,100,113,13,0.78
F14,6,8,B,B,100,123,23,1.38
F14,7,9,A,B,113,137,24,1.44
F14,8,9,B,B,123,137,14,0.84
F15,0,1,B,B,10,21,11,0.6599999999999999
F15,0,2,B,A,10,43,33,1.98
F15,0,3,B,A,10,59,49,2.94
F15,0,4,B,B,10,72,62,3.7199999999999998
F15,0,5,B,A,10,108,98,5.88
F15,1,2,B,A,21,43,22,1.3199999999999998
F15,1,3,B,A,21,59,38,2.28
F15,1,4,B,B,21,72,51,3.06
F15,1,5,B,A,21,108,87,5.22
F15,1,6,B,B,21,125,104,6.24
F15,2,3,A,A,43,59,16,0.96
F15,2,4,A,B,43,72,29,1.74
F15,2,5,A,A,43,108,65,3.9
F15,2,6,A,B,43,125,82,4.92
F15,3,4,A,B,59,72,13,0.78
F15,3,5,A,A,59,108,49,2.94
F15,3,6,A,B,59,125,66,3.96
F15,4,5,B,A,72,108,36,2.16
F15,4,6,B,B,72,125,53,3.1799999999999997
F15,5,6,A,B,108,125,17,1.02
F16,0,1,B,A,16,30,14,0.84
F16,0,3,B,A,16,84,68,4.08
F16,0,4,B,A,16,103,87,5.22
F16,0,5,B,A,16,131,115,6.8999999999999995
F16,0,6,B,B,16,145,129,7.739999999999999
F16,1,2,A,A,30,45,15,0.8999999999999999
F16,1,3,A,A,30,84,54,3.2399999999999998
F16,1,5,A,A,30,131,101,6.06
F16,2,3,A,A,45,84,39,2.34
F16,2,4,A,A,45,103,58,3.48
F16,2,5,A,A,45,131,86,5.16
F16,3,4,A,A,84,103,19,1.14
F16,3,5,A,A,84,131,47,2.82
F16,3,6,A,B,84,145,61,3.6599999999999997
F16,4,5,A,A,103,131,28,1.68
F16,4,6,A,B,103,145,42,2.52
F16,5,6,A,B,131,145,14,0.84
F17,0,2,B,A,17,89,72,4.32
F17,0,3,B,A,17,125,108,6.4799999999999995
F17,0,4,B,A,17,143,126,7.56
F17,0,7,B,B,17,182,165,9.9
F17,0,8,B,A,17,200,183,10.98
F17,0,10,B,A,17,233,216,12.959999999999999
F17,0,11,B,A,17,266,249,14.94
F17,1,2,B,A,35,89,54,3.2399999999999998
F17,1,3,B,A,35,125,90,5.3999999999999995
F17,1,4,B,A,35,143,108,6.4799999999999995
F17,1,5,B,B,35,158,123,7.38
F17,1,7,B,B,35,182,147,8.82
F17,1,8,B,A,35,200,165,9.9
F17,1,10,B,A,35,233,198,11.879999999999999
F17,1,11,B,A,35,266,231,13.86
F17,1,12,B,A,35,278,243,14.58
F17,1,13,B,B,35,290,255,15.299999999999999
F17,1,14,B,B,35,302,267,16.02
F17,1,15,B,A,35,341,306,18.36
F17,2,3,A,A,89,125,36,2.16
F17,2,4,A,A,89,143,54,3.2399999999999998
F17,2,5,A,B,89,158,69,4.14
F17,2,7,A,B,89,182,93,5.58
F17,2,8,A,A,89,200,111,6.66
F17,2,10,A,A,89,233,144,8.64
F17,2,12,A,A,89,278,189,11.34
F17,2,14,A,B,89,302,213,12.78
F17,2,15,A,A,89,341,252,15.12
F17,2,16,A,B,89,362,273,16.38
F17,3,4,A,A,125,143,18,1.08
F17,3,5,A,B,125,158,33,1.98
F17,3,6,A,B,125,170,45,2.6999999999999997
F17,3,7,A,B,125,182,57,3.42
F17,3,8,A,A,125,200,75,4.5
F17,3,10,A,A,125,233,108,6.4799999999999995
F17,4,5,A,B,143,158,15,0.8999999999999999
F17,4,6,A,B,143,170,27,1.6199999999999999
F17,4,7,A,B,143,182,39,2.34
F17,4,8,A,A,143,200,57,3.42
F17,4,10,A,A,143,233,90,5.3999999999999995
F17,4,12,A,A,143,278,135,8.1
F17,5,6,B,B,158,170,12,0.72
F17,5,7,B,B,158,182,24,1.44
F17,5,8,B,A,158,200,42,2.52
F17,5,9,B,B,158,212,54,3.2399999999999998
F17,5,10,B,A,158,233,75,4.5
F17,5,11,B,A,158,266,108,6.4799999999999995
F17,5,12,B,A,158,278,120,7.199999999999999
F17,5,14,B,B,158,302,144,8.64
F17,6,8,B,A,170,200,30,1.7999999999999998
F17,6,9,B,B,170,212,42,2.52
F17,6,10,B,A,170,233,63,3.78
F17,7,8,B,A,182,200,18,1.08
F17,7,9,B,B,182,212,30,1.7999999999999998
F17,7,10,B,A,182,233,51,3.06
F17,7,11,B,A,182,266,84,5.04
F17,8,9,A,B,200,212,12,0.72
F17,8,10,A,A,200,233,33,1.98
F17,8,11,A,A,200,266,66,3.96
F17,8,12,A,A,200,278,78,4.68
F17,8,14,A,B,200,302,102,6.12
F17,9,10,B,A,212,233,21,1.26
F17,9,11,B,A,212,266,54,3.2399999999999998
F17,10,11,A,A,233,266,33,1.98
F17,10,12,A,A,233,278,45,2.6999999999999997
F17,10,13,A,B,233,290,57,3.42
F17,10,14,A,B,233,302,69,4.14
F17,11,12,A,A,266,278,12,0.72
F17,11,13,A,B,266,290,24,1.44
F17,11,14,A,B,266,302,36,2.16
F17,11,15,A,A,266,341,75,4.5
F17,11,16,A,B,266,362,96,5.76
F17,12,13,A,B,278,290,12,0.72
F17,12,14,A,B,278,302,24,1.44
F17,12,15,A,A,278,341,63,3.78
F17,12,16,A,B,278,362,84,5.04
F17,13,14,B,B,290,302,12,0.72
F17,13,15,B,A,290,341,51,3.06
F17,13,16,B,B,290,362,72,4.32
F17,14,15,B,A,302,341,39,2.34
F17,14,16,B,B,302,362,60,3.5999999999999996
F17,15,16,A,B,341,362,21,1.26
F18,0,1,B,A,11,44,33,1.98
F18,0,2,B,A,11,56,45,2.6999999999999997
F18,0,3,B,A,11,107,96,5.76
F18,0,4,B,A,11,122,111,6.66
F18,0,6,B,B,11,155,144,8.64
F18,0,8,B,A,11,197,186,11.16
F18,0,9,B,A,11,239,228,13.68
F18,0,12,B,A,11,332,321,19.259999999999998
F18,1,2,A,A,44,56,12,0.72
F18,1,3,A,A,44,107,63,3.78
F18,1,4,A,A,44,122,78,4.68
F18,1,6,A,B,44,155,111,6.66
F18,1,9,A,A,44,239,195,11.7
F18,1,12,A,A,44,332,288,17.28
F18,2,3,A,A,56,107,51,3.06
F18,2,8,A,A,56,197,141,8.459999999999999
F18,2,9,A,A,56,239,183,10.98
F18,2,12,A,A,56,332,276,16.56
F18,3,4,A,A,107,122,15,0.8999999999999999
F18,3,5,A,A,107,137,30,1.7999999999999998
F18,3,6,A,B,107,155,48,2.88
F18,3,8,A,A,107,197,90,5.3999999999999995
F18,3,12,A,A,107,332,225,13.5
F18,4,5,A,A,122,137,15,0.8999999999999999
F18,4,6,A,B,122,155,33,1.98
F18,4,9,A,A,122,239,117,7.02
F18,4,12,A,A,122,332,210,12.6
F18,5,6,A,B,137,155,18,1.08
F18,5,7,A,A,137,173,36,2.16
F18,5,9,A,A,137,239,102,6.12
F18,5,11,A,A,137,272,135,8.1
F18,5,12,A,A,137,332,195,11.7
F18,6,7,B,A,155,173,18,1.08
F18,6,8,B,A,155,197,42,2.52
F18,6,9,B,A,155,239,84,5.04
F18,6,10,B,A,155,257,102,6.12
F18,6,11,B,A,155,272,117,7.02
F18,6,12,B,A,155,332,177,10.62
F18,7,9,A,A,173,239,66,3.96
F18,7,10,A,A,173,257,84,5.04
F18,7,11,A,A,173,272,99,5.9399999999999995
F18,7,12,A,A,173,332,159,9.54
F18,8,9,A,A,197,239,42,2.52
F18,8,10,A,A,197,257,60,3.5999999999999996
F18,8,12,A,A,197,332,135,8.1
F18,9,10,A,A,239,257,18,1.08
F18,9,12,A,A,239,332,93,5.58
F18,10,12,A,A,257,332,75,4.5
F18,11,12,A,A,272,332,60,3.5999999999999996
F19,1,2,A,A,43,65,22,1.3199999999999998
F19,1,3,A,B,43,75,32,1.92
F19,1,4,A,A,43,102,59,3.54
F19,1,5,A,B,43,115,72,4.32
F19,2,3,A,B,65,75,10,0.6
F19,2,4,A,A,65,102,37,2.2199999999999998
F19,2,5,A,B,65,115,50,3.0
F19,3,4,B,A,75,102,27,1.6199999999999999
F19,3,5,B,B,75,115,40,2.4
F19,4,5,A,B,102,115,13,0.78
F20,0,1,B,B,9,20,11,0.6599999999999999
F20,0,2,B,B,9,30,21,1.26
F20,0,3,B,B,9,47,38,2.28
F20,0,4,B,A,9,80,71,4.26
F20,0,5,B,A,9,94,85,5.1
F20,0,6,B,A,9,114,105,6.3
F20,0,7,B,B,9,124,115,6.8999999999999995
F20,0,8,B,B,9,135,126,7.56
F20,0,9,B,B,9,152,143,8.58
F20,1,2,B,B,20,30,10,0.6
F20,1,3,B,B,20,47,27,1.6199999999999999
F20,1,4,B,A,20,80,60,3.5999999999999996
F20,1,5,B,A,20,94,74,4.4399999999999995
F20,1,6,B,A,20,114,94,5.64
F20,1,7,B,B,20,124,104,6.24
F20,1,8,B,B,20,135,115,6.8999999999999995
F20,1,9,B,B,20,152,132,7.92
F20,2,3,B,B,30,47,17,1.02
F20,2,4,B,A,30,80,50,3.0
F20,2,5,B,A,30,94,64,3.84
F20,2,7,B,B,30,124,94,5.64
F20,2,8,B,B,30,135,105,6.3
F20,2,9,B,B,30,152,122,7.319999999999999
F20,3,4,B,A,47,80,33,1.98
F20,3,5,B,A,47,94,47,2.82
F20,3,6,B,A,47,114,67,4.02
F20,3,8,B,B,47,135,88,5.279999999999999
F20,3,9,B,B,47,152,105,6.3
F20,4,5,A,A,80,94,14,0.84
F20,4,6,A,A,80,114,34,2.04
F20,4,7,A,B,80,124,44,2.6399999999999997
F20,4,8,A,B,80,135,55,3.3
F20,4,9,A,B,80,152,72,4.32
F20,5,6,A,A,94,114,20,1.2
F20,5,8,A,B,94,135,41,2.46
F20,6,7,A,B,114,124,10,0.6
F20,6,8,A,B,114,135,21,1.26
F20,6,9,A,B,114,152,38,2.28
F20,7,8,B,B,124,135,11,0.6599999999999999
F20,7,9,B,B,124,152,28,1.68
F20,8,9,B,B,135,152,17,1.02
F21,0,1,B,A,16,55,39,2.34
F22,0,1,B,B,13,26,13,0.78
F22,0,2,B,B,13,39,26,1.56
F22,0,3,B,A,13,57,44,2.6399999999999997
F22,1,2,B,B,26,39,13,0.78
F22,1,3,B,A,26,57,31,1.8599999999999999
F22,2,3,B,A,39,57,18,1.08
F23,0,2,B,B,9,30,21,1.26
F23,0,4,B,A,9,54,45,2.6999999999999997
F23,0,6,B,B,9,80,71,4.26
F23,0,7,B,A,9,98,89,5.34
F23,0,8,B,B,9,109,100,6.0
F23,0,9,B,B,9,124,115,6.8999999999999995
F23,0,10,B,A,9,150,141,8.459999999999999
F23,1,3,B,B,20,40,20,1.2
F23,1,4,B,A,20,54,34,2.04
F23,1,5,B,A,20,68,48,2.88
F23,1,6,B,B,20,80,60,3.5999999999999996
F23,1,7,B,A,20,98,78,4.68
F23,1,8,B,B,20,109,89,5.34
F23,1,9,B,B,20,124,104,6.24
F23,1,10,B,A,20,150,130,7.8
F23,1,11,B,A,20,161,141,8.459999999999999
F23,2,3,B,B,30,40,10,0.6
F23,2,4,B,A,30,54,24,1.44
F23,2,8,B,B,30,109,79,4.74
F23,2,9,B,B,30,124,94,5.64
F23,2,10,B,A,30,150,120,7.199999999999999
F23,2,11,B,A,30,161,131,7.859999999999999
F23,3,5,B,A,40,68,28,1.68
F23,3,6,B,B,40,80,40,2.4
F23,3,7,B,A,40,98,58,3.48
F23,3,8,B,B,40,109,69,4.14
F23,3,9,B,B,40,124,84,5.04
F23,3,10,B,A,40,150,110,6.6
F23,3,11,B,A,40,161,121,7.26
F23,4,5,A,A,54,68,14,0.84
F23,4,6,A,B,54,80,26,1.56
F23,4,7,A,A,54,98,44,2.6399999999999997
F23,4,8,A,B,54,109,55,3.3
F23,4,9,A,B,54,124,70,4.2
F23,4,10,A,A,54,150,96,5.76
F23,4,11,A,A,54,161,107,6.42
F23,5,6,A,B,68,80,12,0.72
F23,5,7,A,A,68,98,30,1.7999999999999998
F23,5,8,A,B,68,109,41,2.46
F23,5,9,A,B,68,124,56,3.36
F23,5,11,A,A,68,161,93,5.58
F23,6,7,B,A,80,98,18,1.08
F23,6,8,B,B,80,109,29,1.74
F23,7,8,A,B,98,109,11,0.6599999999999999
F23,7,9,A,B,98,124,26,1.56
F23,7,10,A,A,98,150,52,3.12
F23,8,9,B,B,109,124,15,0.8999999999999999
F23,8,10,B,A,109,150,41,2.46
F23,9,10,B,A,124,150,26,1.56
F23,9,11,B,A,124,161,37,2.2199999999999998
F23,10,11,A,A,150,161,11,0.6599999999999999
F24,0,1,A,B,12,22,10,0.6
F24,0,2,A,B,12,34,22,1.3199999999999998
F24,0,3,A,A,12,62,50,3.0
F24,0,5,A,B,12,86,74,4.4399999999999995
F24,0,6,A,B,12,96,84,5.04
F24,0,8,A,B,12,128,116,6.96
F24,1,2,B,B,22,34,12,0.72
F24,1,3,B,A,22,62,40,2.4
F24,1,5,B,B,22,86,64,3.84
F24,1,6,B,B,22,96,74,4.4399999999999995
F24,1,7,B,A,22,112,90,5.3999999999999995
F24,1,8,B,B,22,128,106,6.359999999999999
F24,2,3,B,A,34,62,28,1.68
F24,2,6,B,B,34,96,62,3.7199999999999998
F24,2,7,B,A,34,112,78,4.68
F24,2,8,B,B,34,128,94,5.64
F24,3,4,A,A,62,73,11,0.6599999999999999
F24,3,5,A,B,62,86,24,1.44
F24,3,6,A,B,62,96,34,2.04
F24,3,7,A,A,62,112,50,3.0
F24,3,8,A,B,62,128,66,3.96
F24,4,5,A,B,73,86,13,0.78
F24,4,6,A,B,73,96,23,1.38
F24,4,7,A,A,73,112,39,2.34
F24,5,6,B,B,86,96,10,0.6
F24,5,7,B,A,86,112,26,1.56
F24,6,7,B,A,96,112,16,0.96
F24,7,8,A,B,112,128,16,0.96
F25,0,1,B,B,11,26,15,0.8999999999999999
F25,0,2,B,A,11,47,36,2.16
F25,0,4,B,A,11,89,78,4.68
F25,0,5,B,B,11,101,90,5.3999999999999995
F25,0,6,B,B,11,113,102,6.12
F25,0,7,B,A,11,128,117,7.02
F25,0,8,B,A,11,176,165,9.9
F25,0,9,B,B,11,188,177,10.62
F25,0,11,B,A,11,215,204,12.24
F25,0,14,B,A,11,269,258,15.479999999999999
F25,1,2,B,A,26,47,21,1.26
F25,1,3,B,B,26,59,33,1.98
F25,1,4,B,A,26,89,63,3.78
F25,1,5,B,B,26,101,75,4.5
F25,1,8,B,A,26,176,150,9.0
F25,1,9,B,B,26,188,162,9.719999999999999
F25,2,3,A,B,47,59,12,0.72
F25,2,4,A,A,47,89,42,2.52
F25,2,5,A,B,47,101,54,3.2399999999999998
F25,2,8,A,A,47,176,129,7.739999999999999
F25,2,9,A,B,47,188,141,8.459999999999999
F25,2,11,A,A,47,215,168,10.08
F25,2,12,A,A,47,233,186,11.16
F25,2,13,A,B,47,248,201,12.059999999999999
F25,2,14,A,A,47,269,222,13.32
F25,3,4,B,A,59,89,30,1.7999999999999998
F25,3,8,B,A,59,176,117,7.02
F25,3,9,B,B,59,188,129,7.739999999999999
F25,3,13,B,B,59,248,189,11.34
F25,4,5,A,B,89,101,12,0.72
F25,4,7,A,A,89,128,39,2.34
F25,4,8,A,A,89,176,87,5.22
F25,5,6,B,B,101,113,12,0.72
F25,5,7,B,A,101,128,27,1.6199999999999999
F25,5,8,B,A,101,176,75,4.5
F25,6,7,B,A,113,128,15,0.8999999999999999
F25,6,8,B,A,113,176,63,3.78
F25,7,8,A,A,128,176,48,2.88
F25,8,9,A,B,176,188,12,0.72
F25,9,10,B,A,188,200,12,0.72
F25,9,11,B,A,188,215,27,1.6199999999999999
F25,9,12,B,A,188,233,45,2.6999999999999997
F25,9,13,B,B,188,248,60,3.5999999999999996
F25,9,14,B,A,188,269,81,4.859999999999999
F25,10,11,A,A,200,215,15,0.8999999999999999
F25,10,12,A,A,200,233,33,1.98
F25,10,13,A,B,200,248,48,2.88
F25,10,14,A,A,200,269,69,4.14
F25,11,12,A,A,215,233,18,1.08
F25,11,13,A,B,215,248,33,1.98
F25,11,14,A,A,215,269,54,3.2399999999999998
F25,12,13,A,B,233,248,15,0.8999999999999999
F25,12,14,A,A,233,269,36,2.16
F25,13,14,B,A,248,269,21,1.26
F26,0,1,A,B,17,29,12,0.72
F26,0,2,A,B,17,44,27,1.6199999999999999
F26,0,3,A,A,17,65,48,2.88
F26,0,4,A,A,17,86,69,4.14
F26,0,5,A,A,17,128,111,6.66
F26,0,13,A,A,17,293,276,16.56
F26,1,2,B,B,29,44,15,0.8999999999999999
F26,1,3,B,A,29,65,36,2.16
F26,1,4,B,A,29,86,57,3.42
F26,1,5,B,A,29,128,99,5.9399999999999995
F26,2,3,B,A,44,65,21,1.26
F26,2,4,B,A,44,86,42,2.52
F26,2,5,B,A,44,128,84,5.04
F26,2,6,B,A,44,140,96,5.76
F26,2,7,B,B,44,152,108,6.4799999999999995
F26,2,8,B,A,44,185,141,8.459999999999999
F26,3,4,A,A,65,86,21,1.26
F26,3,5,A,A,65,128,63,3.78
F26,3,7,A,B,65,152,87,5.22
F26,3,8,A,A,65,185,120,7.199999999999999
F26,3,9,A,A,65,209,144,8.64
F26,3,12,A,B,65,263,198,11.879999999999999
F26,3,13,A,A,65,293,228,13.68
F26,3,14,A,B,65,306,241,14.459999999999999
F26,4,5,A,A,86,128,42,2.52
F26,4,6,A,A,86,140,54,3.2399999999999998
F26,4,7,A,B,86,152,66,3.96
F26,4,8,A,A,86,185,99,5.9399999999999995
F26,4,9,A,A,86,209,123,7.38
F26,4,12,A,B,86,263,177,10.62
F26,4,13,A,A,86,293,207,12.42
F26,4,14,A,B,86,306,220,13.2
F26,5,6,A,A,128,140,12,0.72
F26,5,7,A,B,128,152,24,1.44
F26,5,8,A,A,128,185,57,3.42
F26,5,9,A,A,128,209,81,4.859999999999999
F26,5,12,A,B,128,263,135,8.1
F26,5,13,A,A,128,293,165,9.9
F26,5,14,A,B,128,306,178,10.68
F26,6,7,A,B,140,152,12,0.72
F26,6,8,A,A,140,185,45,2.6999999999999997
F26,7,8,B,A,152,185,33,1.98
F26,7,9,B,A,152,209,57,3.42
F26,7,11,B,A,152,251,99,5.9399999999999995
F26,7,12,B,B,152,263,111,6.66
F26,7,13,B,A,152,293,141,8.459999999999999
F26,8,9,A,A,185,209,24,1.44
F26,8,11,A,A,185,251,66,3.96
F26,8,12,A,B,185,263,78,4.68
F26,9,10,A,B,209,227,18,1.08
F26,9,11,A,A,209,251,42,2.52
F26,9,12,A,B,209,263,54,3.2399999999999998
F26,9,13,A,A,209,293,84,5.04
F26,9,14,A,B,209,306,97,5.819999999999999
F26,10,11,B,A,227,251,24,1.44
F26,10,12,B,B,227,263,36,2.16
F26,10,13,B,A,227,293,66,3.96
F26,10,14,B,B,227,306,79,4.74
F26,11,12,A,B,251,263,12,0.72
F26,11,13,A,A,251,293,42,2.52
F26,11,14,A,B,251,306,55,3.3
F26,12,13,B,A,263,293,30,1.7999999999999998
F26,12,14,B,B,263,306,43,2.58
F26,13,14,A,B,293,306,13,0.78
F27,0,1,B,A,10,33,23,1.38
F27,0,4,B,A,10,82,72,4.32
F27,0,5,B,B,10,98,88,5.279999999999999
F27,0,6,B,A,10,131,121,7.26
F27,0,7,B,B,10,143,133,7.9799999999999995
F27,0,8,B,B,10,153,143,8.58
F27,1,2,A,B,33,44,11,0.6599999999999999
F27,1,3,A,B,33,54,21,1.26
F27,1,4,A,A,33,82,49,2.94
F27,1,5,A,B,33,98,65,3.9
F27,1,6,A,A,33,131,98,5.88
F27,1,7,A,B,33,143,110,6.6
F27,1,8,A,B,33,153,120,7.199999999999999
F27,2,3,B,B,44,54,10,0.6
F27,2,4,B,A,44,82,38,2.28
F27,2,5,B,B,44,98,54,3.2399999999999998
F27,2,6,B,A,44,131,87,5.22
F27,3,4,B,A,54,82,28,1.68
F27,3,5,B,B,54,98,44,2.6399999999999997
F27,4,5,A,B,82,98,16,0.96
F27,4,6,A,A,82,131,49,2.94
F27,5,6,B,A,98,131,33,1.98
F27,6,7,A,B,131,143,12,0.72
F27,6,8,A,B,131,153,22,1.3199999999999998
F27,7,8,B,B,143,153,10,0.6
F28,0,2,B,A,13,45,32,1.92
F28,0,3,B,B,13,59,46,2.76
F28,0,4,B,B,13,78,65,3.9
F28,0,5,B,B,13,90,77,4.62
F28,0,6,B,B,13,102,89,5.34
F28,0,7,B,B,13,112,99,5.9399999999999995
F28,0,8,B,B,13,129,116,6.96
F28,1,2,A,A,28,45,17,1.02
F28,1,3,A,B,28,59,31,1.8599999999999999
F28,1,4,A,B,28,78,50,3.0
F28,1,7,A,B,28,112,84,5.04
F28,1,8,A,B,28,129,101,6.06
F28,2,3,A,B,45,59,14,0.84
F28,2,4,A,B,45,78,33,1.98
F28,2,5,A,B,45,90,45,2.6999999999999997
F28,2,7,A,B,45,112,67,4.02
F28,2,8,A,B,45,129,84,5.04
F28,3,4,B,B,59,78,19,1.14
F28,3,5,B,B,59,90,31,1.8599999999999999
F28,3,6,B,B,59,102,43,2.58
F28,3,7,B,B,59,112,53,3.1799999999999997
F28,3,8,B,B,59,129,70,4.2
F28,4,5,B,B,78,90,12,0.72
F28,4,6,B,B,78,102,24,1.44
F28,4,7,B,B,78,112,34,2.04
F28,4,8,B,B,78,129,51,3.06
F28,5,6,B,B,90,102,12,0.72
F28,5,7,B,B,90,112,22,1.3199999999999998
F28,6,7,B,B,102,112,10,0.6
F28,7,8,B,B,112,129,17,1.02
F29,0,1,B,A,11,31,20,1.2
F29,0,2,B,A,11,45,34,2.04
F29,0,3,B,A,11,84,73,4.38
F29,0,4,B,B,11,94,83,4.9799999999999995
F29,0,5,B,A,11,108,97,5.819999999999999
F29,1,2,A,A,31,45,14,0.84
F29,1,3,A,A,31,84,53,3.1799999999999997
F29,1,4,A,B,31,94,63,3.78
F29,1,5,A,A,31,108,77,4.62
F29,2,3,A,A,45,84,39,2.34
F29,3,4,A,B,84,94,10,0.6
F29,3,5,A,A,84,108,24,1.44
F29,4,5,B,A,94,108,14,0.84
F30,0,2,B,A,10,44,34,2.04
F30,0,3,B,A,10,56,46,2.76
F30,0,4,B,A,10,83,73,4.38
F30,0,6,B,B,10,107,97,5.819999999999999
F30,0,7,B,A,10,123,113,6.779999999999999
F30,1,2,A,A,24,44,20,1.2
F30,1,3,A,A,24,56,32,1.92
F30,1,4,A,A,24,83,59,3.54
F30,1,5,A,A,24,96,72,4.32
F30,1,6,A,B,24,107,83,4.9799999999999995
F30,1,7,A,A,24,123,99,5.9399999999999995
F30,2,3,A,A,44,56,12,0.72
F30,2,4,A,A,44,83,39,2.34
F30,2,5,A,A,44,96,52,3.12
F30,2,6,A,B,44,107,63,3.78
F30,2,7,A,A,44,123,79,4.74
F30,3,4,A,A,56,83,27,1.6199999999999999
F30,3,6,A,B,56,107,51,3.06
F30,3,7,A,A,56,123,67,4.02
F30,4,5,A,A,83,96,13,0.78
F30,4,6,A,B,83,107,24,1.44
F30,4,7,A,A,83,123,40,2.4
F30,5,6,A,B,96,107,11,0.6599999999999999
F30,6,7,B,A,107,123,16,0.96
F31,0,1,B,B,14,32,18,1.08
F31,0,2,B,B,14,44,30,1.7999999999999998
F31,0,3,B,A,14,62,48,2.88
F31,0,7,B,A,14,137,123,7.38
F31,0,12,B,A,14,239,225,13.5
F31,0,14,B,B,14,269,255,15.299999999999999
F31,0,15,B,B,14,281,267,16.02
F31,0,16,B,A,14,302,288,17.28
F31,1,2,B,B,32,44,12,0.72
F31,1,3,B,A,32,62,30,1.7999999999999998
F31,1,7,B,A,32,137,105,6.3
F31,1,14,B,B,32,269,237,14.219999999999999
F31,1,15,B,B,32,281,249,14.94
F31,1,16,B,A,32,302,270,16.2
F31,2,3,B,A,44,62,18,1.08
F31,2,4,B,B,44,74,30,1.7999999999999998
F31,2,15,B,B,44,281,237,14.219999999999999
F31,2,16,B,A,44,302,258,15.479999999999999
F31,3,4,A,B,62,74,12,0.72
F31,3,5,A,B,62,92,30,1.7999999999999998
F31,3,6,A,A,62,104,42,2.52
F31,3,7,A,A,62,137,75,4.5
F31,3,14,A,B,62,269,207,12.42
F31,3,15,A,B,62,281,219,13.139999999999999
F31,3,16,A,A,62,302,240,14.399999999999999
F31,3,17,A,A,62,341,279,16.74
F31,4,5,B,B,74,92,18,1.08
F31,4,6,B,A,74,104,30,1.7999999999999998
F31,4,7,B,A,74,137,63,3.78
F31,4,10,B,A,74,188,114,6.84
F31,4,14,B,B,74,269,195,11.7
F31,4,16,B,A,74,302,228,13.68
F31,4,17,B,A,74,341,267,16.02
F31,5,6,B,A,92,104,12,0.72
F31,5,7,B,A,92,137,45,2.6999999999999997
F31,5,14,B,B,92,269,177,10.62
F31,5,15,B,B,92,281,189,11.34
F31,5,16,B,A,92,302,210,12.6
F31,5,17,B,A,92,341,249,14.94
F31,6,7,A,A,104,137,33,1.98
F31,6,10,A,A,104,188,84,5.04
F31,6,14,A,B,104,269,165,9.9
F31,6,15,A,B,104,281,177,10.62
F31,6,16,A,A,104,302,198,11.879999999999999
F31,6,17,A,A,104,341,237,14.219999999999999
F31,7,8,A,B,137,149,12,0.72
F31,7,9,A,A,137,167,30,1.7999999999999998
F31,7,11,A,B,137,200,63,3.78
F31,7,12,A,A,137,239,102,6.12
F31,7,13,A,B,137,251,114,6.84
F31,7,14,A,B,137,269,132,7.92
F31,7,15,A,B,137,281,144,8.64
F31,7,16,A,A,137,302,165,9.9
F31,7,17,A,A,137,341,204,12.24
F31,8,9,B,A,149,167,18,1.08
F31,8,11,B,B,149,200,51,3.06
F31,8,12,B,A,149,239,90,5.3999999999999995
F31,8,13,B,B,149,251,102,6.12
F31,9,10,A,A,167,188,21,1.26
F31,9,11,A,B,167,200,33,1.98
F31,9,12,A,A,167,239,72,4.32
F31,9,13,A,B,167,251,84,5.04
F31,9,14,A,B,167,269,102,6.12
F31,9,17,A,A,167,341,174,10.44
F31,9,18,A,A,167,359,192,11.52
F31,9,19,A,B,167,369,202,12.12
F31,10,13,A,B,188,251,63,3.78
F31,10,14,A,B,188,269,81,4.859999999999999
F31,10,17,A,A,188,341,153,9.18
F31,10,18,A,A,188,359,171,10.26
F31,10,19,A,B,188,369,181,10.86
F31,11,12,B,A,200,239,39,2.34
F31,11,13,B,B,200,251,51,3.06
F31,11,14,B,B,200,269,69,4.14
F31,11,18,B,A,200,359,159,9.54
F31,11,19,B,B,200,369,169,10.139999999999999
F31,12,13,A,B,239,251,12,0.72
F31,12,14,A,B,239,269,30,1.7999999999999998
F31,12,16,A,A,239,302,63,3.78
F31,12,17,A,A,239,341,102,6.12
F31,12,18,A,A,239,359,120,7.199999999999999
F31,13,14,B,B,251,269,18,1.08
F31,13,17,B,A,251,341,90,5.3999999999999995
F31,14,15,B,B,269,281,12,0.72
F31,14,16,B,A,269,302,33,1.98
F31,14,17,B,A,269,341,72,4.32
F31,15,16,B,A,281,302,21,1.26
F31,15,17,B,A,281,341,60,3.5999999999999996
F31,16,17,A,A,302,341,39,2.34
F31,17,18,A,A,341,359,18,1.08
F31,17,19,A,B,341,369,28,1.68
F31,18,19,A,B,359,369,10,0.6
F32,0,1,B,B,13,24,11,0.6599999999999999
F32,0,2,B,A,13,69,56,3.36
F32,0,3,B,A,13,122,109,6.54
F32,1,2,B,A,24,69,45,2.6999999999999997
F32,1,3,B,A,24,122,98,5.88
F32,2,3,A,A,69,122,53,3.1799999999999997
F32,2,4,A,A,69,134,65,3.9
F32,3,4,A,A,122,134,12,0.72
F33,0,2,B,B,11,38,27,1.6199999999999999
F33,0,3,B,A,11,62,51,3.06
F33,0,4,B,B,11,83,72,4.32
F33,0,14,B,B,11,260,249,14.94
F33,0,16,B,A,11,299,288,17.28
F33,0,18,B,B,11,353,342,20.52
F33,0,19,B,B,11,371,360,21.599999999999998
F33,1,2,B,B,23,38,15,0.8999999999999999
F33,1,3,B,A,23,62,39,2.34
F33,1,13,B,A,23,242,219,13.139999999999999
F33,1,14,B,B,23,260,237,14.219999999999999
F33,1,15,B,B,23,272,249,14.94
F33,1,16,B,A,23,299,276,16.56
F33,1,17,B,B,23,317,294,17.64
F33,1,18,B,B,23,353,330,19.8
F33,1,19,B,B,23,371,348,20.88
F33,2,3,B,A,38,62,24,1.44
F33,2,4,B,B,38,83,45,2.6999999999999997
F33,2,5,B,B,38,98,60,3.5999999999999996
F33,2,6,B,A,38,131,93,5.58
F33,2,8,B,A,38,161,123,7.38
F33,2,9,B,B,38,176,138,8.28
F33,2,10,B,A,38,203,165,9.9
F33,2,13,B,A,38,242,204,12.24
F33,2,15,B,B,38,272,234,14.04
F33,2,16,B,A,38,299,261,15.66
F33,2,17,B,B,38,317,279,16.74
F33,2,18,B,B,38,353,315,18.9
F33,2,19,B,B,38,371,333,19.98
F33,3,4,A,B,62,83,21,1.26
F33,3,5,A,B,62,98,36,2.16
F33,3,6,A,A,62,131,69,4.14
F33,3,8,A,A,62,161,99,5.9399999999999995
F33,3,9,A,B,62,176,114,6.84
F33,3,16,A,A,62,299,237,14.219999999999999
F33,3,17,A,B,62,317,255,15.299999999999999
F33,4,5,B,B,83,98,15,0.8999999999999999
F33,4,6,B,A,83,131,48,2.88
F33,4,9,B,B,83,176,93,5.58
F33,4,12,B,A,83,227,144,8.64
F33,4,18,B,B,83,353,270,16.2
F33,4,19,B,B,83,371,288,17.28
F33,5,6,B,A,98,131,33,1.98
F33,5,7,B,B,98,143,45,2.6999999999999997
F33,5,8,B,A,98,161,63,3.78
F33,5,9,B,B,98,176,78,4.68
F33,5,12,B,A,98,227,129,7.739999999999999
F33,5,16,B,A,98,299,201,12.059999999999999
F33,5,17,B,B,98,317,219,13.139999999999999
F33,5,18,B,B,98,353,255,15.299999999999999
F33,5,19,B,B,98,371,273,16.38
F33,6,7,A,B,131,143,12,0.72
F33,6,8,A,A,131,161,30,1.7999999999999998
F33,6,9,A,B,131,176,45,2.6999999999999997
F33,6,16,A,A,131,299,168,10.08
F33,6,17,A,B,131,317,186,11.16
F33,7,8,B,A,143,161,18,1.08
F33,7,9,B,B,143,176,33,1.98
F33,7,17,B,B,143,317,174,10.44
F33,8,9,A,B,161,176,15,0.8999999999999999
F33,8,15,A,B,161,272,111,6.66
F33,8,16,A,A,161,299,138,8.28
F33,8,17,A,B,161,317,156,9.36
F33,9,10,B,A,176,203,27,1.6199999999999999
F33,9,11,B,A,176,215,39,2.34
F33,9,12,B,A,176,227,51,3.06
F33,9,14,B,B,176,260,84,5.04
F33,9,15,B,B,176,272,96,5.76
F33,9,16,B,A,176,299,123,7.38
F33,9,17,B,B,176,317,141,8.459999999999999
F33,9,18,B,B,176,353,177,10.62
F33,9,19,B,B,176,371,195,11.7
F33,10,12,A,A,203,227,24,1.44
F33,10,13,A,A,203,242,39,2.34
F33,10,14,A,B,203,260,57,3.42
F33,10,15,A,B,203,272,69,4.14
F33,10,17,A,B,203,317,114,6.84
F33,10,18,A,B,203,353,150,9.0
F33,10,19,A,B,203,371,168,10.08
F33,11,12,A,A,215,227,12,0.72
F33,11,13,A,A,215,242,27,1.6199999999999999
F33,11,14,A,B,215,260,45,2.6999999999999997
F33,11,15,A,B,215,272,57,3.42
F33,11,18,A,B,215,353,138,8.28
F33,12,13,A,A,227,242,15,0.8999999999999999
F33,12,14,A,B,227,260,33,1.98
F33,12,15,A,B,227,272,45,2.6999999999999997
F33,12,17,A,B,227,317,90,5.3999999999999995
F33,12,18,A,B,227,353,126,7.56
F33,12,19,A,B,227,371,144,8.64
F33,13,14,A,B,242,260,18,1.08
F33,13,15,A,B,242,272,30,1.7999999999999998
F33,13,17,A,B,242,317,75,4.5
F33,13,18,A,B,242,353,111,6.66
F33,13,19,A,B,242,371,129,7.739999999999999
F33,14,18,B,B,260,353,93,5.58
F33,14,19,B,B,260,371,111,6.66
F33,15,17,B,B,272,317,45,2.6999999999999997
F33,15,18,B,B,272,353,81,4.859999999999999
F33,15,19,B,B,272,371,99,5.9399999999999995
F33,16,17,A,B,299,317,18,1.08
F33,17,18,B,B,317,353,36,2.16
F33,17,19,B,B,317,371,54,3.2399999999999998
F33,18,19,B,B,353,371,18,1.08
F34,0,1,B,A,9,27,18,1.08
F34,0,2,B,B,9,43,34,2.04
F34,0,4,B,B,9,63,54,3.2399999999999998
F34,0,6,B,A,9,117,108,6.4799999999999995
F34,0,7,B,A,9,141,132,7.92
F34,0,8,B,A,9,159,150,9.0
F34,0,9,B,A,9,183,174,10.44
F34,0,10,B,B,9,193,184,11.04
F34,0,11,B,B,9,211,202,12.12
F34,0,12,B,B,9,221,212,12.719999999999999
F34,0,13,B,B,9,231,222,13.32
F34,0,14,B,B,9,246,237,14.219999999999999
F34,1,2,A,B,27,43,16,0.96
F34,1,3,A,B,27,53,26,1.56
F34,1,4,A,B,27,63,36,2.16
F34,1,6,A,A,27,117,90,5.3999999999999995
F34,1,13,A,B,27,231,204,12.24
F34,1,14,A,B,27,246,219,13.139999999999999
F34,2,3,B,B,43,53,10,0.6
F34,2,4,B,B,43,63,20,1.2
F34,2,5,B,B,43,73,30,1.7999999999999998
F34,2,6,B,A,43,117,74,4.4399999999999995
F34,2,7,B,A,43,141,98,5.88
F34,2,8,B,A,43,159,116,6.96
F34,2,11,B,B,43,211,168,10.08
F34,2,12,B,B,43,221,178,10.68
F34,2,13,B,B,43,231,188,11.28
F34,2,14,B,B,43,246,203,12.18
F34,3,4,B,B,53,63,10,0.6
F34,3,6,B,A,53,117,64,3.84
F34,4,6,B,A,63,117,54,3.2399999999999998
F34,4,7,B,A,63,141,78,4.68
F34,4,8,B,A,63,159,96,5.76
F34,4,13,B,B,63,231,168,10.08
F34,4,14,B,B,63,246,183,10.98
F34,5,6,B,A,73,117,44,2.6399999999999997
F34,5,7,B,A,73,141,68,4.08
F34,5,8,B,A,73,159,86,5.16
F34,6,7,A,A,117,141,24,1.44
F34,6,8,A,A,117,159,42,2.52
F34,6,9,A,A,117,183,66,3.96
F34,6,11,A,B,117,211,94,5.64
F34,6,13,A,B,117,231,114,6.84
F34,7,8,A,A,141,159,18,1.08
F34,7,9,A,A,141,183,42,2.52
F34,7,10,A,B,141,193,52,3.12
F34,7,11,A,B,141,211,70,4.2
F34,7,13,A,B,141,231,90,5.3999999999999995
F34,8,9,A,A,159,183,24,1.44
F34,8,10,A,B,159,193,34,2.04
F34,8,11,A,B,159,211,52,3.12
F34,8,13,A,B,159,231,72,4.32
F34,9,10,A,B,183,193,10,0.6
F34,9,11,A,B,183,211,28,1.68
F34,9,12,A,B,183,221,38,2.28
F34,9,13,A,B,183,231,48,2.88
F34,10,11,B,B,193,211,18,1.08
F34,10,12,B,B,193,221,28,1.68
F34,10,13,B,B,193,231,38,2.28
F34,11,12,B,B,211,221,10,0.6
F34,11,13,B,B,211,231,20,1.2
F34,11,14,B,B,211,246,35,2.1
F34,12,13,B,B,221,231,10,0.6
F34,12,14,B,B,221,246,25,1.5
F34,13,14,B,B,231,246,15,0.8999999999999999
F35,0,1,B,B,11,26,15,0.8999999999999999
F35,0,3,B,A,11,59,48,2.88
F35,0,4,B,A,11,95,84,5.04
F35,0,5,B,B,11,107,96,5.76
F35,0,6,B,B,11,119,108,6.4799999999999995
F35,0,7,B,B,11,131,120,7.199999999999999
F35,0,8,B,A,11,152,141,8.459999999999999
F35,0,10,B,A,11,179,168,10.08
F35,0,12,B,B,11,212,201,12.059999999999999
F35,0,13,B,A,11,248,237,14.219999999999999
F35,0,14,B,B,11,266,255,15.299999999999999
F35,1,2,B,B,26,38,12,0.72
F35,1,3,B,A,26,59,33,1.98
F35,1,4,B,A,26,95,69,4.14
F35,1,5,B,B,26,107,81,4.859999999999999
F35,1,7,B,B,26,131,105,6.3
F35,1,10,B,A,26,179,153,9.18
F35,1,12,B,B,26,212,186,11.16
F35,1,13,B,A,26,248,222,13.32
F35,1,14,B,B,26,266,240,14.399999999999999
F35,2,3,B,A,38,59,21,1.26
F35,2,4,B,A,38,95,57,3.42
F35,2,5,B,B,38,107,69,4.14
F35,2,13,B,A,38,248,210,12.6
F35,2,14,B,B,38,266,228,13.68
F35,3,4,A,A,59,95,36,2.16
F35,3,5,A,B,59,107,48,2.88
F35,3,6,A,B,59,119,60,3.5999999999999996
F35,3,7,A,B,59,131,72,4.32
F35,3,8,A,A,59,152,93,5.58
F35,3,10,A,A,59,179,120,7.199999999999999
F35,3,12,A,B,59,212,153,9.18
F35,3,13,A,A,59,248,189,11.34
F35,3,14,A,B,59,266,207,12.42
F35,4,5,A,B,95,107,12,0.72
F35,4,6,A,B,95,119,24,1.44
F35,4,7,A,B,95,131,36,2.16
F35,4,8,A,A,95,152,57,3.42
F35,4,10,A,A,95,179,84,5.04
F35,4,13,A,A,95,248,153,9.18
F35,5,6,B,B,107,119,12,0.72
F35,5,7,B,B,107,131,24,1.44
F35,5,8,B,A,107,152,45,2.6999999999999997
F35,5,10,B,A,107,179,72,4.32
F35,5,13,B,A,107,248,141,8.459999999999999
F35,6,7,B,B,119,131,12,0.72
F35,6,8,B,A,119,152,33,1.98
F35,7,8,B,A,131,152,21,1.26
F35,7,9,B,A,131,164,33,1.98
F35,7,10,B,A,131,179,48,2.88
F35,7,12,B,B,131,212,81,4.859999999999999
F35,7,13,B,A,131,248,117,7.02
F35,8,9,A,A,152,164,12,0.72
F35,8,10,A,A,152,179,27,1.6199999999999999
F35,8,12,A,B,152,212,60,3.5999999999999996
F35,8,13,A,A,152,248,96,5.76
F35,9,10,A,A,164,179,15,0.8999999999999999
F35,9,11,A,A,164,197,33,1.98
F35,9,12,A,B,164,212,48,2.88
F35,10,11,A,A,179,197,18,1.08
F35,10,12,A,B,179,212,33,1.98
F35,10,13,A,A,179,248,69,4.14
F35,11,12,A,B,197,212,15,0.8999999999999999
F35,11,13,A,A,197,248,51,3.06
F35,12,13,B,A,212,248,36,2.16
F35,13,14,A,B,248,266,18,1.08
F37,0,1,A,B,18,30,12,0.72
F37,0,2,A,A,18,43,25,1.5
F37,0,4,A,B,18,70,52,3.12
F37,0,5,A,B,18,82,64,3.84
F37,0,6,A,B,18,92,74,4.4399999999999995
F37,0,7,A,B,18,106,88,5.279999999999999
F37,1,2,B,A,30,43,13,0.78
F37,1,3,B,A,30,56,26,1.56
F37,1,4,B,B,30,70,40,2.4
F37,1,5,B,B,30,82,52,3.12
F37,1,6,B,B,30,92,62,3.7199999999999998
F37,1,7,B,B,30,106,76,4.56
F37,2,3,A,A,43,56,13,0.78
F37,2,4,A,B,43,70,27,1.6199999999999999
F37,2,5,A,B,43,82,39,2.34
F37,2,6,A,B,43,92,49,2.94
F37,2,7,A,B,43,106,63,3.78
F37,3,4,A,B,56,70,14,0.84
F37,3,5,A,B,56,82,26,1.56
F37,3,6,A,B,56,92,36,2.16
F37,4,5,B,B,70,82,12,0.72
F37,4,6,B,B,70,92,22,1.3199999999999998
F37,5,6,B,B,82,92,10,0.6
F37,5,7,B,B,82,106,24,1.44
F37,6,7,B,B,92,106,14,0.84
F38,0,1,A,B,18,34,16,0.96
F38,0,2,A,B,18,49,31,1.8599999999999999
F38,0,3,A,B,18,62,44,2.6399999999999997
F38,0,4,A,B,18,75,57,3.42
F38,1,2,B,B,34,49,15,0.8999999999999999
F38,1,3,B,B,34,62,28,1.68
F38,1,4,B,B,34,75,41,2.46
F38,2,3,B,B,49,62,13,0.78
F38,2,4,B,B,49,75,26,1.56
F38,3,4,B,B,62,75,13,0.78
Im7,0,1,A,A,22,37,15,0.8999999999999999
Im7,0,2,A,B,22,47,25,1.5
Im7,0,3,A,B,22,58,36,2.16
Im7,0,4,A,A,22,75,53,3.1799999999999997
Im7,0,5,A,B,22,85,63,3.78
Im7,1,3,A,B,37,58,21,1.26
Im7,2,3,B,B,47,58,11,0.6599999999999999
Im7,2,4,B,A,47,75,28,1.68
Im7,2,5,B,B,47,85,38,2.28
Im7,3,4,B,A,58,75,17,1.02
Im7,4,5,A,B,75,85,10,0.6
R_1AE9,0,1,B,A,11,31,20,1.2
R_1AE9,0,3,B,A,11,83,72,4.32
R_1AE9,0,5,B,B,11,115,104,6.24
R_1AE9,0,6,B,A,11,153,142,8.52
R_1AE9,1,2,A,A,31,55,24,1.44
R_1AE9,1,3,A,A,31,83,52,3.12
R_1AE9,1,4,A,A,31,101,70,4.2
R_1AE9,1,5,A,B,31,115,84,5.04
R_1AE9,1,6,A,A,31,153,122,7.319999999999999
R_1AE9,2,3,A,A,55,83,28,1.68
R_1AE9,2,4,A,A,55,101,46,2.76
R_1AE9,2,5,A,B,55,115,60,3.5999999999999996
R_1AE9,2,6,A,A,55,153,98,5.88
R_1AE9,2,7,A,B,55,163,108,6.4799999999999995
R_1AE9,2,8,A,A,55,178,123,7.38
R_1AE9,3,4,A,A,83,101,18,1.08
R_1AE9,3,5,A,B,83,115,32,1.92
R_1AE9,3,6,A,A,83,153,70,4.2
R_1AE9,3,7,A,B,83,163,80,4.8
R_1AE9,3,8,A,A,83,178,95,5.7
R_1AE9,4,5,A,B,101,115,14,0.84
R_1AE9,5,6,B,A,115,153,38,2.28
R_1AE9,6,7,A,B,153,163,10,0.6
R_1AE9,6,8,A,A,153,178,25,1.5
R_1AE9,7,8,B,A,163,178,15,0.8999999999999999
R_1Q87,0,1,A,B,13,23,10,0.6
R_1Q87,0,5,A,A,13,87,74,4.4399999999999995
R_1Q87,0,8,A,A,13,129,116,6.96
R_1Q87,0,9,A,B,13,141,128,7.68
R_1Q87,0,10,A,B,13,153,140,8.4
R_1Q87,0,11,A,A,13,185,172,10.32
R_1Q87,1,2,B,A,23,39,16,0.96
R_1Q87,1,3,B,A,23,55,32,1.92
R_1Q87,1,5,B,A,23,87,64,3.84
R_1Q87,1,6,B,B,23,101,78,4.68
R_1Q87,1,9,B,B,23,141,118,7.08
R_1Q87,1,10,B,B,23,153,130,7.8
R_1Q87,1,11,B,A,23,185,162,9.719999999999999
R_1Q87,2,3,A,A,39,55,16,0.96
R_1Q87,2,4,A,B,39,65,26,1.56
R_1Q87,2,5,A,A,39,87,48,2.88
R_1Q87,3,4,A,B,55,65,10,0.6
R_1Q87,3,5,A,A,55,87,32,1.92
R_1Q87,3,6,A,B,55,101,46,2.76
R_1Q87,4,5,B,A,65,87,22,1.3199999999999998
R_1Q87,4,6,B,B,65,101,36,2.16
R_1Q87,4,7,B,B,65,111,46,2.76
R_1Q87,4,8,B,A,65,129,64,3.84
R_1Q87,4,9,B,B,65,141,76,4.56
R_1Q87,5,6,A,B,87,101,14,0.84
R_1Q87,5,7,A,B,87,111,24,1.44
R_1Q87,5,8,A,A,87,129,42,2.52
R_1Q87,5,9,A,B,87,141,54,3.2399999999999998
R_1Q87,5,10,A,B,87,153,66,3.96
R_1Q87,5,11,A,A,87,185,98,5.88
R_1Q87,6,7,B,B,101,111,10,0.6
R_1Q87,6,8,B,A,101,129,28,1.68
R_1Q87,6,9,B,B,101,141,40,2.4
R_1Q87,6,10,B,B,101,153,52,3.12
R_1Q87,6,11,B,A,101,185,84,5.04
R_1Q87,7,8,B,A,111,129,18,1.08
R_1Q87,7,9,B,B,111,141,30,1.7999999999999998
R_1Q87,7,11,B,A,111,185,74,4.4399999999999995
R_1Q87,8,9,A,B,129,141,12,0.72
R_1Q87,8,10,A,B,129,153,24,1.44
R_1Q87,8,11,A,A,129,185,56,3.36
R_1Q87,9,10,B,B,141,153,12,0.72
R_1Q87,9,11,B,A,141,185,44,2.6399999999999997
R_1Q87,10,11,B,A,153,185,32,1.92
R_1Q87,10,12,B,B,153,198,45,2.6999999999999997
R_1VJG,0,1,B,B,17,29,12,0.72
R_1VJG,0,2,B,B,17,39,22,1.3199999999999998
R_1VJG,0,3,B,B,17,49,32,1.92
R_1VJG,0,4,B,B,17,61,44,2.6399999999999997
R_1VJG,0,5,B,B,17,71,54,3.2399999999999998
R_1VJG,0,6,B,B,17,81,64,3.84
R_1VJG,0,7,B,A,17,129,112,6.72
R_1VJG,0,9,B,A,17,167,150,9.0
R_1VJG,0,10,B,A,17,185,168,10.08
R_1VJG,0,11,B,A,17,200,183,10.98
R_1VJG,1,2,B,B,29,39,10,0.6
R_1VJG,1,3,B,B,29,49,20,1.2
R_1VJG,1,6,B,B,29,81,52,3.12
R_1VJG,1,7,B,A,29,129,100,6.0
R_1VJG,1,9,B,A,29,167,138,8.28
R_1VJG,1,10,B,A,29,185,156,9.36
R_1VJG,1,11,B,A,29,200,171,10.26
R_1VJG,2,3,B,B,39,49,10,0.6
R_1VJG,2,5,B,B,39,71,32,1.92
R_1VJG,2,6,B,B,39,81,42,2.52
R_1VJG,2,11,B,A,39,200,161,9.66
R_1VJG,3,4,B,B,49,61,12,0.72
R_1VJG,3,5,B,B,49,71,22,1.3199999999999998
R_1VJG,3,6,B,B,49,81,32,1.92
R_1VJG,3,7,B,A,49,129,80,4.8
R_1VJG,3,10,B,A,49,185,136,8.16
R_1VJG,3,11,B,A,49,200,151,9.06
R_1VJG,4,6,B,B,61,81,20,1.2
R_1VJG,4,7,B,A,61,129,68,4.08
R_1VJG,4,8,B,A,61,155,94,5.64
R_1VJG,5,6,B,B,71,81,10,0.6
R_1VJG,5,7,B,A,71,129,58,3.48
R_1VJG,6,7,B,A,81,129,48,2.88
R_1VJG,6,8,B,A,81,155,74,4.4399999999999995
R_1VJG,6,9,B,A,81,167,86,5.16
R_1VJG,6,10,B,A,81,185,104,6.24
R_1VJG,6,11,B,A,81,200,119,7.14
R_1VJG,7,8,A,A,129,155,26,1.56
R_1VJG,7,9,A,A,129,167,38,2.28
R_1VJG,7,10,A,A,129,185,56,3.36
R_1VJG,7,11,A,A,129,200,71,4.26
R_1VJG,8,9,A,A,155,167,12,0.72
R_1VJG,8,11,A,A,155,200,45,2.6999999999999997
R_1VJG,9,10,A,A,167,185,18,1.08
R_1VJG,9,11,A,A,167,200,33,1.98
R_2IDL,0,1,B,B,15,26,11,0.6599999999999999
R_2IDL,0,2,B,B,15,50,35,2.1
R_2IDL,0,3,B,B,15,61,46,2.76
R_2IDL,0,4,B,A,15,84,69,4.14
R_2IDL,0,5,B,B,15,96,81,4.859999999999999
R_2IDL,0,6,B,A,15,112,97,5.819999999999999
R_2IDL,1,2,B,B,26,50,24,1.44
R_2IDL,1,3,B,B,26,61,35,2.1
R_2IDL,1,4,B,A,26,84,58,3.48
R_2IDL,1,5,B,B,26,96,70,4.2
R_2IDL,1,6,B,A,26,112,86,5.16
R_2IDL,2,3,B,B,50,61,11,0.6599999999999999
R_2IDL,2,4,B,A,50,84,34,2.04
R_2IDL,2,5,B,B,50,96,46,2.76
R_2IDL,2,6,B,A,50,112,62,3.7199999999999998
R_2IDL,3,4,B,A,61,84,23,1.38
R_2IDL,3,5,B,B,61,96,35,2.1
R_2IDL,4,5,A,B,84,96,12,0.72
R_2IDL,5,6,B,A,96,112,16,0.96
R_2IRP,0,2,B,A,13,51,38,2.28
R_2IRP,0,3,B,A,13,99,86,5.16
R_2IRP,0,8,B,B,13,181,168,10.08
R_2IRP,0,9,B,B,13,191,178,10.68
R_2IRP,1,2,B,A,23,51,28,1.68
R_2IRP,1,3,B,A,23,99,76,4.56
R_2IRP,1,4,B,B,23,113,90,5.3999999999999995
R_2IRP,1,8,B,B,23,181,158,9.48
R_2IRP,1,9,B,B,23,191,168,10.08
R_2IRP,1,10,B,B,23,205,182,10.92
R_2IRP,2,3,A,A,51,99,48,2.88
R_2IRP,2,4,A,B,51,113,62,3.7199999999999998
R_2IRP,2,8,A,B,51,181,130,7.8
R_2IRP,2,9,A,B,51,191,140,8.4
R_2IRP,2,10,A,B,51,205,154,9.24
R_2IRP,3,5,A,A,99,135,36,2.16
R_2IRP,3,6,A,A,99,155,56,3.36
R_2IRP,3,7,A,A,99,167,68,4.08
R_2IRP,3,8,A,B,99,181,82,4.92
R_2IRP,3,9,A,B,99,191,92,5.52
R_2IRP,3,10,A,B,99,205,106,6.359999999999999
R_2IRP,4,5,B,A,113,135,22,1.3199999999999998
R_2IRP,4,6,B,A,113,155,42,2.52
R_2IRP,4,7,B,A,113,167,54,3.2399999999999998
R_2IRP,4,8,B,B,113,181,68,4.08
R_2IRP,4,9,B,B,113,191,78,4.68
R_2IRP,4,10,B,B,113,205,92,5.52
R_2IRP,5,6,A,A,135,155,20,1.2
R_2IRP,5,7,A,A,135,167,32,1.92
R_2IRP,5,8,A,B,135,181,46,2.76
R_2IRP,5,9,A,B,135,191,56,3.36
R_2IRP,5,10,A,B,135,205,70,4.2
R_2IRP,6,7,A,A,155,167,12,0.72
R_2IRP,6,8,A,B,155,181,26,1.56
R_2IRP,6,9,A,B,155,191,36,2.16
R_2IRP,6,10,A,B,155,205,50,3.0
R_2IRP,7,8,A,B,167,181,14,0.84
R_2IRP,7,9,A,B,167,191,24,1.44
R_2IRP,7,10,A,B,167,205,38,2.28
R_2IRP,8,9,B,B,181,191,10,0.6
R_2IRP,8,10,B,B,181,205,24,1.44
R_2OEZ,0,1,A,B,17,27,10,0.6
R_2OEZ,0,2,A,A,17,49,32,1.92
R_2OEZ,0,3,A,B,17,61,44,2.6399999999999997
R_2OEZ,0,4,A,B,17,83,66,3.96
R_2OEZ,0,9,A,A,17,167,150,9.0
R_2OEZ,0,10,A,B,17,183,166,9.959999999999999
R_2OEZ,0,11,A,A,17,201,184,11.04
R_2OEZ,0,12,A,B,17,211,194,11.639999999999999
R_2OEZ,0,13,A,A,17,223,206,12.36
R_2OEZ,0,14,A,B,17,233,216,12.959999999999999
R_2OEZ,0,15,A,B,17,244,227,13.62
R_2OEZ,1,2,B,A,27,49,22,1.3199999999999998
R_2OEZ,1,3,B,B,27,61,34,2.04
R_2OEZ,1,7,B,B,27,115,88,5.279999999999999
R_2OEZ,1,9,B,A,27,167,140,8.4
R_2OEZ,1,10,B,B,27,183,156,9.36
R_2OEZ,2,7,A,B,49,115,66,3.96
R_2OEZ,2,8,A,B,49,129,80,4.8
R_2OEZ,2,9,A,A,49,167,118,7.08
R_2OEZ,3,6,B,B,61,103,42,2.52
R_2OEZ,3,7,B,B,61,115,54,3.2399999999999998
R_2OEZ,3,8,B,B,61,129,68,4.08
R_2OEZ,3,9,B,A,61,167,106,6.359999999999999
R_2OEZ,3,10,B,B,61,183,122,7.319999999999999
R_2OEZ,4,5,B,B,83,93,10,0.6
R_2OEZ,4,6,B,B,83,103,20,1.2
R_2OEZ,4,9,B,A,83,167,84,5.04
R_2OEZ,4,10,B,B,83,183,100,6.0
R_2OEZ,4,11,B,A,83,201,118,7.08
R_2OEZ,5,9,B,A,93,167,74,4.4399999999999995
R_2OEZ,5,10,B,B,93,183,90,5.3999999999999995
R_2OEZ,6,9,B,A,103,167,64,3.84
R_2OEZ,6,10,B,B,103,183,80,4.8
R_2OEZ,7,8,B,B,115,129,14,0.84
R_2OEZ,7,9,B,A,115,167,52,3.12
R_2OEZ,8,9,B,A,129,167,38,2.28
R_2OEZ,10,11,B,A,183,201,18,1.08
R_2OEZ,10,12,B,B,183,211,28,1.68
R_2OEZ,10,13,B,A,183,223,40,2.4
R_2OEZ,10,14,B,B,183,233,50,3.0
R_2OEZ,10,15,B,B,183,244,61,3.6599999999999997
R_2OEZ,11,12,A,B,201,211,10,0.6
R_2OEZ,11,13,A,A,201,223,22,1.3199999999999998
R_2OEZ,11,14,A,B,201,233,32,1.92
R_2OEZ,11,15,A,B,201,244,43,2.58
R_2OEZ,12,13,B,A,211,223,12,0.72
R_2OEZ,12,14,B,B,211,233,22,1.3199999999999998
R_2OEZ,12,15,B,B,211,244,33,1.98
R_2OEZ,13,14,A,B,223,233,10,0.6
R_2OEZ,13,15,A,B,223,244,21,1.26
R_2OEZ,14,15,B,B,233,244,11,0.6599999999999999
R_2OGG,0,1,B,A,16,45,29,1.74
R_2OGG,0,2,B,B,16,56,40,2.4
R_2OGG,0,3,B,A,16,83,67,4.02
R_2OGG,0,4,B,B,16,96,80,4.8
R_2OGG,0,5,B,A,16,131,115,6.8999999999999995
R_2OGG,1,2,A,B,45,56,11,0.6599999999999999
R_2OGG,1,3,A,A,45,83,38,2.28
R_2OGG,1,4,A,B,45,96,51,3.06
R_2OGG,1,5,A,A,45,131,86,5.16
R_2OGG,1,6,A,B,45,143,98,5.88
R_2OGG,2,3,B,A,56,83,27,1.6199999999999999
R_2OGG,2,4,B,B,56,96,40,2.4
R_2OGG,2,5,B,A,56,131,75,4.5
R_2OGG,3,5,A,A,83,131,48,2.88
R_2OGG,3,6,A,B,83,143,60,3.5999999999999996
R_2OGG,4,5,B,A,96,131,35,2.1
R_2OGG,4,6,B,B,96,143,47,2.82
R_2OGG,5,6,A,B,131,143,12,0.72
R_2OXL,0,1,B,A,14,40,26,1.56
R_2OXL,0,2,B,B,14,50,36,2.16
R_2OXL,0,3,B,B,14,61,47,2.82
R_2OXL,1,2,A,B,40,50,10,0.6
R_2OXL,1,3,A,B,40,61,21,1.26
R_2P2E,0,1,B,B,9,21,12,0.72
R_2P2E,0,2,B,A,9,40,31,1.8599999999999999
R_2P2E,0,3,B,B,9,51,42,2.52
R_2P2E,0,5,B,A,9,75,66,3.96
R_2P2E,0,6,B,B,9,86,77,4.62
R_2P2E,0,7,B,A,9,104,95,5.7
R_2P2E,0,8,B,B,9,118,109,6.54
R_2P2E,1,2,B,A,21,40,19,1.14
R_2P2E,1,3,B,B,21,51,30,1.7999999999999998
R_2P2E,1,4,B,B,21,62,41,2.46
R_2P2E,1,5,B,A,21,75,54,3.2399999999999998
R_2P2E,1,7,B,A,21,104,83,4.9799999999999995
R_2P2E,1,8,B,B,21,118,97,5.819999999999999
R_2P2E,2,3,A,B,40,51,11,0.6599999999999999
R_2P2E,2,4,A,B,40,62,22,1.3199999999999998
R_2P2E,2,5,A,A,40,75,35,2.1
R_2P2E,2,6,A,B,40,86,46,2.76
R_2P2E,2,7,A,A,40,104,64,3.84
R_2P2E,2,8,A,B,40,118,78,4.68
R_2P2E,3,4,B,B,51,62,11,0.6599999999999999
R_2P2E,3,5,B,A,51,75,24,1.44
R_2P2E,3,6,B,B,51,86,35,2.1
R_2P2E,3,7,B,A,51,104,53,3.1799999999999997
R_2P2E,3,8,B,B,51,118,67,4.02
R_2P2E,4,5,B,A,62,75,13,0.78
R_2P2E,4,6,B,B,62,86,24,1.44
R_2P2E,4,8,B,B,62,118,56,3.36
R_2P2E,5,6,A,B,75,86,11,0.6599999999999999
R_2P2E,5,7,A,A,75,104,29,1.74
R_2P2E,6,7,B,A,86,104,18,1.08
R_2P2E,6,8,B,B,86,118,32,1.92
R_2P2E,7,8,A,B,104,118,14,0.84
R_2VQ2,0,1,B,B,17,31,14,0.84
R_2VQ2,0,2,B,B,17,41,24,1.44
R_2VQ2,0,3,B,B,17,55,38,2.28
R_2VQ2,0,4,B,B,17,69,52,3.12
R_2VQ2,1,2,B,B,31,41,10,0.6
R_2VQ2,1,3,B,B,31,55,24,1.44
R_2VQ2,1,4,B,B,31,69,38,2.28
R_2VQ2,2,4,B,B,41,69,28,1.68
R_2VQ2,2,5,B,B,41,79,38,2.28
R_2VQ2,3,4,B,B,55,69,14,0.84
R_2VQ2,3,5,B,B,55,79,24,1.44
R_2VQ2,3,6,B,B,55,91,36,2.16
R_2VQ2,4,5,B,B,69,79,10,0.6
R_2VQ2,4,6,B,B,69,91,22,1.3199999999999998
R_2VQ2,4,7,B,B,69,101,32,1.92
R_2VQ2,5,6,B,B,79,91,12,0.72
R_2VQ2,5,7,B,B,79,101,22,1.3199999999999998
R_2VQ2,5,8,B,B,79,115,36,2.16
R_2VQ2,5,9,B,A,79,137,58,3.48
R_2VQ2,6,7,B,B,91,101,10,0.6
R_2VQ2,6,8,B,B,91,115,24,1.44
R_2VQ2,6,9,B,A,91,137,46,2.76
R_2VQ2,7,8,B,B,101,115,14,0.84
R_2VQ2,7,9,B,A,101,137,36,2.16
R_2VQ2,7,10,B,B,101,147,46,2.76
R_2VQ2,8,9,B,A,115,137,22,1.3199999999999998
R_2VQ2,8,10,B,B,115,147,32,1.92
R_2VQ2,8,11,B,A,115,167,52,3.12
R_2VQ2,9,10,A,B,137,147,10,0.6
R_2VQ2,9,11,A,A,137,167,30,1.7999999999999998
R_2VQ2,9,12,A,A,137,185,48,2.88
R_2VQ2,10,11,B,A,147,167,20,1.2
R_2VQ2,10,12,B,A,147,185,38,2.28
R_2VQ2,11,12,A,A,167,185,18,1.08
R_2VQ2,11,13,A,A,167,209,42,2.52
R_2VQ2,12,13,A,A,185,209,24,1.44
R_2VQ2,12,14,A,B,185,219,34,2.04
R_2VQ2,13,14,A,B,209,219,10,0.6
R_2XOV,0,2,B,A,11,53,42,2.52
R_2XOV,0,3,B,A,11,87,76,4.56
R_2XOV,0,4,B,B,11,101,90,5.3999999999999995
R_2XOV,0,5,B,B,11,111,100,6.0
R_2XOV,0,6,B,B,11,129,118,7.08
R_2XOV,1,2,B,A,21,53,32,1.92
R_2XOV,1,3,B,A,21,87,66,3.96
R_2XOV,1,5,B,B,21,111,90,5.3999999999999995
R_2XOV,1,6,B,B,21,129,108,6.4799999999999995
R_2XOV,2,3,A,A,53,87,34,2.04
R_2XOV,2,4,A,B,53,101,48,2.88
R_2XOV,2,5,A,B,53,111,58,3.48
R_2XOV,2,6,A,B,53,129,76,4.56
R_2XOV,2,9,A,B,53,180,127,7.62
R_2XOV,3,5,A,B,87,111,24,1.44
R_2XOV,3,6,A,B,87,129,42,2.52
R_2XOV,3,7,A,B,87,145,58,3.48
R_2XOV,3,8,A,B,87,155,68,4.08
R_2XOV,3,9,A,B,87,180,93,5.58
R_2XOV,4,5,B,B,101,111,10,0.6
R_2XOV,4,6,B,B,101,129,28,1.68
R_2XOV,4,9,B,B,101,180,79,4.74
R_2XOV,5,7,B,B,111,145,34,2.04
R_2XOV,5,8,B,B,111,155,44,2.6399999999999997
R_2XOV,5,9,B,B,111,180,69,4.14
R_2XOV,6,7,B,B,129,145,16,0.96
R_2XOV,6,8,B,B,129,155,26,1.56
R_2XOV,6,9,B,B,129,180,51,3.06
R_2XOV,7,8,B,B,145,155,10,0.6
R_2XOV,7,9,B,B,145,180,35,2.1
R_2XOV,8,9,B,B,155,180,25,1.5
R_3BQP,0,2,B,B,11,35,24,1.44
R_3BQP,0,3,B,A,11,55,44,2.6399999999999997
R_3BQP,0,4,B,B,11,65,54,3.2399999999999998
R_3BQP,0,5,B,A,11,79,68,4.08
R_3BQP,1,2,B,B,23,35,12,0.72
R_3BQP,1,3,B,A,23,55,32,1.92
R_3BQP,1,4,B,B,23,65,42,2.52
R_3BQP,1,5,B,A,23,79,56,3.36
R_3BQP,2,3,B,A,35,55,20,1.2
R_3BQP,2,4,B,B,35,65,30,1.7999999999999998
R_3BQP,3,5,A,A,55,79,24,1.44
R_3BQP,4,5,B,A,65,79,14,0.84
R_3DQY,0,1,B,A,10,47,37,2.2199999999999998
R_3DQY,0,2,B,A,10,58,48,2.88
R_3DQY,0,4,B,A,10,105,95,5.7
R_3DQY,1,2,A,A,47,58,11,0.6599999999999999
R_3DQY,1,3,A,A,47,82,35,2.1
R_3DQY,1,4,A,A,47,105,58,3.48
R_3DQY,2,3,A,A,58,82,24,1.44
R_3DQY,2,4,A,A,58,105,47,2.82
R_3DQY,3,4,A,A,82,105,23,1.38
R_3F7X,0,1,B,A,9,21,12,0.72
R_3F7X,0,2,B,A,9,42,33,1.98
R_3F7X,0,4,B,B,9,66,57,3.42
R_3F7X,0,5,B,A,9,82,73,4.38
R_3F7X,0,7,B,B,9,116,107,6.42
R_3F7X,0,8,B,B,9,132,123,7.38
R_3F7X,1,2,A,A,21,42,21,1.26
R_3F7X,1,3,A,B,21,55,34,2.04
R_3F7X,1,4,A,B,21,66,45,2.6999999999999997
R_3F7X,1,5,A,A,21,82,61,3.6599999999999997
R_3F7X,1,7,A,B,21,116,95,5.7
R_3F7X,1,8,A,B,21,132,111,6.66
R_3F7X,2,3,A,B,42,55,13,0.78
R_3F7X,2,6,A,A,42,104,62,3.7199999999999998
R_3F7X,2,7,A,B,42,116,74,4.4399999999999995
R_3F7X,2,8,A,B,42,132,90,5.3999999999999995
R_3F7X,3,6,B,A,55,104,49,2.94
R_3F7X,3,7,B,B,55,116,61,3.6599999999999997
R_3F7X,3,8,B,B,55,132,77,4.62
R_3F7X,4,5,B,A,66,82,16,0.96
R_3F7X,4,6,B,A,66,104,38,2.28
R_3F7X,4,7,B,B,66,116,50,3.0
R_3F7X,4,8,B,B,66,132,66,3.96
R_3F7X,5,6,A,A,82,104,22,1.3199999999999998
R_3F7X,5,7,A,B,82,116,34,2.04
R_3F7X,5,8,A,B,82,132,50,3.0
R_3F7X,6,8,A,B,104,132,28,1.68
R_3F7X,7,8,B,B,116,132,16,0.96
R_3G2E,0,1,A,B,35,45,10,0.6
R_3G2E,0,2,A,A,35,63,28,1.68
R_3G2E,0,3,A,B,35,73,38,2.28
R_3G2E,0,4,A,A,35,97,62,3.7199999999999998
R_3G2E,0,5,A,A,35,115,80,4.8
R_3G2E,0,6,A,A,35,133,98,5.88
R_3G2E,0,7,A,B,35,145,110,6.6
R_3G2E,0,8,A,A,35,169,134,8.04
R_3G2E,0,9,A,B,35,185,150,9.0
R_3G2E,1,2,B,A,45,63,18,1.08
R_3G2E,1,3,B,B,45,73,28,1.68
R_3G2E,1,4,B,A,45,97,52,3.12
R_3G2E,2,3,A,B,63,73,10,0.6
R_3G2E,2,4,A,A,63,97,34,2.04
R_3G2E,2,5,A,A,63,115,52,3.12
R_3G2E,2,7,A,B,63,145,82,4.92
R_3G2E,2,8,A,A,63,169,106,6.359999999999999
R_3G2E,3,4,B,A,73,97,24,1.44
R_3G2E,3,5,B,A,73,115,42,2.52
R_3G2E,3,6,B,A,73,133,60,3.5999999999999996
R_3G2E,3,7,B,B,73,145,72,4.32
R_3G2E,3,9,B,B,73,185,112,6.72
R_3G2E,4,5,A,A,97,115,18,1.08
R_3G2E,4,6,A,A,97,133,36,2.16
R_3G2E,4,7,A,B,97,145,48,2.88
R_3G2E,4,9,A,B,97,185,88,5.279999999999999
R_3G2E,5,6,A,A,115,133,18,1.08
R_3G2E,5,7,A,B,115,145,30,1.7999999999999998
R_3G2E,5,9,A,B,115,185,70,4.2
R_3G2E,6,7,A,B,133,145,12,0.72
R_3G2E,6,8,A,A,133,169,36,2.16
R_3G2E,6,9,A,B,133,185,52,3.12
R_3G2E,7,8,B,A,145,169,24,1.44
R_3G2E,7,9,B,B,145,185,40,2.4
R_3G2E,8,9,A,B,169,185,16,0.96
R_3H6I,0,1,B,A,9,45,36,2.16
R_3H6I,0,2,B,B,9,67,58,3.48
R_3H6I,0,5,B,B,9,113,104,6.24
R_3H6I,0,6,B,B,9,123,114,6.84
R_3H6I,0,7,B,B,9,139,130,7.8
R_3H6I,0,8,B,B,9,153,144,8.64
R_3H6I,0,9,B,A,9,181,172,10.32
R_3H6I,0,10,B,B,9,193,184,11.04
R_3H6I,0,11,B,A,9,207,198,11.879999999999999
R_3H6I,1,2,A,B,45,67,22,1.3199999999999998
R_3H6I,1,3,A,B,45,87,42,2.52
R_3H6I,1,4,A,B,45,97,52,3.12
R_3H6I,1,5,A,B,45,113,68,4.08
R_3H6I,1,6,A,B,45,123,78,4.68
R_3H6I,1,7,A,B,45,139,94,5.64
R_3H6I,1,8,A,B,45,153,108,6.4799999999999995
R_3H6I,1,9,A,A,45,181,136,8.16
R_3H6I,1,10,A,B,45,193,148,8.879999999999999
R_3H6I,1,11,A,A,45,207,162,9.719999999999999
R_3H6I,1,12,A,B,45,220,175,10.5
R_3H6I,2,3,B,B,67,87,20,1.2
R_3H6I,2,4,B,B,67,97,30,1.7999999999999998
R_3H6I,2,5,B,B,67,113,46,2.76
R_3H6I,2,10,B,B,67,193,126,7.56
R_3H6I,3,4,B,B,87,97,10,0.6
R_3H6I,3,5,B,B,87,113,26,1.56
R_3H6I,3,6,B,B,87,123,36,2.16
R_3H6I,3,7,B,B,87,139,52,3.12
R_3H6I,4,5,B,B,97,113,16,0.96
R_3H6I,4,6,B,B,97,123,26,1.56
R_3H6I,4,7,B,B,97,139,42,2.52
R_3H6I,5,6,B,B,113,123,10,0.6
R_3H6I,5,7,B,B,113,139,26,1.56
R_3H6I,5,8,B,B,113,153,40,2.4
R_3H6I,5,9,B,A,113,181,68,4.08
R_3H6I,5,10,B,B,113,193,80,4.8
R_3H6I,5,11,B,A,113,207,94,5.64
R_3H6I,6,7,B,B,123,139,16,0.96
R_3H6I,6,8,B,B,123,153,30,1.7999999999999998
R_3H6I,6,11,B,A,123,207,84,5.04
R_3H6I,7,8,B,B,139,153,14,0.84
R_3H6I,7,9,B,A,139,181,42,2.52
R_3H6I,8,9,B,A,153,181,28,1.68
R_3H6I,8,12,B,B,153,220,67,4.02
R_3H6I,9,10,A,B,181,193,12,0.72
R_3H6I,9,11,A,A,181,207,26,1.56
R_3H6I,9,12,A,B,181,220,39,2.34
R_3H6I,10,11,B,A,193,207,14,0.84
R_3H6I,10,12,B,B,193,220,27,1.6199999999999999
R_3H6I,11,12,A,B,207,220,13,0.78
R_3K3S,0,1,B,A,10,43,33,1.98
R_3K3S,0,2,B,A,10,69,59,3.54
R_3K3S,1,2,A,A,43,69,26,1.56
R_3K3S,1,3,A,B,43,84,41,2.46
R_3K3S,2,3,A,B,69,84,15,0.8999999999999999
R_3KDF,0,1,B,A,10,45,35,2.1
R_3KDF,0,2,B,B,10,55,45,2.6999999999999997
R_3KDF,0,3,B,B,10,67,57,3.42
R_3KDF,0,4,B,A,10,81,71,4.26
R_3KDF,0,6,B,A,10,114,104,6.24
R_3KDF,1,2,A,B,45,55,10,0.6
R_3KDF,1,3,A,B,45,67,22,1.3199999999999998
R_3KDF,1,4,A,A,45,81,36,2.16
R_3KDF,1,5,A,B,45,94,49,2.94
R_3KDF,1,6,A,A,45,114,69,4.14
R_3KDF,2,3,B,B,55,67,12,0.72
R_3KDF,2,4,B,A,55,81,26,1.56
R_3KDF,2,5,B,B,55,94,39,2.34
R_3KDF,2,6,B,A,55,114,59,3.54
R_3KDF,3,4,B,A,67,81,14,0.84
R_3KDF,3,5,B,B,67,94,27,1.6199999999999999
R_3KDF,3,6,B,A,67,114,47,2.82
R_3KDF,4,5,A,B,81,94,13,0.78
R_3KDF,5,6,B,A,94,114,20,1.2
R_3KE7,0,1,A,A,20,33,13,0.78
R_3KE7,0,2,A,B,20,44,24,1.44
R_3KE7,0,4,A,B,20,75,55,3.3
R_3KE7,0,5,A,A,20,92,72,4.32
R_3KE7,0,7,A,B,20,114,94,5.64
R_3KE7,0,8,A,B,20,131,111,6.66
R_3KE7,1,2,A,B,33,44,11,0.6599999999999999
R_3KE7,1,3,A,A,33,58,25,1.5
R_3KE7,1,4,A,B,33,75,42,2.52
R_3KE7,1,5,A,A,33,92,59,3.54
R_3KE7,1,6,A,A,33,103,70,4.2
R_3KE7,1,7,A,B,33,114,81,4.859999999999999
R_3KE7,1,8,A,B,33,131,98,5.88
R_3KE7,2,3,B,A,44,58,14,0.84
R_3KE7,2,4,B,B,44,75,31,1.8599999999999999
R_3KE7,2,6,B,A,44,103,59,3.54
R_3KE7,2,7,B,B,44,114,70,4.2
R_3KE7,2,8,B,B,44,131,87,5.22
R_3KE7,3,4,A,B,58,75,17,1.02
R_3KE7,3,6,A,A,58,103,45,2.6999999999999997
R_3KE7,3,7,A,B,58,114,56,3.36
R_3KE7,3,8,A,B,58,131,73,4.38
R_3KE7,4,5,B,A,75,92,17,1.02
R_3KE7,4,6,B,A,75,103,28,1.68
R_3KE7,4,7,B,B,75,114,39,2.34
R_3KE7,4,8,B,B,75,131,56,3.36
R_3KE7,5,6,A,A,92,103,11,0.6599999999999999
R_3KE7,5,7,A,B,92,114,22,1.3199999999999998
R_3KE7,5,8,A,B,92,131,39,2.34
R_3KE7,6,7,A,B,103,114,11,0.6599999999999999
R_3KE7,6,8,A,B,103,131,28,1.68
R_3KE7,7,8,B,B,114,131,17,1.02
R_3LDT,0,1,B,B,14,24,10,0.6
R_3LDT,0,2,B,B,14,51,37,2.2199999999999998
R_3LDT,0,3,B,B,14,64,50,3.0
R_3LDT,0,4,B,B,14,76,62,3.7199999999999998
R_3LDT,0,8,B,B,14,146,132,7.92
R_3LDT,1,2,B,B,24,51,27,1.6199999999999999
R_3LDT,1,3,B,B,24,64,40,2.4
R_3LDT,1,7,B,A,24,135,111,6.66
R_3LDT,1,8,B,B,24,146,122,7.319999999999999
R_3LDT,2,3,B,B,51,64,13,0.78
R_3LDT,2,4,B,B,51,76,25,1.5
R_3LDT,2,5,B,A,51,106,55,3.3
R_3LDT,2,7,B,A,51,135,84,5.04
R_3LDT,2,8,B,B,51,146,95,5.7
R_3LDT,3,4,B,B,64,76,12,0.72
R_3LDT,3,5,B,A,64,106,42,2.52
R_3LDT,3,6,B,B,64,116,52,3.12
R_3LDT,3,8,B,B,64,146,82,4.92
R_3LDT,4,5,B,A,76,106,30,1.7999999999999998
R_3LDT,4,6,B,B,76,116,40,2.4
R_3LDT,4,7,B,A,76,135,59,3.54
R_3LDT,4,8,B,B,76,146,70,4.2
R_3LDT,5,6,A,B,106,116,10,0.6
R_3LDT,5,7,A,A,106,135,29,1.74
R_3LDT,5,8,A,B,106,146,40,2.4
R_3LDT,6,8,B,B,116,146,30,1.7999999999999998
R_3LDT,7,8,A,B,135,146,11,0.6599999999999999
R_3LFJ,0,1,B,B,9,19,10,0.6
R_3LFJ,0,2,B,B,9,29,20,1.2
R_3LFJ,0,3,B,A,9,45,36,2.16
R_3LFJ,0,4,B,A,9,81,72,4.32
R_3LFJ,0,5,B,B,9,93,84,5.04
R_3LFJ,0,6,B,B,9,107,98,5.88
R_3LFJ,0,7,B,A,9,119,110,6.6
R_3LFJ,0,9,B,B,9,139,130,7.8
R_3LFJ,0,10,B,A,9,155,146,8.76
R_3LFJ,1,2,B,B,19,29,10,0.6
R_3LFJ,1,3,B,A,19,45,26,1.56
R_3LFJ,1,4,B,A,19,81,62,3.7199999999999998
R_3LFJ,1,5,B,B,19,93,74,4.4399999999999995
R_3LFJ,1,6,B,B,19,107,88,5.279999999999999
R_3LFJ,1,7,B,A,19,119,100,6.0
R_3LFJ,1,8,B,B,19,129,110,6.6
R_3LFJ,1,9,B,B,19,139,120,7.199999999999999
R_3LFJ,1,10,B,A,19,155,136,8.16
R_3LFJ,2,3,B,A,29,45,16,0.96
R_3LFJ,2,4,B,A,29,81,52,3.12
R_3LFJ,2,5,B,B,29,93,64,3.84
R_3LFJ,2,6,B,B,29,107,78,4.68
R_3LFJ,2,10,B,A,29,155,126,7.56
R_3LFJ,3,4,A,A,45,81,36,2.16
R_3LFJ,3,5,A,B,45,93,48,2.88
R_3LFJ,3,6,A,B,45,107,62,3.7199999999999998
R_3LFJ,4,5,A,B,81,93,12,0.72
R_3LFJ,4,6,A,B,81,107,26,1.56
R_3LFJ,5,6,B,B,93,107,14,0.84
R_3LFJ,5,7,B,A,93,119,26,1.56
R_3LFJ,5,8,B,B,93,129,36,2.16
R_3LFJ,5,9,B,B,93,139,46,2.76
R_3LFJ,5,10,B,A,93,155,62,3.7199999999999998
R_3LFJ,6,7,B,A,107,119,12,0.72
R_3LFJ,6,8,B,B,107,129,22,1.3199999999999998
R_3LFJ,6,9,B,B,107,139,32,1.92
R_3LFJ,6,10,B,A,107,155,48,2.88
R_3LFJ,6,11,B,B,107,166,59,3.54
R_3LFJ,7,8,A,B,119,129,10,0.6
R_3LFJ,7,9,A,B,119,139,20,1.2
R_3LFJ,7,10,A,A,119,155,36,2.16
R_3LFJ,7,11,A,B,119,166,47,2.82
R_3LFJ,8,10,B,A,129,155,26,1.56
R_3LFJ,8,11,B,B,129,166,37,2.2199999999999998
R_3LFJ,9,10,B,A,139,155,16,0.96
R_3LFJ,9,11,B,B,139,166,27,1.6199999999999999
R_3LFJ,10,11,A,B,155,166,11,0.6599999999999999
R_3MMH,0,1,B,B,9,25,16,0.96
R_3MMH,0,2,B,A,9,37,28,1.68
R_3MMH,0,3,B,A,9,55,46,2.76
R_3MMH,0,6,B,A,9,145,136,8.16
R_3MMH,1,2,B,A,25,37,12,0.72
R_3MMH,1,3,B,A,25,55,30,1.7999999999999998
R_3MMH,1,6,B,A,25,145,120,7.199999999999999
R_3MMH,1,7,B,B,25,155,130,7.8
R_3MMH,1,8,B,B,25,166,141,8.459999999999999
R_3MMH,2,3,A,A,37,55,18,1.08
R_3MMH,2,4,A,A,37,85,48,2.88
R_3MMH,2,6,A,A,37,145,108,6.4799999999999995
R_3MMH,2,7,A,B,37,155,118,7.08
R_3MMH,2,8,A,B,37,166,129,7.739999999999999
R_3MMH,3,4,A,A,55,85,30,1.7999999999999998
R_3MMH,3,5,A,A,55,101,46,2.76
R_3MMH,3,6,A,A,55,145,90,5.3999999999999995
R_3MMH,3,7,A,B,55,155,100,6.0
R_3MMH,3,8,A,B,55,166,111,6.66
R_3MMH,4,5,A,A,85,101,16,0.96
R_3MMH,4,6,A,A,85,145,60,3.5999999999999996
R_3MMH,5,6,A,A,101,145,44,2.6399999999999997
R_3MMH,5,7,A,B,101,155,54,3.2399999999999998
R_3MMH,6,7,A,B,145,155,10,0.6
R_3MMH,6,8,A,B,145,166,21,1.26
R_3TEE,0,1,B,B,17,31,14,0.84
R_3TEE,0,2,B,B,17,43,26,1.56
R_3TEE,0,3,B,B,17,61,44,2.6399999999999997
R_3TEE,0,4,B,B,17,71,54,3.2399999999999998
R_3TEE,0,5,B,B,17,81,64,3.84
R_3TEE,0,7,B,B,17,117,100,6.0
R_3TEE,1,2,B,B,31,43,12,0.72
R_3TEE,1,3,B,B,31,61,30,1.7999999999999998
R_3TEE,1,4,B,B,31,71,40,2.4
R_3TEE,1,5,B,B,31,81,50,3.0
R_3TEE,1,6,B,A,31,99,68,4.08
R_3TEE,1,7,B,B,31,117,86,5.16
R_3TEE,2,3,B,B,43,61,18,1.08
R_3TEE,2,4,B,B,43,71,28,1.68
R_3TEE,3,4,B,B,61,71,10,0.6
R_3TEE,3,5,B,B,61,81,20,1.2
R_3TEE,3,6,B,A,61,99,38,2.28
R_3TEE,3,7,B,B,61,117,56,3.36
R_3TEE,4,6,B,A,71,99,28,1.68
R_3TEE,4,7,B,B,71,117,46,2.76
R_3TEE,5,6,B,A,81,99,18,1.08
R_3TEE,5,7,B,B,81,117,36,2.16
R_3TEE,5,8,B,A,81,129,48,2.88
R_3TEE,5,9,B,B,81,141,60,3.5999999999999996
R_3TEE,6,7,A,B,99,117,18,1.08
R_3TEE,6,8,A,A,99,129,30,1.7999999999999998
R_3TEE,6,9,A,B,99,141,42,2.52
R_3TEE,7,8,B,A,117,129,12,0.72
R_3TEE,7,9,B,B,117,141,24,1.44
R_3TEE,7,10,B,A,117,169,52,3.12
R_3TEE,7,12,B,A,117,197,80,4.8
R_3TEE,8,9,A,B,129,141,12,0.72
R_3TEE,8,10,A,A,129,169,40,2.4
R_3TEE,9,10,B,A,141,169,28,1.68
R_3TEE,9,11,B,A,141,185,44,2.6399999999999997
R_3TEE,9,12,B,A,141,197,56,3.36
R_3TEE,10,11,A,A,169,185,16,0.96
R_3TEE,10,12,A,A,169,197,28,1.68
R_3TEE,10,13,A,B,169,212,43,2.58
R_3TEE,11,12,A,A,185,197,12,0.72
R_3TEE,11,13,A,B,185,212,27,1.6199999999999999
R_3TEE,12,13,A,B,197,212,15,0.8999999999999999
R_3UP3,0,2,B,A,15,75,60,3.5999999999999996
R_3UP3,0,8,B,B,15,159,144,8.64
R_3UP3,0,10,B,B,15,183,168,10.08
R_3UP3,0,11,B,B,15,193,178,10.68
R_3UP3,0,12,B,B,15,209,194,11.639999999999999
R_3UP3,1,2,B,A,25,75,50,3.0
R_3UP3,1,3,B,B,25,87,62,3.7199999999999998
R_3UP3,1,4,B,A,25,105,80,4.8
R_3UP3,1,5,B,B,25,121,96,5.76
R_3UP3,1,8,B,B,25,159,134,8.04
R_3UP3,2,3,A,B,75,87,12,0.72
R_3UP3,2,4,A,A,75,105,30,1.7999999999999998
R_3UP3,2,5,A,B,75,121,46,2.76
R_3UP3,2,6,A,B,75,133,58,3.48
R_3UP3,2,8,A,B,75,159,84,5.04
R_3UP3,2,9,A,B,75,169,94,5.64
R_3UP3,2,10,A,B,75,183,108,6.4799999999999995
R_3UP3,2,13,A,B,75,223,148,8.879999999999999
R_3UP3,2,14,A,A,75,241,166,9.959999999999999
R_3UP3,3,6,B,B,87,133,46,2.76
R_3UP3,3,7,B,B,87,145,58,3.48
R_3UP3,3,8,B,B,87,159,72,4.32
R_3UP3,3,9,B,B,87,169,82,4.92
R_3UP3,3,10,B,B,87,183,96,5.76
R_3UP3,3,12,B,B,87,209,122,7.319999999999999
R_3UP3,3,13,B,B,87,223,136,8.16
R_3UP3,3,14,B,A,87,241,154,9.24
R_3UP3,4,5,A,B,105,121,16,0.96
R_3UP3,4,6,A,B,105,133,28,1.68
R_3UP3,4,7,A,B,105,145,40,2.4
R_3UP3,4,8,A,B,105,159,54,3.2399999999999998
R_3UP3,4,12,A,B,105,209,104,6.24
R_3UP3,4,13,A,B,105,223,118,7.08
R_3UP3,5,6,B,B,121,133,12,0.72
R_3UP3,5,7,B,B,121,145,24,1.44
R_3UP3,5,13,B,B,121,223,102,6.12
R_3UP3,5,14,B,A,121,241,120,7.199999999999999
R_3UP3,6,12,B,B,133,209,76,4.56
R_3UP3,6,13,B,B,133,223,90,5.3999999999999995
R_3UP3,6,14,B,A,133,241,108,6.4799999999999995
R_3UP3,7,8,B,B,145,159,14,0.84
R_3UP3,7,11,B,B,145,193,48,2.88
R_3UP3,7,12,B,B,145,209,64,3.84
R_3UP3,7,13,B,B,145,223,78,4.68
R_3UP3,8,9,B,B,159,169,10,0.6
R_3UP3,8,10,B,B,159,183,24,1.44
R_3UP3,8,11,B,B,159,193,34,2.04
R_3UP3,8,12,B,B,159,209,50,3.0
R_3UP3,8,13,B,B,159,223,64,3.84
R_3UP3,9,10,B,B,169,183,14,0.84
R_3UP3,10,12,B,B,183,209,26,1.56
R_3UP3,11,12,B,B,193,209,16,0.96
R_3UP3,13,14,B,A,223,241,18,1.08
R_4DQJ,0,1,B,A,13,62,49,2.94
R_4DQJ,0,3,B,A,13,89,76,4.56
R_4DQJ,1,2,A,B,62,72,10,0.6
R_4DQJ,1,3,A,A,62,89,27,1.6199999999999999
R_4DQJ,1,4,A,A,62,112,50,3.0
R_4DQJ,1,5,A,B,62,123,61,3.6599999999999997
R_4DQJ,2,3,B,A,72,89,17,1.02
R_4DQJ,2,4,B,A,72,112,40,2.4
R_4DQJ,3,5,A,B,89,123,34,2.04
R_4DQJ,4,5,A,B,112,123,11,0.6599999999999999
R_4DQJ,4,6,A,B,112,136,24,1.44
R_4DQJ,5,6,B,B,123,136,13,0.78
R_4FC9,0,1,B,B,13,23,10,0.6
R_4FC9,0,3,B,A,13,105,92,5.52
R_4FC9,0,4,B,B,13,115,102,6.12
R_4FC9,0,7,B,A,13,170,157,9.42
R_4FC9,1,2,B,A,23,57,34,2.04
R_4FC9,1,6,B,A,23,147,124,7.4399999999999995
R_4FC9,1,7,B,A,23,170,147,8.82
R_4FC9,2,3,A,A,57,105,48,2.88
R_4FC9,2,4,A,B,57,115,58,3.48
R_4FC9,2,5,A,A,57,127,70,4.2
R_4FC9,2,6,A,A,57,147,90,5.3999999999999995
R_4FC9,2,7,A,A,57,170,113,6.779999999999999
R_4FC9,3,4,A,B,105,115,10,0.6
R_4FC9,3,5,A,A,105,127,22,1.3199999999999998
R_4FC9,3,6,A,A,105,147,42,2.52
R_4FC9,3,7,A,A,105,170,65,3.9
R_4FC9,4,5,B,A,115,127,12,0.72
R_4FC9,4,6,B,A,115,147,32,1.92
R_4FC9,4,7,B,A,115,170,55,3.3
R_4FC9,5,6,A,A,127,147,20,1.2
R_4FC9,5,7,A,A,127,170,43,2.58
R_4FC9,6,7,A,A,147,170,23,1.38
R_4FZP,0,2,B,B,16,51,35,2.1
R_4FZP,0,3,B,B,16,63,47,2.82
R_4FZP,0,4,B,B,16,80,64,3.84
R_4FZP,1,2,A,B,34,51,17,1.02
R_4FZP,1,4,A,B,34,80,46,2.76
R_4FZP,2,3,B,B,51,63,12,0.72
R_4FZP,2,4,B,B,51,80,29,1.74
R_4L57,0,1,B,A,17,31,14,0.84
R_4L57,0,2,B,B,17,41,24,1.44
R_4L57,0,3,B,A,17,73,56,3.36
R_4L57,0,4,B,B,17,85,68,4.08
R_4L57,0,5,B,B,17,97,80,4.8
R_4L57,0,6,B,A,17,115,98,5.88
R_4L57,0,7,B,B,17,133,116,6.96
R_4L57,0,8,B,A,17,149,132,7.92
R_4L57,0,9,B,A,17,173,156,9.36
R_4L57,0,10,B,A,17,191,174,10.44
R_4L57,1,2,A,B,31,41,10,0.6
R_4L57,1,3,A,A,31,73,42,2.52
R_4L57,1,9,A,A,31,173,142,8.52
R_4L57,2,3,B,A,41,73,32,1.92
R_4L57,2,8,B,A,41,149,108,6.4799999999999995
R_4L57,2,9,B,A,41,173,132,7.92
R_4L57,3,5,A,B,73,97,24,1.44
R_4L57,3,6,A,A,73,115,42,2.52
R_4L57,3,7,A,B,73,133,60,3.5999999999999996
R_4L57,3,8,A,A,73,149,76,4.56
R_4L57,3,9,A,A,73,173,100,6.0
R_4L57,3,10,A,A,73,191,118,7.08
R_4L57,4,5,B,B,85,97,12,0.72
R_4L57,4,6,B,A,85,115,30,1.7999999999999998
R_4L57,4,7,B,B,85,133,48,2.88
R_4L57,4,8,B,A,85,149,64,3.84
R_4L57,4,9,B,A,85,173,88,5.279999999999999
R_4L57,4,10,B,A,85,191,106,6.359999999999999
R_4L57,5,6,B,A,97,115,18,1.08
R_4L57,5,7,B,B,97,133,36,2.16
R_4L57,5,8,B,A,97,149,52,3.12
R_4L57,5,9,B,A,97,173,76,4.56
R_4L57,5,10,B,A,97,191,94,5.64
R_4L57,6,7,A,B,115,133,18,1.08
R_4L57,7,8,B,A,133,149,16,0.96
R_4L57,7,9,B,A,133,173,40,2.4
R_4L57,8,9,A,A,149,173,24,1.44
R_4L57,8,10,A,A,149,191,42,2.52
R_4L57,9,10,A,A,173,191,18,1.08
R_4LXR,0,1,A,B,28,47,19,1.14
R_4LXR,0,2,A,A,28,63,35,2.1
R_4LXR,0,3,A,A,28,94,66,3.96
R_4LXR,0,4,A,B,28,105,77,4.62
R_4LXR,1,2,B,A,47,63,16,0.96
R_4LXR,1,3,B,A,47,94,47,2.82
R_4LXR,1,4,B,B,47,105,58,3.48
R_4LXR,2,3,A,A,63,94,31,1.8599999999999999
R_4LXR,2,4,A,B,63,105,42,2.52
R_4LXR,3,4,A,B,94,105,11,0.6599999999999999
R_4O7Q,0,1,B,B,14,25,11,0.6599999999999999
R_4O7Q,0,2,B,A,14,41,27,1.6199999999999999
R_4O7Q,0,3,B,A,14,62,48,2.88
R_4O7Q,0,4,B,B,14,74,60,3.5999999999999996
R_4O7Q,0,5,B,B,14,93,79,4.74
R_4O7Q,1,2,B,A,25,41,16,0.96
R_4O7Q,1,3,B,A,25,62,37,2.2199999999999998
R_4O7Q,1,4,B,B,25,74,49,2.94
R_4O7Q,1,5,B,B,25,93,68,4.08
R_4O7Q,2,3,A,A,41,62,21,1.26
R_4O7Q,2,4,A,B,41,74,33,1.98
R_4O7Q,3,4,A,B,62,74,12,0.72
R_4O7Q,3,5,A,B,62,93,31,1.8599999999999999
R_4O7Q,4,5,B,B,74,93,19,1.14
R_4Q29,0,1,A,A,19,37,18,1.08
R_4Q29,0,2,A,B,19,54,35,2.1
R_4Q29,0,4,A,A,19,93,74,4.4399999999999995
R_4Q29,0,5,A,B,19,103,84,5.04
R_4Q29,1,2,A,B,37,54,17,1.02
R_4Q29,1,3,A,A,37,77,40,2.4
R_4Q29,1,4,A,A,37,93,56,3.36
R_4Q29,1,5,A,B,37,103,66,3.96
R_4Q29,1,6,A,B,37,120,83,4.9799999999999995
R_4Q29,2,3,B,A,54,77,23,1.38
R_4Q29,2,4,B,A,54,93,39,2.34
R_4Q29,2,5,B,B,54,103,49,2.94
R_4Q29,2,6,B,B,54,120,66,3.96
R_4Q29,3,4,A,A,77,93,16,0.96
R_4Q29,3,5,A,B,77,103,26,1.56
R_4Q29,3,6,A,B,77,120,43,2.58
R_4Q29,4,5,A,B,93,103,10,0.6
R_4Q29,4,6,A,B,93,120,27,1.6199999999999999
R_4XHT,0,1,B,B,9,21,12,0.72
R_4XHT,0,4,B,A,9,59,50,3.0
R_4XHT,0,5,B,A,9,75,66,3.96
R_4XHT,0,6,B,A,9,93,84,5.04
R_4XHT,1,3,B,B,21,44,23,1.38
R_4XHT,1,4,B,A,21,59,38,2.28
R_4XHT,1,5,B,A,21,75,54,3.2399999999999998
R_4XHT,1,6,B,A,21,93,72,4.32
R_4XHT,2,3,A,B,34,44,10,0.6
R_4XHT,2,5,A,A,34,75,41,2.46
R_4XHT,2,6,A,A,34,93,59,3.54
R_4XHT,3,4,B,A,44,59,15,0.8999999999999999
R_4XHT,3,5,B,A,44,75,31,1.8599999999999999
R_4XHT,3,6,B,A,44,93,49,2.94
R_4XHT,4,5,A,A,59,75,16,0.96
R_4XHT,4,6,A,A,59,93,34,2.04
R_4XHT,5,6,A,A,75,93,18,1.08
R_4XUR,0,1,A,A,21,39,18,1.08
R_4XUR,0,2,A,B,21,59,38,2.28
R_4XUR,0,3,A,B,21,71,50,3.0
R_4XUR,0,5,A,A,21,97,76,4.56
R_4XUR,0,7,A,B,21,127,106,6.359999999999999
R_4XUR,0,8,A,B,21,137,116,6.96
R_4XUR,0,9,A,B,21,160,139,8.34
R_4XUR,1,2,A,B,39,59,20,1.2
R_4XUR,1,3,A,B,39,71,32,1.92
R_4XUR,1,4,A,B,39,81,42,2.52
R_4XUR,1,6,A,A,39,111,72,4.32
R_4XUR,1,8,A,B,39,137,98,5.88
R_4XUR,1,9,A,B,39,160,121,7.26
R_4XUR,2,3,B,B,59,71,12,0.72
R_4XUR,2,4,B,B,59,81,22,1.3199999999999998
R_4XUR,2,5,B,A,59,97,38,2.28
R_4XUR,2,7,B,B,59,127,68,4.08
R_4XUR,2,8,B,B,59,137,78,4.68
R_4XUR,2,9,B,B,59,160,101,6.06
R_4XUR,3,4,B,B,71,81,10,0.6
R_4XUR,3,5,B,A,71,97,26,1.56
R_4XUR,3,6,B,A,71,111,40,2.4
R_4XUR,3,7,B,B,71,127,56,3.36
R_4XUR,3,8,B,B,71,137,66,3.96
R_4XUR,3,9,B,B,71,160,89,5.34
R_4XUR,4,5,B,A,81,97,16,0.96
R_4XUR,4,6,B,A,81,111,30,1.7999999999999998
R_4XUR,4,7,B,B,81,127,46,2.76
R_4XUR,4,8,B,B,81,137,56,3.36
R_4XUR,4,9,B,B,81,160,79,4.74
R_4XUR,5,6,A,A,97,111,14,0.84
R_4XUR,5,7,A,B,97,127,30,1.7999999999999998
R_4XUR,5,8,A,B,97,137,40,2.4
R_4XUR,6,7,A,B,111,127,16,0.96
R_4XUR,6,8,A,B,111,137,26,1.56
R_4XUR,6,9,A,B,111,160,49,2.94
R_4XUR,7,8,B,B,127,137,10,0.6
R_4XUR,7,9,B,B,127,160,33,1.98
R_4XUR,8,9,B,B,137,160,23,1.38
R_5CWG,0,1,B,A,15,39,24,1.44
R_5CWG,0,2,B,B,15,51,36,2.16
R_5CWG,0,3,B,B,15,67,52,3.12
R_5CWG,0,4,B,A,15,93,78,4.68
R_5CWG,1,2,A,B,39,51,12,0.72
R_5CWG,1,3,A,B,39,67,28,1.68
R_5CWG,1,4,A,A,39,93,54,3.2399999999999998
R_5CWG,1,6,A,B,39,117,78,4.68
R_5CWG,2,3,B,B,51,67,16,0.96
R_5CWG,2,4,B,A,51,93,42,2.52
R_5CWG,2,5,B,B,51,103,52,3.12
R_5CWG,2,6,B,B,51,117,66,3.96
R_5CWG,3,4,B,A,67,93,26,1.56
R_5CWG,3,5,B,B,67,103,36,2.16
R_5CWG,3,6,B,B,67,117,50,3.0
R_5CWG,3,7,B,A,67,129,62,3.7199999999999998
R_5CWG,3,8,B,B,67,151,84,5.04
R_5CWG,4,5,A,B,93,103,10,0.6
R_5CWG,4,6,A,B,93,117,24,1.44
R_5CWG,4,7,A,A,93,129,36,2.16
R_5CWG,4,8,A,B,93,151,58,3.48
R_5CWG,4,9,A,B,93,163,70,4.2
R_5CWG,5,8,B,B,103,151,48,2.88
R_5CWG,5,9,B,B,103,163,60,3.5999999999999996
R_5CWG,6,7,B,A,117,129,12,0.72
R_5CWG,6,8,B,B,117,151,34,2.04
R_5CWG,6,9,B,B,117,163,46,2.76
R_5CWG,6,10,B,B,117,173,56,3.36
R_5CWG,6,11,B,B,117,183,66,3.96
R_5CWG,7,8,A,B,129,151,22,1.3199999999999998
R_5CWG,7,10,A,B,129,173,44,2.6399999999999997
R_5CWG,7,11,A,B,129,183,54,3.2399999999999998
R_5CWG,8,9,B,B,151,163,12,0.72
R_5CWG,8,10,B,B,151,173,22,1.3199999999999998
R_5CWG,8,11,B,B,151,183,32,1.92
R_5CWG,8,12,B,B,151,194,43,2.58
R_5CWG,9,11,B,B,163,183,20,1.2
R_5CWG,9,12,B,B,163,194,31,1.8599999999999999
R_5CWG,10,11,B,B,173,183,10,0.6
R_5CWG,10,12,B,B,173,194,21,1.26
R_5FAI,0,3,B,B,9,57,48,2.88
R_5FAI,0,4,B,B,9,67,58,3.48
R_5FAI,0,5,B,A,9,99,90,5.3999999999999995
R_5FAI,0,8,B,B,9,129,120,7.199999999999999
R_5FAI,0,9,B,B,9,145,136,8.16
R_5FAI,0,10,B,B,9,155,146,8.76
R_5FAI,0,11,B,B,9,169,160,9.6
R_5FAI,0,13,B,A,9,193,184,11.04
R_5FAI,0,14,B,B,9,208,199,11.94
R_5FAI,1,2,B,A,25,47,22,1.3199999999999998
R_5FAI,1,3,B,B,25,57,32,1.92
R_5FAI,1,4,B,B,25,67,42,2.52
R_5FAI,1,5,B,A,25,99,74,4.4399999999999995
R_5FAI,1,6,B,B,25,109,84,5.04
R_5FAI,1,8,B,B,25,129,104,6.24
R_5FAI,1,9,B,B,25,145,120,7.199999999999999
R_5FAI,1,11,B,B,25,169,144,8.64
R_5FAI,1,12,B,B,25,179,154,9.24
R_5FAI,1,13,B,A,25,193,168,10.08
R_5FAI,1,14,B,B,25,208,183,10.98
R_5FAI,2,3,A,B,47,57,10,0.6
R_5FAI,2,5,A,A,47,99,52,3.12
R_5FAI,2,6,A,B,47,109,62,3.7199999999999998
R_5FAI,2,11,A,B,47,169,122,7.319999999999999
R_5FAI,2,12,A,B,47,179,132,7.92
R_5FAI,3,5,B,A,57,99,42,2.52
R_5FAI,3,6,B,B,57,109,52,3.12
R_5FAI,3,8,B,B,57,129,72,4.32
R_5FAI,3,11,B,B,57,169,112,6.72
R_5FAI,3,13,B,A,57,193,136,8.16
R_5FAI,3,14,B,B,57,208,151,9.06
R_5FAI,4,5,B,A,67,99,32,1.92
R_5FAI,4,7,B,B,67,119,52,3.12
R_5FAI,4,10,B,B,67,155,88,5.279999999999999
R_5FAI,4,11,B,B,67,169,102,6.12
R_5FAI,4,13,B,A,67,193,126,7.56
R_5FAI,4,14,B,B,67,208,141,8.459999999999999
R_5FAI,5,6,A,B,99,109,10,0.6
R_5FAI,5,7,A,B,99,119,20,1.2
R_5FAI,5,8,A,B,99,129,30,1.7999999999999998
R_5FAI,5,9,A,B,99,145,46,2.76
R_5FAI,5,10,A,B,99,155,56,3.36
R_5FAI,5,11,A,B,99,169,70,4.2
R_5FAI,5,12,A,B,99,179,80,4.8
R_5FAI,5,14,A,B,99,208,109,6.54
R_5FAI,6,7,B,B,109,119,10,0.6
R_5FAI,6,8,B,B,109,129,20,1.2
R_5FAI,7,8,B,B,119,129,10,0.6
R_5FAI,8,9,B,B,129,145,16,0.96
R_5FAI,8,11,B,B,129,169,40,2.4
R_5FAI,8,12,B,B,129,179,50,3.0
R_5FAI,9,10,B,B,145,155,10,0.6
R_5FAI,9,11,B,B,145,169,24,1.44
R_5FAI,9,12,B,B,145,179,34,2.04
R_5FAI,9,13,B,A,145,193,48,2.88
R_5FAI,9,14,B,B,145,208,63,3.78
R_5FAI,10,11,B,B,155,169,14,0.84
R_5FAI,10,12,B,B,155,179,24,1.44
R_5FAI,10,13,B,A,155,193,38,2.28
R_5FAI,10,14,B,B,155,208,53,3.1799999999999997
R_5FAI,11,12,B,B,169,179,10,0.6
R_5FAI,11,13,B,A,169,193,24,1.44
R_5FAI,11,14,B,B,169,208,39,2.34
R_5FAI,12,13,B,A,179,193,14,0.84
R_5FAI,13,14,A,B,193,208,15,0.8999999999999999
R_5HTL,0,1,A,B,15,25,10,0.6
R_5HTL,0,2,A,A,15,41,26,1.56
R_5HTL,0,3,A,A,15,65,50,3.0
R_5HTL,0,7,A,B,15,105,90,5.3999999999999995
R_5HTL,0,8,A,A,15,128,113,6.779999999999999
R_5HTL,1,2,B,A,25,41,16,0.96
R_5HTL,1,3,B,A,25,65,40,2.4
R_5HTL,2,3,A,A,41,65,24,1.44
R_5HTL,2,7,A,B,41,105,64,3.84
R_5HTL,2,8,A,A,41,128,87,5.22
R_5HTL,3,6,A,B,65,95,30,1.7999999999999998
R_5HTL,3,7,A,B,65,105,40,2.4
R_5HTL,3,8,A,A,65,128,63,3.78
R_5HTL,3,9,A,B,65,140,75,4.5
R_5HTL,4,6,B,B,75,95,20,1.2
R_5HTL,4,7,B,B,75,105,30,1.7999999999999998
R_5HTL,4,8,B,A,75,128,53,3.1799999999999997
R_5HTL,4,9,B,B,75,140,65,3.9
R_5HTL,5,6,B,B,85,95,10,0.6
R_5HTL,5,7,B,B,85,105,20,1.2
R_5HTL,5,8,B,A,85,128,43,2.58
R_5HTL,5,9,B,B,85,140,55,3.3
R_5HTL,6,7,B,B,95,105,10,0.6
R_5HTL,6,8,B,A,95,128,33,1.98
R_5HTL,6,9,B,B,95,140,45,2.6999999999999997
R_5HTL,7,8,B,A,105,128,23,1.38
R_5HTL,7,9,B,B,105,140,35,2.1
R_5LP9,0,1,A,A,27,49,22,1.3199999999999998
R_5LP9,0,2,A,B,27,67,40,2.4
R_5LP9,0,3,A,B,27,79,52,3.12
R_5LP9,0,4,A,B,27,89,62,3.7199999999999998
R_5LP9,0,5,A,B,27,101,74,4.4399999999999995
R_5LP9,0,6,A,A,27,133,106,6.359999999999999
R_5LP9,0,7,A,B,27,143,116,6.96
R_5LP9,0,8,A,B,27,159,132,7.92
R_5LP9,1,2,A,B,49,67,18,1.08
R_5LP9,1,4,A,B,49,89,40,2.4
R_5LP9,1,5,A,B,49,101,52,3.12
R_5LP9,1,6,A,A,49,133,84,5.04
R_5LP9,1,7,A,B,49,143,94,5.64
R_5LP9,1,8,A,B,49,159,110,6.6
R_5LP9,2,3,B,B,67,79,12,0.72
R_5LP9,2,5,B,B,67,101,34,2.04
R_5LP9,2,6,B,A,67,133,66,3.96
R_5LP9,2,7,B,B,67,143,76,4.56
R_5LP9,2,8,B,B,67,159,92,5.52
R_5LP9,3,4,B,B,79,89,10,0.6
R_5LP9,3,5,B,B,79,101,22,1.3199999999999998
R_5LP9,3,6,B,A,79,133,54,3.2399999999999998
R_5LP9,3,7,B,B,79,143,64,3.84
R_5LP9,3,8,B,B,79,159,80,4.8
R_5LP9,4,5,B,B,89,101,12,0.72
R_5LP9,4,6,B,A,89,133,44,2.6399999999999997
R_5LP9,4,7,B,B,89,143,54,3.2399999999999998
R_5LP9,4,8,B,B,89,159,70,4.2
R_5LP9,5,6,B,A,101,133,32,1.92
R_5LP9,5,7,B,B,101,143,42,2.52
R_5LP9,5,8,B,B,101,159,58,3.48
R_5LP9,6,7,A,B,133,143,10,0.6
R_5LP9,6,8,A,B,133,159,26,1.56
R_5LP9,7,8,B,B,143,159,16,0.96
R_5MDU,0,1,A,B,15,27,12,0.72
R_5MDU,0,4,A,A,15,117,102,6.12
R_5MDU,0,5,A,B,15,127,112,6.72
R_5MDU,0,6,A,A,15,141,126,7.56
R_5MDU,0,7,A,B,15,152,137,8.219999999999999
R_5MDU,1,2,B,B,27,39,12,0.72
R_5MDU,1,3,B,B,27,53,26,1.56
R_5MDU,1,4,B,A,27,117,90,5.3999999999999995
R_5MDU,1,5,B,B,27,127,100,6.0
R_5MDU,1,6,B,A,27,141,114,6.84
R_5MDU,1,7,B,B,27,152,125,7.5
R_5MDU,2,3,B,B,39,53,14,0.84
R_5MDU,2,4,B,A,39,117,78,4.68
R_5MDU,3,4,B,A,53,117,64,3.84
R_5MDU,3,5,B,B,53,127,74,4.4399999999999995
R_5MDU,3,6,B,A,53,141,88,5.279999999999999
R_5MDU,3,7,B,B,53,152,99,5.9399999999999995
R_5MDU,4,5,A,B,117,127,10,0.6
R_5MDU,4,6,A,A,117,141,24,1.44
R_5MDU,4,7,A,B,117,152,35,2.1
R_5MDU,5,6,B,A,127,141,14,0.84
R_5MDU,5,7,B,B,127,152,25,1.5
R_5MDU,6,7,A,B,141,152,11,0.6599999999999999
R_5O75,0,1,A,A,17,29,12,0.72
R_5O75,0,2,A,A,17,50,33,1.98
R_5O75,0,3,A,B,17,70,53,3.1799999999999997
R_5O75,1,2,A,A,29,50,21,1.26
R_5O75,1,3,A,B,29,70,41,2.46
R_5O75,2,3,A,B,50,70,20,1.2
R_5SV5,0,1,A,A,19,46,27,1.6199999999999999
R_5SV5,0,2,A,B,19,56,37,2.2199999999999998
R_5SV5,0,5,A,B,19,89,70,4.2
R_5SV5,0,6,A,B,19,104,85,5.1
R_5SV5,1,2,A,B,46,56,10,0.6
R_5SV5,1,3,A,B,46,69,23,1.38
R_5SV5,1,4,A,B,46,79,33,1.98
R_5SV5,1,5,A,B,46,89,43,2.58
R_5SV5,1,6,A,B,46,104,58,3.48
R_5SV5,2,3,B,B,56,69,13,0.78
R_5SV5,2,4,B,B,56,79,23,1.38
R_5SV5,2,5,B,B,56,89,33,1.98
R_5SV5,2,6,B,B,56,104,48,2.88
R_5SV5,3,4,B,B,69,79,10,0.6
R_5SV5,3,5,B,B,69,89,20,1.2
R_5SV5,4,5,B,B,79,89,10,0.6
R_5SV5,4,6,B,B,79,104,25,1.5
R_5SV5,5,6,B,B,89,104,15,0.8999999999999999
R_5UFN,0,1,A,B,11,25,14,0.84
R_5UFN,0,2,A,B,11,39,28,1.68
R_5UFN,0,3,A,B,11,51,40,2.4
R_5UFN,0,9,A,B,11,137,126,7.56
R_5UFN,0,11,A,B,11,165,154,9.24
R_5UFN,0,12,A,A,11,183,172,10.32
R_5UFN,0,14,A,B,11,211,200,12.0
R_5UFN,0,15,A,B,11,224,213,12.78
R_5UFN,1,7,B,B,25,103,78,4.68
R_5UFN,1,8,B,A,25,125,100,6.0
R_5UFN,1,9,B,B,25,137,112,6.72
R_5UFN,1,10,B,B,25,149,124,7.4399999999999995
R_5UFN,1,12,B,A,25,183,158,9.48
R_5UFN,2,3,B,B,39,51,12,0.72
R_5UFN,2,5,B,B,39,73,34,2.04
R_5UFN,2,6,B,A,39,91,52,3.12
R_5UFN,2,7,B,B,39,103,64,3.84
R_5UFN,2,8,B,A,39,125,86,5.16
R_5UFN,2,9,B,B,39,137,98,5.88
R_5UFN,2,10,B,B,39,149,110,6.6
R_5UFN,2,12,B,A,39,183,144,8.64
R_5UFN,3,5,B,B,51,73,22,1.3199999999999998
R_5UFN,3,6,B,A,51,91,40,2.4
R_5UFN,3,7,B,B,51,103,52,3.12
R_5UFN,3,9,B,B,51,137,86,5.16
R_5UFN,3,11,B,B,51,165,114,6.84
R_5UFN,3,12,B,A,51,183,132,7.92
R_5UFN,3,14,B,B,51,211,160,9.6
R_5UFN,3,15,B,B,51,224,173,10.379999999999999
R_5UFN,4,5,B,B,63,73,10,0.6
R_5UFN,4,6,B,A,63,91,28,1.68
R_5UFN,4,8,B,A,63,125,62,3.7199999999999998
R_5UFN,4,9,B,B,63,137,74,4.4399999999999995
R_5UFN,4,11,B,B,63,165,102,6.12
R_5UFN,4,14,B,B,63,211,148,8.879999999999999
R_5UFN,4,15,B,B,63,224,161,9.66
R_5UFN,5,6,B,A,73,91,18,1.08
R_5UFN,5,7,B,B,73,103,30,1.7999999999999998
R_5UFN,5,8,B,A,73,125,52,3.12
R_5UFN,5,9,B,B,73,137,64,3.84
R_5UFN,5,10,B,B,73,149,76,4.56
R_5UFN,5,11,B,B,73,165,92,5.52
R_5UFN,6,7,A,B,91,103,12,0.72
R_5UFN,6,8,A,A,91,125,34,2.04
R_5UFN,6,9,A,B,91,137,46,2.76
R_5UFN,6,10,A,B,91,149,58,3.48
R_5UFN,6,11,A,B,91,165,74,4.4399999999999995
R_5UFN,7,8,B,A,103,125,22,1.3199999999999998
R_5UFN,7,9,B,B,103,137,34,2.04
R_5UFN,8,9,A,B,125,137,12,0.72
R_5UFN,8,10,A,B,125,149,24,1.44
R_5UFN,8,11,A,B,125,165,40,2.4
R_5UFN,8,15,A,B,125,224,99,5.9399999999999995
R_5UFN,9,10,B,B,137,149,12,0.72
R_5UFN,9,11,B,B,137,165,28,1.68
R_5UFN,9,12,B,A,137,183,46,2.76
R_5UFN,9,13,B,B,137,197,60,3.5999999999999996
R_5UFN,9,14,B,B,137,211,74,4.4399999999999995
R_5UFN,9,15,B,B,137,224,87,5.22
R_5UFN,10,11,B,B,149,165,16,0.96
R_5UFN,10,12,B,A,149,183,34,2.04
R_5UFN,10,13,B,B,149,197,48,2.88
R_5UFN,10,14,B,B,149,211,62,3.7199999999999998
R_5UFN,10,15,B,B,149,224,75,4.5
R_5UFN,11,12,B,A,165,183,18,1.08
R_5UFN,11,13,B,B,165,197,32,1.92
R_5UFN,11,14,B,B,165,211,46,2.76
R_5UFN,11,15,B,B,165,224,59,3.54
R_5UFN,12,13,A,B,183,197,14,0.84
R_5UFN,12,15,A,B,183,224,41,2.46
R_5UFN,13,14,B,B,197,211,14,0.84
R_5UFN,13,15,B,B,197,224,27,1.6199999999999999
R_5UFN,14,15,B,B,211,224,13,0.78
R_6CXB,0,1,A,A,12,40,28,1.68
R_6CXB,1,2,A,B,40,51,11,0.6599999999999999
R_6CXB,1,3,A,B,40,62,22,1.3199999999999998
R_6CXB,1,4,A,B,40,82,42,2.52
R_6CXB,1,5,A,A,40,104,64,3.84
R_6CXB,1,6,A,B,40,121,81,4.859999999999999
R_6CXB,2,3,B,B,51,62,11,0.6599999999999999
R_6CXB,2,4,B,B,51,82,31,1.8599999999999999
R_6CXB,2,5,B,A,51,104,53,3.1799999999999997
R_6CXB,2,6,B,B,51,121,70,4.2
R_6CXB,3,4,B,B,62,82,20,1.2
R_6CXB,3,5,B,A,62,104,42,2.52
R_6CXB,3,6,B,B,62,121,59,3.54
R_6CXB,4,5,B,A,82,104,22,1.3199999999999998
R_6CXB,4,6,B,B,82,121,39,2.34
R_6CXB,5,6,A,B,104,121,17,1.02
R_6DCM,0,1,B,A,9,44,35,2.1
R_6DCM,0,2,B,B,9,54,45,2.6999999999999997
R_6DCM,0,3,B,A,9,68,59,3.54
R_6DCM,0,4,B,B,9,84,75,4.5
R_6DCM,1,2,A,B,44,54,10,0.6
R_6DCM,1,3,A,A,44,68,24,1.44
R_6DCM,1,4,A,B,44,84,40,2.4
R_6DCM,2,3,B,A,54,68,14,0.84
R_6DCM,2,4,B,B,54,84,30,1.7999999999999998
R_6DCM,3,4,A,B,68,84,16,0.96
R_6KZJ,0,2,B,B,12,42,30,1.7999999999999998
R_6KZJ,0,3,B,A,12,70,58,3.48
R_6KZJ,1,2,A,B,31,42,11,0.6599999999999999
R_6KZJ,1,3,A,A,31,70,39,2.34
R_6KZJ,2,3,B,A,42,70,28,1.68
R_6NBG,0,1,A,B,33,43,10,0.6
R_6NBG,0,2,A,B,33,53,20,1.2
R_6NBG,0,3,A,A,33,99,66,3.96
R_6NBG,0,4,A,A,33,155,122,7.319999999999999
R_6NBG,0,7,A,B,33,197,164,9.84
R_6NBG,0,8,A,A,33,217,184,11.04
R_6NBG,0,9,A,A,33,241,208,12.48
R_6NBG,1,2,B,B,43,53,10,0.6
R_6NBG,1,3,B,A,43,99,56,3.36
R_6NBG,1,4,B,A,43,155,112,6.72
R_6NBG,1,5,B,B,43,165,122,7.319999999999999
R_6NBG,1,6,B,B,43,175,132,7.92
R_6NBG,1,7,B,B,43,197,154,9.24
R_6NBG,1,8,B,A,43,217,174,10.44
R_6NBG,1,9,B,A,43,241,198,11.879999999999999
R_6NBG,2,3,B,A,53,99,46,2.76
R_6NBG,2,4,B,A,53,155,102,6.12
R_6NBG,2,7,B,B,53,197,144,8.64
R_6NBG,2,9,B,A,53,241,188,11.28
R_6NBG,3,4,A,A,99,155,56,3.36
R_6NBG,3,5,A,B,99,165,66,3.96
R_6NBG,3,6,A,B,99,175,76,4.56
R_6NBG,3,7,A,B,99,197,98,5.88
R_6NBG,4,5,A,B,155,165,10,0.6
R_6NBG,4,6,A,B,155,175,20,1.2
R_6NBG,4,7,A,B,155,197,42,2.52
R_6NBG,4,8,A,A,155,217,62,3.7199999999999998
R_6NBG,4,9,A,A,155,241,86,5.16
R_6NBG,5,6,B,B,165,175,10,0.6
R_6NBG,5,7,B,B,165,197,32,1.92
R_6NBG,6,7,B,B,175,197,22,1.3199999999999998
R_6NBG,7,8,B,A,197,217,20,1.2
R_6NBG,7,9,B,A,197,241,44,2.6399999999999997
R_6NBG,8,9,A,A,217,241,24,1.44
R_6P7L,0,5,B,B,12,78,66,3.96
R_6P7L,0,6,B,A,12,94,82,4.92
R_6P7L,0,7,B,A,12,119,107,6.42
R_6P7L,0,8,B,B,12,139,127,7.62
R_6P7L,1,2,A,B,34,46,12,0.72
R_6P7L,1,3,A,A,34,58,24,1.44
R_6P7L,1,4,A,B,34,68,34,2.04
R_6P7L,1,5,A,B,34,78,44,2.6399999999999997
R_6P7L,1,6,A,A,34,94,60,3.5999999999999996
R_6P7L,1,7,A,A,34,119,85,5.1
R_6P7L,1,8,A,B,34,139,105,6.3
R_6P7L,2,3,B,A,46,58,12,0.72
R_6P7L,2,4,B,B,46,68,22,1.3199999999999998
R_6P7L,2,7,B,A,46,119,73,4.38
R_6P7L,2,8,B,B,46,139,93,5.58
R_6P7L,3,4,A,B,58,68,10,0.6
R_6P7L,3,8,A,B,58,139,81,4.859999999999999
R_6P7L,4,6,B,A,68,94,26,1.56
R_6P7L,4,7,B,A,68,119,51,3.06
R_6P7L,5,6,B,A,78,94,16,0.96
R_6P7L,5,7,B,A,78,119,41,2.46
R_6P7L,6,7,A,A,94,119,25,1.5
R_6P7L,6,8,A,B,94,139,45,2.6999999999999997
R_6P7L,7,8,A,B,119,139,20,1.2
R_6R2W,0,1,B,A,17,33,16,0.96
R_6R2W,0,2,B,A,17,57,40,2.4
R_6R2W,0,3,B,A,17,79,62,3.7199999999999998
R_6R2W,0,4,B,B,17,91,74,4.4399999999999995
R_6R2W,0,5,B,B,17,101,84,5.04
R_6R2W,0,6,B,B,17,113,96,5.76
R_6R2W,0,7,B,A,17,129,112,6.72
R_6R2W,0,8,B,A,17,155,138,8.28
R_6R2W,0,11,B,A,17,209,192,11.52
R_6R2W,1,2,A,A,33,57,24,1.44
R_6R2W,1,3,A,A,33,79,46,2.76
R_6R2W,1,4,A,B,33,91,58,3.48
R_6R2W,1,5,A,B,33,101,68,4.08
R_6R2W,1,6,A,B,33,113,80,4.8
R_6R2W,1,8,A,A,33,155,122,7.319999999999999
R_6R2W,2,3,A,A,57,79,22,1.3199999999999998
R_6R2W,2,4,A,B,57,91,34,2.04
R_6R2W,2,5,A,B,57,101,44,2.6399999999999997
R_6R2W,2,8,A,A,57,155,98,5.88
R_6R2W,3,4,A,B,79,91,12,0.72
R_6R2W,3,5,A,B,79,101,22,1.3199999999999998
R_6R2W,3,6,A,B,79,113,34,2.04
R_6R2W,3,8,A,A,79,155,76,4.56
R_6R2W,5,8,B,A,101,155,54,3.2399999999999998
R_6R2W,5,11,B,A,101,209,108,6.4799999999999995
R_6R2W,6,7,B,A,113,129,16,0.96
R_6R2W,6,8,B,A,113,155,42,2.52
R_6R2W,6,9,B,A,113,171,58,3.48
R_6R2W,6,10,B,B,113,185,72,4.32
R_6R2W,6,11,B,A,113,209,96,5.76
R_6R2W,7,8,A,A,129,155,26,1.56
R_6R2W,7,9,A,A,129,171,42,2.52
R_6R2W,7,10,A,B,129,185,56,3.36
R_6R2W,7,11,A,A,129,209,80,4.8
R_6R2W,8,9,A,A,155,171,16,0.96
R_6R2W,8,10,A,B,155,185,30,1.7999999999999998
R_6R2W,8,11,A,A,155,209,54,3.2399999999999998
R_6R2W,9,10,A,B,171,185,14,0.84
R_6R2W,9,11,A,A,171,209,38,2.28
R_6R2W,10,11,B,A,185,209,24,1.44
R_6T3Z,0,2,B,A,9,61,52,3.12
R_6T3Z,0,3,B,A,9,73,64,3.84
R_6T3Z,0,5,B,B,9,99,90,5.3999999999999995
R_6T3Z,0,11,B,A,9,199,190,11.4
R_6T3Z,1,2,B,A,19,61,42,2.52
R_6T3Z,1,3,B,A,19,73,54,3.2399999999999998
R_6T3Z,1,4,B,A,19,87,68,4.08
R_6T3Z,1,5,B,B,19,99,80,4.8
R_6T3Z,1,8,B,B,19,145,126,7.56
R_6T3Z,1,11,B,A,19,199,180,10.799999999999999
R_6T3Z,1,12,B,B,19,216,197,11.82
R_6T3Z,2,3,A,A,61,73,12,0.72
R_6T3Z,2,4,A,A,61,87,26,1.56
R_6T3Z,2,5,A,B,61,99,38,2.28
R_6T3Z,2,6,A,B,61,109,48,2.88
R_6T3Z,2,7,A,A,61,135,74,4.4399999999999995
R_6T3Z,2,8,A,B,61,145,84,5.04
R_6T3Z,2,9,A,B,61,163,102,6.12
R_6T3Z,2,11,A,A,61,199,138,8.28
R_6T3Z,2,12,A,B,61,216,155,9.299999999999999
R_6T3Z,3,4,A,A,73,87,14,0.84
R_6T3Z,3,5,A,B,73,99,26,1.56
R_6T3Z,3,7,A,A,73,135,62,3.7199999999999998
R_6T3Z,3,8,A,B,73,145,72,4.32
R_6T3Z,3,11,A,A,73,199,126,7.56
R_6T3Z,4,5,A,B,87,99,12,0.72
R_6T3Z,4,6,A,B,87,109,22,1.3199999999999998
R_6T3Z,4,7,A,A,87,135,48,2.88
R_6T3Z,4,8,A,B,87,145,58,3.48
R_6T3Z,4,9,A,B,87,163,76,4.56
R_6T3Z,5,6,B,B,99,109,10,0.6
R_6T3Z,5,7,B,A,99,135,36,2.16
R_6T3Z,5,8,B,B,99,145,46,2.76
R_6T3Z,5,9,B,B,99,163,64,3.84
R_6T3Z,6,7,B,A,109,135,26,1.56
R_6T3Z,6,8,B,B,109,145,36,2.16
R_6T3Z,6,9,B,B,109,163,54,3.2399999999999998
R_6T3Z,7,8,A,B,135,145,10,0.6
R_6T3Z,7,9,A,B,135,163,28,1.68
R_6T3Z,7,11,A,A,135,199,64,3.84
R_6T3Z,7,12,A,B,135,216,81,4.859999999999999
R_6T3Z,8,9,B,B,145,163,18,1.08
R_6T3Z,8,10,B,B,145,177,32,1.92
R_6T3Z,8,11,B,A,145,199,54,3.2399999999999998
R_6T3Z,8,12,B,B,145,216,71,4.26
R_6T3Z,9,10,B,B,163,177,14,0.84
R_6T3Z,9,12,B,B,163,216,53,3.1799999999999997
R_6T3Z,10,11,B,A,177,199,22,1.3199999999999998
R_6T3Z,10,12,B,B,177,216,39,2.34
R_6T3Z,11,12,A,B,199,216,17,1.02
R_6WPG,0,2,B,A,16,60,44,2.6399999999999997
R_6WPG,0,3,B,B,16,71,55,3.3
R_6WPG,0,5,B,B,16,105,89,5.34
R_6WPG,1,2,B,A,33,60,27,1.6199999999999999
R_6WPG,1,3,B,B,33,71,38,2.28
R_6WPG,1,4,B,A,33,95,62,3.7199999999999998
R_6WPG,1,5,B,B,33,105,72,4.32
R_6WPG,1,6,B,B,33,118,85,5.1
R_6WPG,2,3,A,B,60,71,11,0.6599999999999999
R_6WPG,2,4,A,A,60,95,35,2.1
R_6WPG,2,5,A,B,60,105,45,2.6999999999999997
R_6WPG,2,6,A,B,60,118,58,3.48
R_6WPG,3,4,B,A,71,95,24,1.44
R_6WPG,3,5,B,B,71,105,34,2.04
R_6WPG,3,6,B,B,71,118,47,2.82
R_6WPG,4,5,A,B,95,105,10,0.6
R_6WPG,4,6,A,B,95,118,23,1.38
R_6WPG,5,6,B,B,105,118,13,0.78
R_6ZPP,0,2,B,A,11,73,62,3.7199999999999998
R_6ZPP,0,3,B,A,11,101,90,5.3999999999999995
R_6ZPP,0,5,B,A,11,139,128,7.68
R_6ZPP,1,2,A,A,41,73,32,1.92
R_6ZPP,1,3,A,A,41,101,60,3.5999999999999996
R_6ZPP,1,4,A,B,41,111,70,4.2
R_6ZPP,1,5,A,A,41,139,98,5.88
R_6ZPP,1,7,A,B,41,160,119,7.14
R_6ZPP,2,3,A,A,73,101,28,1.68
R_6ZPP,2,4,A,B,73,111,38,2.28
R_6ZPP,2,5,A,A,73,139,66,3.96
R_6ZPP,2,6,A,B,73,149,76,4.56
R_6ZPP,3,4,A,B,101,111,10,0.6
R_6ZPP,3,5,A,A,101,139,38,2.28
R_6ZPP,3,6,A,B,101,149,48,2.88
R_6ZPP,3,7,A,B,101,160,59,3.54
R_6ZPP,4,6,B,B,111,149,38,2.28
R_6ZPP,4,7,B,B,111,160,49,2.94
R_6ZPP,5,6,A,B,139,149,10,0.6
R_7VP8,0,3,B,B,11,61,50,3.0
R_7VP8,0,4,B,B,11,73,62,3.7199999999999998
R_7VP8,0,7,B,B,11,111,100,6.0
R_7VP8,0,8,B,A,11,127,116,6.96
R_7VP8,1,2,B,A,29,43,14,0.84
R_7VP8,1,3,B,B,29,61,32,1.92
R_7VP8,1,4,B,B,29,73,44,2.6399999999999997
R_7VP8,1,5,B,B,29,83,54,3.2399999999999998
R_7VP8,1,6,B,B,29,95,66,3.96
R_7VP8,1,7,B,B,29,111,82,4.92
R_7VP8,1,8,B,A,29,127,98,5.88
R_7VP8,1,9,B,B,29,137,108,6.4799999999999995
R_7VP8,2,3,A,B,43,61,18,1.08
R_7VP8,2,5,A,B,43,83,40,2.4
R_7VP8,2,6,A,B,43,95,52,3.12
R_7VP8,2,9,A,B,43,137,94,5.64
R_7VP8,2,10,A,B,43,151,108,6.4799999999999995
R_7VP8,2,11,A,B,43,167,124,7.4399999999999995
R_7VP8,3,4,B,B,61,73,12,0.72
R_7VP8,3,5,B,B,61,83,22,1.3199999999999998
R_7VP8,3,6,B,B,61,95,34,2.04
R_7VP8,3,7,B,B,61,111,50,3.0
R_7VP8,3,8,B,A,61,127,66,3.96
R_7VP8,3,9,B,B,61,137,76,4.56
R_7VP8,3,10,B,B,61,151,90,5.3999999999999995
R_7VP8,3,11,B,B,61,167,106,6.359999999999999
R_7VP8,4,8,B,A,73,127,54,3.2399999999999998
R_7VP8,5,6,B,B,83,95,12,0.72
R_7VP8,5,7,B,B,83,111,28,1.68
R_7VP8,6,9,B,B,95,137,42,2.52
R_7VP8,6,10,B,B,95,151,56,3.36
R_7VP8,6,11,B,B,95,167,72,4.32
R_7VP8,7,8,B,A,111,127,16,0.96
R_7VP8,7,9,B,B,111,137,26,1.56
R_7VP8,7,10,B,B,111,151,40,2.4
R_7VP8,9,11,B,B,137,167,30,1.7999999999999998
R_7VP8,10,11,B,B,151,167,16,0.96
R_8AXJ,0,1,B,A,13,25,12,0.72
R_8AXJ,0,2,B,A,13,41,28,1.68
R_8AXJ,0,3,B,B,13,53,40,2.4
R_8AXJ,0,4,B,B,13,63,50,3.0
R_8AXJ,1,2,A,A,25,41,16,0.96
R_8AXJ,1,3,A,B,25,53,28,1.68
R_8AXJ,1,4,A,B,25,63,38,2.28
R_8AXJ,1,5,A,B,25,77,52,3.12
R_8AXJ,2,3,A,B,41,53,12,0.72
R_8AXJ,2,4,A,B,41,63,22,1.3199999999999998
R_8AXJ,2,5,A,B,41,77,36,2.16
R_8AXJ,2,10,A,A,41,160,119,7.14
R_8AXJ,3,4,B,B,53,63,10,0.6
R_8AXJ,3,5,B,B,53,77,24,1.44
R_8AXJ,3,7,B,A,53,109,56,3.36
R_8AXJ,4,5,B,B,63,77,14,0.84
R_8AXJ,4,6,B,B,63,87,24,1.44
R_8AXJ,4,7,B,A,63,109,46,2.76
R_8AXJ,4,10,B,A,63,160,97,5.819999999999999
R_8AXJ,5,6,B,B,77,87,10,0.6
R_8AXJ,5,7,B,A,77,109,32,1.92
R_8AXJ,5,8,B,A,77,127,50,3.0
R_8AXJ,6,7,B,A,87,109,22,1.3199999999999998
R_8AXJ,6,8,B,A,87,127,40,2.4
R_8AXJ,6,9,B,B,87,143,56,3.36
R_8AXJ,6,10,B,A,87,160,73,4.38
R_8AXJ,7,8,A,A,109,127,18,1.08
R_8AXJ,7,9,A,B,109,143,34,2.04
R_8AXJ,7,10,A,A,109,160,51,3.06
R_8AXJ,8,9,A,B,127,143,16,0.96
R_8AXJ,8,10,A,A,127,160,33,1.98
R_8AXJ,9,10,B,A,143,160,17,1.02
R_8ERM,0,1,B,B,9,27,18,1.08
R_8ERM,0,2,B,B,9,37,28,1.68
R_8ERM,0,3,B,B,9,47,38,2.28
R_8ERM,0,4,B,B,9,65,56,3.36
R_8ERM,0,9,B,A,9,135,126,7.56
R_8ERM,0,10,B,B,9,147,138,8.28
R_8ERM,0,11,B,B,9,159,150,9.0
R_8ERM,0,12,B,B,9,169,160,9.6
R_8ERM,0,13,B,A,9,185,176,10.559999999999999
R_8ERM,0,14,B,A,9,198,189,11.34
R_8ERM,1,2,B,B,27,37,10,0.6
R_8ERM,1,3,B,B,27,47,20,1.2
R_8ERM,1,4,B,B,27,65,38,2.28
R_8ERM,1,9,B,A,27,135,108,6.4799999999999995
R_8ERM,1,10,B,B,27,147,120,7.199999999999999
R_8ERM,1,11,B,B,27,159,132,7.92
R_8ERM,1,12,B,B,27,169,142,8.52
R_8ERM,1,13,B,A,27,185,158,9.48
R_8ERM,1,14,B,A,27,198,171,10.26
R_8ERM,2,3,B,B,37,47,10,0.6
R_8ERM,2,4,B,B,37,65,28,1.68
R_8ERM,2,6,B,B,37,85,48,2.88
R_8ERM,2,9,B,A,37,135,98,5.88
R_8ERM,2,13,B,A,37,185,148,8.879999999999999
R_8ERM,2,14,B,A,37,198,161,9.66
R_8ERM,3,4,B,B,47,65,18,1.08
R_8ERM,3,6,B,B,47,85,38,2.28
R_8ERM,3,9,B,A,47,135,88,5.279999999999999
R_8ERM,3,10,B,B,47,147,100,6.0
R_8ERM,3,11,B,B,47,159,112,6.72
R_8ERM,3,13,B,A,47,185,138,8.28
R_8ERM,3,14,B,A,47,198,151,9.06
R_8ERM,4,5,B,B,65,75,10,0.6
R_8ERM,4,6,B,B,65,85,20,1.2
R_8ERM,4,7,B,B,65,95,30,1.7999999999999998
R_8ERM,4,8,B,A,65,109,44,2.6399999999999997
R_8ERM,4,9,B,A,65,135,70,4.2
R_8ERM,4,10,B,B,65,147,82,4.92
R_8ERM,4,11,B,B,65,159,94,5.64
R_8ERM,4,12,B,B,65,169,104,6.24
R_8ERM,4,13,B,A,65,185,120,7.199999999999999
R_8ERM,4,14,B,A,65,198,133,7.9799999999999995
R_8ERM,5,6,B,B,75,85,10,0.6
R_8ERM,5,7,B,B,75,95,20,1.2
R_8ERM,5,8,B,A,75,109,34,2.04
R_8ERM,5,9,B,A,75,135,60,3.5999999999999996
R_8ERM,5,10,B,B,75,147,72,4.32
R_8ERM,5,11,B,B,75,159,84,5.04
R_8ERM,5,12,B,B,75,169,94,5.64
R_8ERM,6,7,B,B,85,95,10,0.6
R_8ERM,6,8,B,A,85,109,24,1.44
R_8ERM,6,9,B,A,85,135,50,3.0
R_8ERM,6,10,B,B,85,147,62,3.7199999999999998
R_8ERM,6,11,B,B,85,159,74,4.4399999999999995
R_8ERM,6,12,B,B,85,169,84,5.04
R_8ERM,6,13,B,A,85,185,100,6.0
R_8ERM,7,8,B,A,95,109,14,0.84
R_8ERM,7,9,B,A,95,135,40,2.4
R_8ERM,7,10,B,B,95,147,52,3.12
R_8ERM,7,11,B,B,95,159,64,3.84
R_8ERM,7,12,B,B,95,169,74,4.4399999999999995
R_8ERM,8,9,A,A,109,135,26,1.56
R_8ERM,9,10,A,B,135,147,12,0.72
R_8ERM,9,11,A,B,135,159,24,1.44
R_8ERM,9,12,A,B,135,169,34,2.04
R_8ERM,9,13,A,A,135,185,50,3.0
R_8ERM,10,11,B,B,147,159,12,0.72
R_8ERM,10,12,B,B,147,169,22,1.3199999999999998
R_8ERM,10,13,B,A,147,185,38,2.28
R_8ERM,11,12,B,B,159,169,10,0.6
R_8ERM,11,13,B,A,159,185,26,1.56
R_8ERM,11,14,B,A,159,198,39,2.34
R_8ERM,13,14,A,A,185,198,13,0.78
R_8Q29,0,1,B,A,13,35,22,1.3199999999999998
R_8Q29,0,2,B,B,13,47,34,2.04
R_8Q29,0,3,B,B,13,57,44,2.6399999999999997
R_8Q29,0,4,B,B,13,71,58,3.48
R_8Q29,0,5,B,B,13,97,84,5.04
R_8Q29,0,9,B,B,13,209,196,11.76
R_8Q29,0,11,B,B,13,229,216,12.959999999999999
R_8Q29,0,12,B,B,13,241,228,13.68
R_8Q29,1,2,A,B,35,47,12,0.72
R_8Q29,1,3,A,B,35,57,22,1.3199999999999998
R_8Q29,1,4,A,B,35,71,36,2.16
R_8Q29,1,6,A,A,35,115,80,4.8
R_8Q29,1,9,A,B,35,209,174,10.44
R_8Q29,1,10,A,B,35,219,184,11.04
R_8Q29,1,11,A,B,35,229,194,11.639999999999999
R_8Q29,2,3,B,B,47,57,10,0.6
R_8Q29,2,4,B,B,47,71,24,1.44
R_8Q29,2,5,B,B,47,97,50,3.0
R_8Q29,2,7,B,A,47,161,114,6.84
R_8Q29,2,9,B,B,47,209,162,9.719999999999999
R_8Q29,2,10,B,B,47,219,172,10.32
R_8Q29,2,11,B,B,47,229,182,10.92
R_8Q29,3,4,B,B,57,71,14,0.84
R_8Q29,3,5,B,B,57,97,40,2.4
R_8Q29,3,6,B,A,57,115,58,3.48
R_8Q29,3,7,B,A,57,161,104,6.24
R_8Q29,3,9,B,B,57,209,152,9.12
R_8Q29,3,10,B,B,57,219,162,9.719999999999999
R_8Q29,3,11,B,B,57,229,172,10.32
R_8Q29,3,12,B,B,57,241,184,11.04
R_8Q29,4,5,B,B,71,97,26,1.56
R_8Q29,4,6,B,A,71,115,44,2.6399999999999997
R_8Q29,4,7,B,A,71,161,90,5.3999999999999995
R_8Q29,4,9,B,B,71,209,138,8.28
R_8Q29,4,10,B,B,71,219,148,8.879999999999999
R_8Q29,4,11,B,B,71,229,158,9.48
R_8Q29,5,6,B,A,97,115,18,1.08
R_8Q29,5,7,B,A,97,161,64,3.84
R_8Q29,5,8,B,A,97,199,102,6.12
R_8Q29,5,9,B,B,97,209,112,6.72
R_8Q29,5,10,B,B,97,219,122,7.319999999999999
R_8Q29,5,11,B,B,97,229,132,7.92
R_8Q29,5,12,B,B,97,241,144,8.64
R_8Q29,6,7,A,A,115,161,46,2.76
R_8Q29,6,8,A,A,115,199,84,5.04
R_8Q29,6,9,A,B,115,209,94,5.64
R_8Q29,6,10,A,B,115,219,104,6.24
R_8Q29,6,11,A,B,115,229,114,6.84
R_8Q29,7,8,A,A,161,199,38,2.28
R_8Q29,7,9,A,B,161,209,48,2.88
R_8Q29,7,10,A,B,161,219,58,3.48
R_8Q29,7,11,A,B,161,229,68,4.08
R_8Q29,7,12,A,B,161,241,80,4.8
R_8Q29,8,9,A,B,199,209,10,0.6
R_8Q29,8,12,A,B,199,241,42,2.52
R_8Q29,9,10,B,B,209,219,10,0.6
R_8Q29,9,11,B,B,209,229,20,1.2
R_8Q29,11,12,B,B,229,241,12,0.72
R_8RM6,0,1,A,A,11,30,19,1.14
R_8RM6,0,2,A,A,11,54,43,2.58
R_8RM6,0,3,A,B,11,72,61,3.6599999999999997
R_8RM6,1,2,A,A,30,54,24,1.44
R_8RM6,1,3,A,B,30,72,42,2.52
R_8RM6,2,3,A,B,54,72,18,1.08
R_9AVF,0,1,A,B,19,32,13,0.78
R_9FGP,0,1,B,A,9,25,16,0.96
R_9FGP,0,2,B,B,9,35,26,1.56
R_9FGP,0,3,B,A,9,69,60,3.5999999999999996
R_9FGP,0,8,B,A,9,139,130,7.8
R_9FGP,1,3,A,A,25,69,44,2.6399999999999997
R_9FGP,1,4,A,A,25,81,56,3.36
R_9FGP,1,5,A,B,25,91,66,3.96
R_9FGP,1,6,A,B,25,101,76,4.56
R_9FGP,1,7,A,A,25,121,96,5.76
R_9FGP,1,8,A,A,25,139,114,6.84
R_9FGP,2,3,B,A,35,69,34,2.04
R_9FGP,2,4,B,A,35,81,46,2.76
R_9FGP,2,7,B,A,35,121,86,5.16
R_9FGP,2,8,B,A,35,139,104,6.24
R_9FGP,3,4,A,A,69,81,12,0.72
R_9FGP,3,5,A,B,69,91,22,1.3199999999999998
R_9FGP,3,6,A,B,69,101,32,1.92
R_9FGP,3,7,A,A,69,121,52,3.12
R_9FGP,3,8,A,A,69,139,70,4.2
R_9FGP,4,5,A,B,81,91,10,0.6
R_9FGP,4,6,A,B,81,101,20,1.2
R_9FGP,5,6,B,B,91,101,10,0.6
R_9FGP,5,7,B,A,91,121,30,1.7999999999999998
R_9FGP,5,8,B,A,91,139,48,2.88
R_9FGP,6,7,B,A,101,121,20,1.2
R_9FGP,6,8,B,A,101,139,38,2.28
R_9FGP,7,8,A,A,121,139,18,1.08
R_9GFQ,0,1,B,A,9,24,15,0.8999999999999999
R_9GFQ,0,2,B,A,9,57,48,2.88
R_9GFQ,0,3,B,B,9,72,63,3.78
R_9GFQ,0,4,B,B,9,85,76,4.56
R_9GFQ,0,5,B,B,9,102,93,5.58
R_9GFQ,0,6,B,B,9,116,107,6.42
R_9GFQ,1,2,A,A,24,57,33,1.98
R_9GFQ,1,3,A,B,24,72,48,2.88
R_9GFQ,1,5,A,B,24,102,78,4.68
R_9GFQ,1,6,A,B,24,116,92,5.52
R_9GFQ,2,3,A,B,57,72,15,0.8999999999999999
R_9GFQ,2,4,A,B,57,85,28,1.68
R_9GFQ,2,5,A,B,57,102,45,2.6999999999999997
R_9GFQ,2,6,A,B,57,116,59,3.54
R_9GFQ,3,4,B,B,72,85,13,0.78
R_9GFQ,3,5,B,B,72,102,30,1.7999999999999998
R_9GFQ,3,6,B,B,72,116,44,2.6399999999999997
R_9GFQ,4,5,B,B,85,102,17,1.02
R_9GFQ,4,6,B,B,85,116,31,1.8599999999999999
R_9GFQ,5,6,B,B,102,116,14,0.84
R_9HCZ,0,2,B,B,13,55,42,2.52
R_9HCZ,0,3,B,B,13,65,52,3.12
R_9HCZ,0,9,B,B,13,208,195,11.7
R_9HCZ,1,2,A,B,41,55,14,0.84
R_9HCZ,1,3,A,B,41,65,24,1.44
R_9HCZ,1,4,A,A,41,95,54,3.2399999999999998
R_9HCZ,1,9,A,B,41,208,167,10.02
R_9HCZ,2,3,B,B,55,65,10,0.6
R_9HCZ,2,4,B,A,55,95,40,2.4
R_9HCZ,3,4,B,A,65,95,30,1.7999999999999998
R_9HCZ,3,5,B,A,65,131,66,3.96
R_9HCZ,3,9,B,B,65,208,143,8.58
R_9HCZ,4,5,A,A,95,131,36,2.16
R_9HCZ,4,6,A,B,95,143,48,2.88
R_9HCZ,4,8,A,B,95,175,80,4.8
R_9HCZ,4,9,A,B,95,208,113,6.779999999999999
R_9HCZ,5,6,A,B,131,143,12,0.72
R_9HCZ,5,7,A,A,131,161,30,1.7999999999999998
R_9HCZ,5,8,A,B,131,175,44,2.6399999999999997
R_9HCZ,5,9,A,B,131,208,77,4.62
R_9HCZ,6,7,B,A,143,161,18,1.08
R_9HCZ,6,8,B,B,143,175,32,1.92
R_9HCZ,7,8,A,B,161,175,14,0.84
R_9Q2G,0,3,B,B,15,53,38,2.28
R_9Q2G,0,4,B,B,15,63,48,2.88
R_9Q2G,0,6,B,A,15,89,74,4.4399999999999995
R_9Q2G,0,7,B,B,15,105,90,5.3999999999999995
R_9Q2G,0,8,B,A,15,149,134,8.04
R_9Q2G,0,9,B,B,15,163,148,8.879999999999999
R_9Q2G,1,2,B,B,33,43,10,0.6
R_9Q2G,1,3,B,B,33,53,20,1.2
R_9Q2G,1,4,B,B,33,63,30,1.7999999999999998
R_9Q2G,1,5,B,B,33,73,40,2.4
R_9Q2G,1,6,B,A,33,89,56,3.36
R_9Q2G,1,7,B,B,33,105,72,4.32
R_9Q2G,1,8,B,A,33,149,116,6.96
R_9Q2G,1,9,B,B,33,163,130,7.8
R_9Q2G,2,3,B,B,43,53,10,0.6
R_9Q2G,2,6,B,A,43,89,46,2.76
R_9Q2G,2,7,B,B,43,105,62,3.7199999999999998
R_9Q2G,2,8,B,A,43,149,106,6.359999999999999
R_9Q2G,2,9,B,B,43,163,120,7.199999999999999
R_9Q2G,3,4,B,B,53,63,10,0.6
R_9Q2G,3,5,B,B,53,73,20,1.2
R_9Q2G,3,7,B,B,53,105,52,3.12
R_9Q2G,3,8,B,A,53,149,96,5.76
R_9Q2G,3,9,B,B,53,163,110,6.6
R_9Q2G,4,7,B,B,63,105,42,2.52
R_9Q2G,4,8,B,A,63,149,86,5.16
R_9Q2G,4,9,B,B,63,163,100,6.0
R_9Q2G,5,7,B,B,73,105,32,1.92
R_9Q2G,5,8,B,A,73,149,76,4.56
R_9Q2G,5,9,B,B,73,163,90,5.3999999999999995
R_9Q2G,6,7,A,B,89,105,16,0.96
R_9Q2G,6,8,A,A,89,149,60,3.5999999999999996
R_9Q2G,6,9,A,B,89,163,74,4.4399999999999995
R_9Q2G,7,8,B,A,105,149,44,2.6399999999999997
R_9Q2G,7,9,B,B,105,163,58,3.48
R_9Q2G,8,9,A,B,149,163,14,0.84
apomyoglobin,0,1,A,A,35,49,14,0.84
apomyoglobin,0,2,A,B,35,61,26,1.56
apomyoglobin,0,3,A,B,35,73,38,2.28
apomyoglobin,0,4,A,B,35,83,48,2.88
apomyoglobin,0,5,A,A,35,129,94,5.64
apomyoglobin,0,6,A,B,35,141,106,6.359999999999999
apomyoglobin,1,2,A,B,49,61,12,0.72
apomyoglobin,1,3,A,B,49,73,24,1.44
apomyoglobin,1,5,A,A,49,129,80,4.8
apomyoglobin,3,4,B,B,73,83,10,0.6
apomyoglobin,3,5,B,A,73,129,56,3.36
apomyoglobin,3,6,B,B,73,141,68,4.08
apomyoglobin,4,5,B,A,83,129,46,2.76
apomyoglobin,4,6,B,B,83,141,58,3.48
apomyoglobin,4,7,B,A,83,152,69,4.14
apomyoglobin,5,6,A,B,129,141,12,0.72
apomyoglobin,5,7,A,A,129,152,23,1.38
barnase,0,1,A,A,12,32,20,1.2
barnase,0,2,A,A,12,49,37,2.2199999999999998
barnase,0,3,A,A,12,74,62,3.7199999999999998
barnase,0,4,A,A,12,98,86,5.16
barnase,0,5,A,B,12,109,97,5.819999999999999
barnase,1,2,A,A,32,49,17,1.02
barnase,1,3,A,A,32,74,42,2.52
barnase,1,4,A,A,32,98,66,3.96
barnase,1,5,A,B,32,109,77,4.62
barnase,2,3,A,A,49,74,25,1.5
barnase,2,4,A,A,49,98,49,2.94
barnase,3,4,A,A,74,98,24,1.44
barnase,3,5,A,B,74,109,35,2.1
barnase,4,5,A,B,98,109,11,0.6599999999999999
src_SH3,0,1,A,A,20,34,14,0.84
src_SH3,0,2,A,A,20,45,25,1.5
src_SH3,0,3,A,B,20,55,35,2.1
src_SH3,1,2,A,A,34,45,11,0.6599999999999999
src_SH3,1,3,A,B,34,55,21,1.26
src_SH3,2,3,A,B,45,55,10,0.6
titin_I27,0,1,B,B,10,21,11,0.6599999999999999
titin_I27,0,2,B,A,10,45,35,2.1
titin_I27,0,3,B,A,10,62,52,3.12
titin_I27,0,4,B,B,10,73,63,3.78
titin_I27,0,5,B,B,10,88,78,4.68
titin_I27,1,2,B,A,21,45,24,1.44
titin_I27,1,3,B,A,21,62,41,2.46
titin_I27,1,4,B,B,21,73,52,3.12
titin_I27,1,5,B,B,21,88,67,4.02
titin_I27,2,3,A,A,45,62,17,1.02
titin_I27,2,4,A,B,45,73,28,1.68
titin_I27,2,5,A,B,45,88,43,2.58
titin_I27,3,4,A,B,62,73,11,0.6599999999999999
titin_I27,3,5,A,B,62,88,26,1.56
titin_I27,4,5,B,B,73,88,15,0.8999999999999999
