protein_id,seg_idx,seg_size,n_l2,min_l3_emergence_gap_residues,min_l3_emergence_gap_seconds,kf_min_required,kf_min_log10,empirical_kf_range_log10_low,empirical_kf_range_log10_high,within_empirical_range
CI2,1,21,7,11,0.66,1.0502,0.02,2.0,5.0,True
DHFR_ecoli,0,20,5,26,1.56,0.4443,-0.35,2.0,5.0,True
DHFR_ecoli,2,14,2,10,0.6,1.1552,0.06,3.0,6.0,True
DHFR_ecoli,4,22,6,10,0.6,1.1552,0.06,2.0,5.0,True
DHFR_ecoli,7,32,14,15,0.9,0.7702,-0.11,2.0,5.0,True
F01,1,13,3,30,1.8,0.3851,-0.41,3.0,6.0,True
F01,2,30,22,15,0.9,0.7702,-0.11,2.0,5.0,True
F01,3,15,1,15,0.9,0.7702,-0.11,3.0,6.0,True
F02,0,21,1,27,1.62,0.4279,-0.37,2.0,5.0,True
F02,1,27,2,24,1.44,0.4814,-0.32,2.0,5.0,True
F02,2,24,16,24,1.44,0.4814,-0.32,2.0,5.0,True
F02,3,27,18,27,1.62,0.4279,-0.37,2.0,5.0,True
F02,4,42,49,21,1.26,0.5501,-0.26,1.0,4.0,True
F02,5,21,9,21,1.26,0.5501,-0.26,2.0,5.0,True
F02,6,36,6,27,1.62,0.4279,-0.37,2.0,5.0,True
F02,7,27,27,27,1.62,0.4279,-0.37,2.0,5.0,True
F02,8,45,28,15,0.9,0.7702,-0.11,1.0,4.0,True
F02,11,48,4,29,1.74,0.3984,-0.4,1.0,4.0,True
F02,13,17,8,17,1.02,0.6796,-0.17,3.0,6.0,True
F03,1,20,13,20,1.2,0.5776,-0.24,2.0,5.0,True
F03,2,34,9,10,0.6,1.1552,0.06,2.0,5.0,True
F04,1,12,1,12,0.72,0.9627,-0.02,3.0,6.0,True
F04,2,39,3,21,1.26,0.5501,-0.26,2.0,5.0,True
F04,3,21,1,12,0.72,0.9627,-0.02,2.0,5.0,True
F04,6,39,58,18,1.08,0.6418,-0.19,2.0,5.0,True
F04,9,36,55,12,0.72,0.9627,-0.02,2.0,5.0,True
F05,0,16,12,12,0.72,0.9627,-0.02,3.0,6.0,True
F06,1,13,1,13,0.78,0.8887,-0.05,3.0,6.0,True
F06,2,22,3,14,0.84,0.8252,-0.08,2.0,5.0,True
F06,4,23,1,23,1.38,0.5023,-0.3,2.0,5.0,True
F06,6,20,10,19,1.14,0.608,-0.22,2.0,5.0,True
F06,7,19,4,15,0.9,0.7702,-0.11,3.0,6.0,True
F07,2,56,122,12,0.72,0.9627,-0.02,1.0,4.0,True
F08,1,25,14,12,0.72,0.9627,-0.02,2.0,5.0,True
F08,3,12,3,10,0.6,1.1552,0.06,3.0,6.0,True
F09,0,32,14,12,0.72,0.9627,-0.02,2.0,5.0,True
F09,3,16,2,16,0.96,0.722,-0.14,3.0,6.0,True
F09,4,17,17,12,0.72,0.9627,-0.02,3.0,6.0,True
F09,5,12,2,12,0.72,0.9627,-0.02,3.0,6.0,True
F09,6,18,1,18,1.08,0.6418,-0.19,3.0,6.0,True
F09,7,32,24,10,0.6,1.1552,0.06,2.0,5.0,True
F10,0,13,1,24,1.44,0.4814,-0.32,3.0,6.0,True
F10,3,19,17,19,1.14,0.608,-0.22,3.0,6.0,True
F10,4,23,8,12,0.72,0.9627,-0.02,2.0,5.0,True
F11,0,41,38,24,1.44,0.4814,-0.32,1.0,4.0,True
F11,1,24,35,19,1.14,0.608,-0.22,2.0,5.0,True
F11,2,19,27,19,1.14,0.608,-0.22,3.0,6.0,True
F11,3,21,31,21,1.26,0.5501,-0.26,2.0,5.0,True
F11,4,26,42,10,0.6,1.1552,0.06,2.0,5.0,True
F12,3,13,4,13,0.78,0.8887,-0.05,3.0,6.0,True
F12,4,26,16,11,0.66,1.0502,0.02,2.0,5.0,True
F13,0,16,4,14,0.84,0.8252,-0.08,3.0,6.0,True
F13,1,14,2,11,0.66,1.0502,0.02,3.0,6.0,True
F13,3,13,1,13,0.78,0.8887,-0.05,3.0,6.0,True
F13,4,22,7,22,1.32,0.5251,-0.28,2.0,5.0,True
F13,5,32,49,10,0.6,1.1552,0.06,2.0,5.0,True
F14,5,35,17,11,0.66,1.0502,0.02,2.0,5.0,True
F14,7,13,1,13,0.78,0.8887,-0.05,3.0,6.0,True
F15,2,22,22,16,0.96,0.722,-0.14,2.0,5.0,True
F15,3,16,7,13,0.78,0.8887,-0.05,3.0,6.0,True
F15,5,36,26,17,1.02,0.6796,-0.17,2.0,5.0,True
F16,1,14,1,14,0.84,0.8252,-0.08,3.0,6.0,True
F16,2,15,5,15,0.9,0.7702,-0.11,3.0,6.0,True
F16,3,39,6,19,1.14,0.608,-0.22,2.0,5.0,True
F16,4,19,1,19,1.14,0.608,-0.22,3.0,6.0,True
F16,5,28,31,14,0.84,0.8252,-0.08,2.0,5.0,True
F17,2,54,73,36,2.16,0.3209,-0.49,1.0,4.0,True
F17,3,36,29,18,1.08,0.6418,-0.19,2.0,5.0,True
F17,4,18,1,15,0.9,0.7702,-0.11,3.0,6.0,True
F17,8,18,3,12,0.72,0.9627,-0.02,3.0,6.0,True
F17,10,21,2,21,1.26,0.5501,-0.26,2.0,5.0,True
F17,11,33,8,12,0.72,0.9627,-0.02,2.0,5.0,True
F17,12,12,1,12,0.72,0.9627,-0.02,3.0,6.0,True
F17,15,39,62,21,1.26,0.5501,-0.26,2.0,5.0,True
F18,1,33,32,12,0.72,0.9627,-0.02,2.0,5.0,True
F18,2,12,2,12,0.72,0.9627,-0.02,3.0,6.0,True
F18,3,51,62,15,0.9,0.7702,-0.11,1.0,4.0,True
F18,4,15,1,15,0.9,0.7702,-0.11,3.0,6.0,True
F18,5,15,3,15,0.9,0.7702,-0.11,3.0,6.0,True
F18,7,18,4,18,1.08,0.6418,-0.19,3.0,6.0,True
F18,8,24,19,42,2.52,0.2751,-0.56,2.0,5.0,True
F18,9,42,81,18,1.08,0.6418,-0.19,1.0,4.0,True
F18,10,18,1,18,1.08,0.6418,-0.19,3.0,6.0,True
F18,11,15,7,60,3.6,0.1925,-0.72,3.0,6.0,True
F18,12,60,142,60,3.6,0.1925,-0.72,0.0,3.0,True
F19,1,26,2,22,1.32,0.5251,-0.28,2.0,5.0,True
F19,2,22,24,10,0.6,1.1552,0.06,2.0,5.0,True
F19,4,27,12,13,0.78,0.8887,-0.05,2.0,5.0,True
F20,4,33,14,14,0.84,0.8252,-0.08,2.0,5.0,True
F20,5,14,1,14,0.84,0.8252,-0.08,3.0,6.0,True
F20,6,20,22,10,0.6,1.1552,0.06,2.0,5.0,True
F21,1,39,129,39,2.34,0.2962,-0.53,2.0,5.0,True
F22,3,18,6,18,1.08,0.6418,-0.19,3.0,6.0,True
F23,4,14,1,14,0.84,0.8252,-0.08,3.0,6.0,True
F23,5,14,6,12,0.72,0.9627,-0.02,3.0,6.0,True
F23,7,18,4,11,0.66,1.0502,0.02,3.0,6.0,True
F23,10,26,8,11,0.66,1.0502,0.02,2.0,5.0,True
F23,11,11,1,11,0.66,1.0502,0.02,3.0,6.0,True
F24,0,13,1,10,0.6,1.1552,0.06,3.0,6.0,True
F24,3,28,54,11,0.66,1.0502,0.02,2.0,5.0,True
F24,4,11,1,11,0.66,1.0502,0.02,3.0,6.0,True
F24,7,16,2,16,0.96,0.722,-0.14,3.0,6.0,True
F25,2,21,18,12,0.72,0.9627,-0.02,2.0,5.0,True
F25,4,30,1,12,0.72,0.9627,-0.02,2.0,5.0,True
F25,7,15,4,15,0.9,0.7702,-0.11,3.0,6.0,True
F25,8,48,31,12,0.72,0.9627,-0.02,1.0,4.0,True
F25,10,12,3,12,0.72,0.9627,-0.02,3.0,6.0,True
F25,11,15,5,15,0.9,0.7702,-0.11,3.0,6.0,True
F25,12,18,4,15,0.9,0.7702,-0.11,3.0,6.0,True
F25,14,21,5,21,1.26,0.5501,-0.26,2.0,5.0,True
F26,0,18,4,12,0.72,0.9627,-0.02,3.0,6.0,True
F26,3,21,10,21,1.26,0.5501,-0.26,2.0,5.0,True
F26,4,21,3,21,1.26,0.5501,-0.26,2.0,5.0,True
F26,5,42,24,12,0.72,0.9627,-0.02,1.0,4.0,True
F26,6,12,3,12,0.72,0.9627,-0.02,3.0,6.0,True
F26,8,33,7,24,1.44,0.4814,-0.32,2.0,5.0,True
F26,9,24,4,18,1.08,0.6418,-0.19,2.0,5.0,True
F26,11,24,1,12,0.72,0.9627,-0.02,2.0,5.0,True
F26,13,30,20,13,0.78,0.8887,-0.05,2.0,5.0,True
F27,1,23,21,11,0.66,1.0502,0.02,2.0,5.0,True
F27,4,28,9,16,0.96,0.722,-0.14,2.0,5.0,True
F27,6,33,55,12,0.72,0.9627,-0.02,2.0,5.0,True
F28,1,15,6,17,1.02,0.6796,-0.17,3.0,6.0,True
F28,2,17,5,14,0.84,0.8252,-0.08,3.0,6.0,True
F29,1,20,1,14,0.84,0.8252,-0.08,2.0,5.0,True
F29,2,14,5,14,0.84,0.8252,-0.08,3.0,6.0,True
F29,3,39,65,10,0.6,1.1552,0.06,2.0,5.0,True
F29,5,14,8,14,0.84,0.8252,-0.08,3.0,6.0,True
F30,1,14,1,20,1.2,0.5776,-0.24,3.0,6.0,True
F30,2,20,12,12,0.72,0.9627,-0.02,2.0,5.0,True
F30,3,12,1,12,0.72,0.9627,-0.02,3.0,6.0,True
F30,4,27,26,13,0.78,0.8887,-0.05,2.0,5.0,True
F30,5,13,5,11,0.66,1.0502,0.02,3.0,6.0,True
F30,7,16,5,16,0.96,0.722,-0.14,3.0,6.0,True
F31,3,18,11,12,0.72,0.9627,-0.02,3.0,6.0,True
F31,6,12,1,12,0.72,0.9627,-0.02,3.0,6.0,True
F31,7,33,13,12,0.72,0.9627,-0.02,2.0,5.0,True
F31,9,18,2,18,1.08,0.6418,-0.19,3.0,6.0,True
F31,10,21,8,21,1.26,0.5501,-0.26,2.0,5.0,True
F31,12,39,49,12,0.72,0.9627,-0.02,2.0,5.0,True
F31,16,21,10,21,1.26,0.5501,-0.26,2.0,5.0,True
F31,17,39,9,18,1.08,0.6418,-0.19,2.0,5.0,True
F31,18,18,13,10,0.6,1.1552,0.06,3.0,6.0,True
F32,2,45,51,45,2.7,0.2567,-0.59,1.0,4.0,True
F32,3,53,105,12,0.72,0.9627,-0.02,1.0,4.0,True
F32,4,12,1,12,0.72,0.9627,-0.02,3.0,6.0,True
F33,3,24,21,21,1.26,0.5501,-0.26,2.0,5.0,True
F33,6,33,26,12,0.72,0.9627,-0.02,2.0,5.0,True
F33,8,18,2,15,0.9,0.7702,-0.11,3.0,6.0,True
F33,10,27,39,24,1.44,0.4814,-0.32,2.0,5.0,True
F33,11,12,1,12,0.72,0.9627,-0.02,3.0,6.0,True
F33,12,12,1,12,0.72,0.9627,-0.02,3.0,6.0,True
F33,13,15,2,15,0.9,0.7702,-0.11,3.0,6.0,True
F33,16,27,8,18,1.08,0.6418,-0.19,2.0,5.0,True
F34,1,18,2,16,0.96,0.722,-0.14,3.0,6.0,True
F34,6,44,59,24,1.44,0.4814,-0.32,1.0,4.0,True
F34,7,24,14,18,1.08,0.6418,-0.19,2.0,5.0,True
F34,8,18,2,18,1.08,0.6418,-0.19,3.0,6.0,True
F34,9,24,20,10,0.6,1.1552,0.06,2.0,5.0,True
F35,3,21,1,21,1.26,0.5501,-0.26,2.0,5.0,True
F35,4,36,2,12,0.72,0.9627,-0.02,2.0,5.0,True
F35,8,21,11,12,0.72,0.9627,-0.02,2.0,5.0,True
F35,9,12,1,12,0.72,0.9627,-0.02,3.0,6.0,True
F35,10,15,1,15,0.9,0.7702,-0.11,3.0,6.0,True
F35,11,18,18,15,0.9,0.7702,-0.11,3.0,6.0,True
F35,13,36,31,18,1.08,0.6418,-0.19,2.0,5.0,True
F37,0,19,1,12,0.72,0.9627,-0.02,3.0,6.0,True
F37,2,13,1,13,0.78,0.8887,-0.05,3.0,6.0,True
F37,3,13,6,13,0.78,0.8887,-0.05,3.0,6.0,True
F38,0,19,21,16,0.96,0.722,-0.14,3.0,6.0,True
Im7,0,23,16,15,0.9,0.7702,-0.11,2.0,5.0,True
Im7,1,15,8,15,0.9,0.7702,-0.11,3.0,6.0,True
Im7,4,17,3,10,0.6,1.1552,0.06,3.0,6.0,True
R_1AE9,1,20,10,20,1.2,0.5776,-0.24,2.0,5.0,True
R_1AE9,2,24,22,24,1.44,0.4814,-0.32,2.0,5.0,True
R_1AE9,3,28,19,18,1.08,0.6418,-0.19,2.0,5.0,True
R_1AE9,4,18,10,14,0.84,0.8252,-0.08,3.0,6.0,True
R_1AE9,6,38,23,10,0.6,1.1552,0.06,2.0,5.0,True
R_1AE9,8,15,6,15,0.9,0.7702,-0.11,3.0,6.0,True
R_1Q87,0,14,2,10,0.6,1.1552,0.06,3.0,6.0,True
R_1Q87,2,16,6,16,0.96,0.722,-0.14,3.0,6.0,True
R_1Q87,3,16,5,10,0.6,1.1552,0.06,3.0,6.0,True
R_1Q87,5,22,2,14,0.84,0.8252,-0.08,2.0,5.0,True
R_1Q87,8,18,6,12,0.72,0.9627,-0.02,3.0,6.0,True
R_1Q87,11,32,37,32,1.92,0.361,-0.44,2.0,5.0,True
R_1VJG,7,48,36,26,1.56,0.4443,-0.35,1.0,4.0,True
R_1VJG,8,26,12,12,0.72,0.9627,-0.02,2.0,5.0,True
R_1VJG,9,12,1,12,0.72,0.9627,-0.02,3.0,6.0,True
R_1VJG,10,18,13,18,1.08,0.6418,-0.19,3.0,6.0,True
R_1VJG,11,15,1,33,1.98,0.3501,-0.46,3.0,6.0,True
R_2IDL,4,23,4,12,0.72,0.9627,-0.02,2.0,5.0,True
R_2IDL,6,16,3,16,0.96,0.722,-0.14,3.0,6.0,True
R_2IRP,2,28,35,28,1.68,0.4126,-0.38,2.0,5.0,True
R_2IRP,3,48,66,36,2.16,0.3209,-0.49,1.0,4.0,True
R_2IRP,5,22,20,20,1.2,0.5776,-0.24,2.0,5.0,True
R_2IRP,6,20,9,12,0.72,0.9627,-0.02,2.0,5.0,True
R_2IRP,7,12,1,12,0.72,0.9627,-0.02,3.0,6.0,True
R_2OEZ,0,18,3,10,0.6,1.1552,0.06,3.0,6.0,True
R_2OEZ,2,22,17,22,1.32,0.5251,-0.28,2.0,5.0,True
R_2OEZ,9,38,5,38,2.28,0.304,-0.52,2.0,5.0,True
R_2OEZ,11,18,3,10,0.6,1.1552,0.06,3.0,6.0,True
R_2OEZ,13,12,3,10,0.6,1.1552,0.06,3.0,6.0,True
R_2OGG,1,29,11,11,0.66,1.0502,0.02,2.0,5.0,True
R_2OGG,3,27,7,27,1.62,0.4279,-0.37,2.0,5.0,True
R_2OGG,5,35,61,12,0.72,0.9627,-0.02,2.0,5.0,True
R_2OXL,1,26,15,10,0.6,1.1552,0.06,2.0,5.0,True
R_2P2E,2,19,7,11,0.66,1.0502,0.02,3.0,6.0,True
R_2P2E,5,13,4,11,0.66,1.0502,0.02,3.0,6.0,True
R_2P2E,7,18,12,14,0.84,0.8252,-0.08,3.0,6.0,True
R_2VQ2,9,22,22,10,0.6,1.1552,0.06,2.0,5.0,True
R_2VQ2,11,20,25,18,1.08,0.6418,-0.19,2.0,5.0,True
R_2VQ2,12,18,7,18,1.08,0.6418,-0.19,3.0,6.0,True
R_2VQ2,13,24,10,10,0.6,1.1552,0.06,2.0,5.0,True
R_2XOV,2,32,50,32,1.92,0.361,-0.44,2.0,5.0,True
R_2XOV,3,34,18,24,1.44,0.4814,-0.32,2.0,5.0,True
R_3BQP,3,20,4,20,1.2,0.5776,-0.24,2.0,5.0,True
R_3BQP,5,14,2,14,0.84,0.8252,-0.08,3.0,6.0,True
R_3DQY,1,37,81,11,0.66,1.0502,0.02,2.0,5.0,True
R_3DQY,2,11,1,11,0.66,1.0502,0.02,3.0,6.0,True
R_3DQY,3,24,36,23,1.38,0.5023,-0.3,2.0,5.0,True
R_3DQY,4,23,37,23,1.38,0.5023,-0.3,2.0,5.0,True
R_3F7X,1,12,1,12,0.72,0.9627,-0.02,3.0,6.0,True
R_3F7X,2,21,14,13,0.78,0.8887,-0.05,2.0,5.0,True
R_3F7X,5,16,2,16,0.96,0.722,-0.14,3.0,6.0,True
R_3F7X,6,22,24,22,1.32,0.5251,-0.28,2.0,5.0,True
R_3G2E,0,36,12,10,0.6,1.1552,0.06,2.0,5.0,True
R_3G2E,2,18,5,10,0.6,1.1552,0.06,3.0,6.0,True
R_3G2E,4,24,22,18,1.08,0.6418,-0.19,2.0,5.0,True
R_3G2E,5,18,9,18,1.08,0.6418,-0.19,3.0,6.0,True
R_3G2E,6,18,16,12,0.72,0.9627,-0.02,3.0,6.0,True
R_3G2E,8,24,7,16,0.96,0.722,-0.14,2.0,5.0,True
R_3H6I,1,36,70,22,1.32,0.5251,-0.28,2.0,5.0,True
R_3H6I,9,28,11,12,0.72,0.9627,-0.02,2.0,5.0,True
R_3H6I,11,14,2,13,0.78,0.8887,-0.05,3.0,6.0,True
R_3K3S,1,33,81,26,1.56,0.4443,-0.35,2.0,5.0,True
R_3K3S,2,26,49,15,0.9,0.7702,-0.11,2.0,5.0,True
R_3KDF,1,35,56,10,0.6,1.1552,0.06,2.0,5.0,True
R_3KDF,4,14,8,13,0.78,0.8887,-0.05,3.0,6.0,True
R_3KDF,6,20,2,20,1.2,0.5776,-0.24,2.0,5.0,True
R_3KE7,0,21,22,13,0.78,0.8887,-0.05,2.0,5.0,True
R_3KE7,1,13,2,11,0.66,1.0502,0.02,3.0,6.0,True
R_3KE7,3,14,1,14,0.84,0.8252,-0.08,3.0,6.0,True
R_3KE7,5,17,15,11,0.66,1.0502,0.02,3.0,6.0,True
R_3KE7,6,11,1,11,0.66,1.0502,0.02,3.0,6.0,True
R_3LDT,5,30,16,10,0.6,1.1552,0.06,2.0,5.0,True
R_3LDT,7,19,3,11,0.66,1.0502,0.02,3.0,6.0,True
R_3LFJ,3,16,1,16,0.96,0.722,-0.14,3.0,6.0,True
R_3LFJ,4,36,22,12,0.72,0.9627,-0.02,2.0,5.0,True
R_3LFJ,7,12,3,10,0.6,1.1552,0.06,3.0,6.0,True
R_3LFJ,10,16,6,11,0.66,1.0502,0.02,3.0,6.0,True
R_3MMH,2,12,1,12,0.72,0.9627,-0.02,3.0,6.0,True
R_3MMH,3,18,12,18,1.08,0.6418,-0.19,3.0,6.0,True
R_3MMH,4,30,54,16,0.96,0.722,-0.14,2.0,5.0,True
R_3MMH,5,16,1,16,0.96,0.722,-0.14,3.0,6.0,True
R_3MMH,6,44,89,10,0.6,1.1552,0.06,1.0,4.0,True
R_3TEE,6,18,2,18,1.08,0.6418,-0.19,3.0,6.0,True
R_3TEE,8,12,1,12,0.72,0.9627,-0.02,3.0,6.0,True
R_3TEE,10,28,43,16,0.96,0.722,-0.14,2.0,5.0,True
R_3TEE,11,16,10,12,0.72,0.9627,-0.02,3.0,6.0,True
R_3TEE,12,12,1,12,0.72,0.9627,-0.02,3.0,6.0,True
R_3UP3,2,50,51,12,0.72,0.9627,-0.02,1.0,4.0,True
R_3UP3,4,18,11,16,0.96,0.722,-0.14,3.0,6.0,True
R_3UP3,14,18,15,18,1.08,0.6418,-0.19,3.0,6.0,True
R_4DQJ,1,49,53,10,0.6,1.1552,0.06,1.0,4.0,True
R_4DQJ,3,17,4,17,1.02,0.6796,-0.17,3.0,6.0,True
R_4DQJ,4,23,16,11,0.66,1.0502,0.02,2.0,5.0,True
R_4FC9,2,34,38,34,2.04,0.3398,-0.47,2.0,5.0,True
R_4FC9,3,48,25,10,0.6,1.1552,0.06,1.0,4.0,True
R_4FC9,5,12,3,12,0.72,0.9627,-0.02,3.0,6.0,True
R_4FC9,6,20,1,20,1.2,0.5776,-0.24,2.0,5.0,True
R_4FC9,7,23,18,23,1.38,0.5023,-0.3,2.0,5.0,True
R_4FZP,1,18,3,17,1.02,0.6796,-0.17,3.0,6.0,True
R_4L57,1,14,4,10,0.6,1.1552,0.06,3.0,6.0,True
R_4L57,3,32,26,24,1.44,0.4814,-0.32,2.0,5.0,True
R_4L57,6,18,1,18,1.08,0.6418,-0.19,3.0,6.0,True
R_4L57,8,16,1,16,0.96,0.722,-0.14,3.0,6.0,True
R_4L57,9,24,8,18,1.08,0.6418,-0.19,2.0,5.0,True
R_4L57,10,18,5,18,1.08,0.6418,-0.19,3.0,6.0,True
R_4LXR,0,29,1,19,1.14,0.608,-0.22,2.0,5.0,True
R_4LXR,2,16,14,16,0.96,0.722,-0.14,3.0,6.0,True
R_4LXR,3,31,48,11,0.66,1.0502,0.02,2.0,5.0,True
R_4O7Q,2,16,13,16,0.96,0.722,-0.14,3.0,6.0,True
R_4O7Q,3,21,6,12,0.72,0.9627,-0.02,2.0,5.0,True
R_4Q29,0,20,3,18,1.08,0.6418,-0.19,2.0,5.0,True
R_4Q29,1,18,17,17,1.02,0.6796,-0.17,3.0,6.0,True
R_4Q29,3,23,32,16,0.96,0.722,-0.14,2.0,5.0,True
R_4Q29,4,16,1,10,0.6,1.1552,0.06,3.0,6.0,True
R_4XHT,2,13,1,10,0.6,1.1552,0.06,3.0,6.0,True
R_4XHT,4,15,1,15,0.9,0.7702,-0.11,3.0,6.0,True
R_4XHT,5,16,6,16,0.96,0.722,-0.14,3.0,6.0,True
R_4XHT,6,18,2,18,1.08,0.6418,-0.19,3.0,6.0,True
R_4XUR,0,22,2,18,1.08,0.6418,-0.19,2.0,5.0,True
R_4XUR,1,18,21,18,1.08,0.6418,-0.19,3.0,6.0,True
R_4XUR,5,16,14,14,0.84,0.8252,-0.08,3.0,6.0,True
R_4XUR,6,14,1,14,0.84,0.8252,-0.08,3.0,6.0,True
R_5CWG,1,24,10,12,0.72,0.9627,-0.02,2.0,5.0,True
R_5CWG,4,26,4,10,0.6,1.1552,0.06,2.0,5.0,True
R_5CWG,7,12,3,12,0.72,0.9627,-0.02,3.0,6.0,True
R_5FAI,2,22,33,10,0.6,1.1552,0.06,2.0,5.0,True
R_5FAI,5,32,19,10,0.6,1.1552,0.06,2.0,5.0,True
R_5FAI,13,14,2,14,0.84,0.8252,-0.08,3.0,6.0,True
R_5HTL,0,16,1,10,0.6,1.1552,0.06,3.0,6.0,True
R_5HTL,2,16,9,16,0.96,0.722,-0.14,3.0,6.0,True
R_5HTL,3,24,4,24,1.44,0.4814,-0.32,2.0,5.0,True
R_5HTL,8,23,4,23,1.38,0.5023,-0.3,2.0,5.0,True
R_5LP9,0,28,8,22,1.32,0.5251,-0.28,2.0,5.0,True
R_5LP9,1,22,8,18,1.08,0.6418,-0.19,2.0,5.0,True
R_5LP9,6,32,51,10,0.6,1.1552,0.06,2.0,5.0,True
R_5MDU,0,16,5,12,0.72,0.9627,-0.02,3.0,6.0,True
R_5MDU,4,64,112,10,0.6,1.1552,0.06,0.0,3.0,True
R_5MDU,6,14,4,11,0.66,1.0502,0.02,3.0,6.0,True
R_5O75,0,18,13,12,0.72,0.9627,-0.02,3.0,6.0,True
R_5O75,1,12,2,12,0.72,0.9627,-0.02,3.0,6.0,True
R_5O75,2,21,20,20,1.2,0.5776,-0.24,2.0,5.0,True
R_5SV5,0,20,1,27,1.62,0.4279,-0.37,2.0,5.0,True
R_5SV5,1,27,5,10,0.6,1.1552,0.06,2.0,5.0,True
R_5UFN,0,12,2,14,0.84,0.8252,-0.08,3.0,6.0,True
R_5UFN,6,18,12,12,0.72,0.9627,-0.02,3.0,6.0,True
R_5UFN,8,22,1,12,0.72,0.9627,-0.02,2.0,5.0,True
R_5UFN,12,18,15,14,0.84,0.8252,-0.08,3.0,6.0,True
R_6CXB,0,13,6,28,1.68,0.4126,-0.38,3.0,6.0,True
R_6CXB,1,28,59,11,0.66,1.0502,0.02,2.0,5.0,True
R_6CXB,5,22,31,17,1.02,0.6796,-0.17,2.0,5.0,True
R_6DCM,1,35,13,10,0.6,1.1552,0.06,2.0,5.0,True
R_6DCM,3,14,5,14,0.84,0.8252,-0.08,3.0,6.0,True
R_6KZJ,1,19,4,11,0.66,1.0502,0.02,3.0,6.0,True
R_6KZJ,3,28,2,28,1.68,0.4126,-0.38,2.0,5.0,True
R_6NBG,0,34,7,10,0.6,1.1552,0.06,2.0,5.0,True
R_6NBG,3,46,83,46,2.76,0.2511,-0.6,1.0,4.0,True
R_6NBG,4,56,59,10,0.6,1.1552,0.06,1.0,4.0,True
R_6NBG,8,20,8,20,1.2,0.5776,-0.24,2.0,5.0,True
R_6NBG,9,24,2,24,1.44,0.4814,-0.32,2.0,5.0,True
R_6P7L,1,22,18,12,0.72,0.9627,-0.02,2.0,5.0,True
R_6P7L,3,12,1,10,0.6,1.1552,0.06,3.0,6.0,True
R_6P7L,6,16,1,16,0.96,0.722,-0.14,3.0,6.0,True
R_6P7L,7,25,3,20,1.2,0.5776,-0.24,2.0,5.0,True
R_6R2W,1,16,1,16,0.96,0.722,-0.14,3.0,6.0,True
R_6R2W,2,24,30,22,1.32,0.5251,-0.28,2.0,5.0,True
R_6R2W,3,22,5,12,0.72,0.9627,-0.02,2.0,5.0,True
R_6R2W,7,16,6,16,0.96,0.722,-0.14,3.0,6.0,True
R_6R2W,8,26,20,16,0.96,0.722,-0.14,2.0,5.0,True
R_6R2W,9,16,2,14,0.84,0.8252,-0.08,3.0,6.0,True
R_6R2W,11,24,34,24,1.44,0.4814,-0.32,2.0,5.0,True
R_6T3Z,2,42,53,12,0.72,0.9627,-0.02,1.0,4.0,True
R_6T3Z,3,12,1,12,0.72,0.9627,-0.02,3.0,6.0,True
R_6T3Z,4,14,1,12,0.72,0.9627,-0.02,3.0,6.0,True
R_6T3Z,7,26,7,10,0.6,1.1552,0.06,2.0,5.0,True
R_6T3Z,11,22,25,17,1.02,0.6796,-0.17,2.0,5.0,True
R_6WPG,2,27,5,11,0.66,1.0502,0.02,2.0,5.0,True
R_6WPG,4,24,14,10,0.6,1.1552,0.06,2.0,5.0,True
R_6ZPP,1,30,42,32,1.92,0.361,-0.44,2.0,5.0,True
R_6ZPP,2,32,5,28,1.68,0.4126,-0.38,2.0,5.0,True
R_6ZPP,3,28,3,10,0.6,1.1552,0.06,2.0,5.0,True
R_6ZPP,5,28,38,10,0.6,1.1552,0.06,2.0,5.0,True
R_7VP8,2,14,6,14,0.84,0.8252,-0.08,3.0,6.0,True
R_7VP8,8,16,1,16,0.96,0.722,-0.14,3.0,6.0,True
R_8AXJ,1,12,2,12,0.72,0.9627,-0.02,3.0,6.0,True
R_8AXJ,2,16,2,12,0.72,0.9627,-0.02,3.0,6.0,True
R_8AXJ,7,22,4,18,1.08,0.6418,-0.19,2.0,5.0,True
R_8AXJ,8,18,11,16,0.96,0.722,-0.14,3.0,6.0,True
R_8AXJ,10,17,13,17,1.02,0.6796,-0.17,3.0,6.0,True
R_8ERM,8,14,5,14,0.84,0.8252,-0.08,3.0,6.0,True
R_8ERM,9,26,1,12,0.72,0.9627,-0.02,2.0,5.0,True
R_8ERM,13,16,1,13,0.78,0.8887,-0.05,3.0,6.0,True
R_8ERM,14,13,5,13,0.78,0.8887,-0.05,3.0,6.0,True
R_8Q29,1,22,19,12,0.72,0.9627,-0.02,2.0,5.0,True
R_8Q29,6,18,17,18,1.08,0.6418,-0.19,3.0,6.0,True
R_8Q29,7,46,83,38,2.28,0.304,-0.52,1.0,4.0,True
R_8Q29,8,38,64,10,0.6,1.1552,0.06,2.0,5.0,True
R_8RM6,0,12,2,19,1.14,0.608,-0.22,3.0,6.0,True
R_8RM6,1,19,15,19,1.14,0.608,-0.22,3.0,6.0,True
R_8RM6,2,24,3,18,1.08,0.6418,-0.19,2.0,5.0,True
R_9AVF,0,20,28,13,0.78,0.8887,-0.05,2.0,5.0,True
R_9FGP,1,16,6,16,0.96,0.722,-0.14,3.0,6.0,True
R_9FGP,3,34,51,12,0.72,0.9627,-0.02,2.0,5.0,True
R_9FGP,4,12,2,10,0.6,1.1552,0.06,3.0,6.0,True
R_9FGP,7,20,23,18,1.08,0.6418,-0.19,2.0,5.0,True
R_9FGP,8,18,8,18,1.08,0.6418,-0.19,3.0,6.0,True
R_9GFQ,1,15,1,15,0.9,0.7702,-0.11,3.0,6.0,True
R_9GFQ,2,33,66,15,0.9,0.7702,-0.11,2.0,5.0,True
R_9HCZ,1,28,22,14,0.84,0.8252,-0.08,2.0,5.0,True
R_9HCZ,4,30,64,30,1.8,0.3851,-0.41,2.0,5.0,True
R_9HCZ,5,36,15,12,0.72,0.9627,-0.02,2.0,5.0,True
R_9HCZ,7,18,1,14,0.84,0.8252,-0.08,3.0,6.0,True
R_9Q2G,6,16,2,16,0.96,0.722,-0.14,3.0,6.0,True
R_9Q2G,8,44,7,14,0.84,0.8252,-0.08,1.0,4.0,True
apomyoglobin,0,36,3,14,0.84,0.8252,-0.08,2.0,5.0,True
apomyoglobin,1,14,3,12,0.72,0.9627,-0.02,3.0,6.0,True
apomyoglobin,5,46,17,12,0.72,0.9627,-0.02,1.0,4.0,True
apomyoglobin,7,11,1,23,1.38,0.5023,-0.3,3.0,6.0,True
barnase,0,13,1,20,1.2,0.5776,-0.24,3.0,6.0,True
barnase,1,20,1,17,1.02,0.6796,-0.17,2.0,5.0,True
barnase,2,17,8,17,1.02,0.6796,-0.17,3.0,6.0,True
barnase,3,25,41,24,1.44,0.4814,-0.32,2.0,5.0,True
barnase,4,24,20,11,0.66,1.0502,0.02,2.0,5.0,True
src_SH3,0,21,29,14,0.84,0.8252,-0.08,2.0,5.0,True
src_SH3,1,14,2,11,0.66,1.0502,0.02,3.0,6.0,True
src_SH3,2,11,1,10,0.6,1.1552,0.06,3.0,6.0,True
titin_I27,2,24,2,17,1.02,0.6796,-0.17,2.0,5.0,True
titin_I27,3,17,12,11,0.66,1.0502,0.02,3.0,6.0,True
