i,j,seq_sep,E_direct,E_water,E_protein,E_total,layer,seg_i,seg_j
0,44,44,-1.1710086633698325e-15,0.0,-0.0030312890315190456,-0.0030312890315202165,L3,0,3
0,45,45,0.02168485345485364,0.0,1.450253148130699,1.4719380015855528,L3,0,3
0,69,69,-0.0,0.0,-2.43138639322352e-06,-2.43138639322352e-06,L3,0,4
0,70,70,-2.2427835132761316,0.0,-0.04034701665037173,-2.2831305299265034,L3,0,4
0,93,93,3.0195212887555534,0.0,1.095449592080083,4.114970880835637,L3,0,5
0,94,94,-2.418333777323798,0.0,-1.8643928376781152e-06,-2.4183356417166357,L3,0,5
0,95,95,-5.306733226478925e-05,0.0,-0.6341122263351642,-0.634165293667429,L3,0,5
0,96,96,-2.416217197722558,0.0,-0.0008195206369538647,-2.417036718359512,L3,0,5
1,96,95,7.577893256786617e-10,0.0,-0.031086720807930793,-0.03108672005014147,L3,0,5
4,45,41,-0.0,-0.0,-4.7642138253572547e-05,-4.7642138253572547e-05,L3,0,3
4,70,66,-0.0005282779114070338,0.0,-0.08425266192063582,-0.08478093983204285,L3,0,4
4,93,89,-2.103792886208211e-11,0.0,-0.5536039606219548,-0.5536039606429928,L3,0,5
4,94,90,-4.1836289368600245e-08,0.0,-0.08430744277509153,-0.08430748461138089,L3,0,5
4,96,92,-2.3414723141499395e-11,0.0,-0.08403533365943727,-0.084035333682852,L3,0,5
5,28,23,-4.215613411053809e-12,0.0,-1.0195181164168363,-1.0195181164210518,L3,0,1
5,30,25,-1.0182684029302891e-16,0.0,-0.000251148556508946,-0.0002511485565090478,L3,0,1
5,45,40,0.00019368532842457142,0.0,1.4610807362236464,1.461274421552071,L3,0,3
5,47,42,1.9323459208298032e-13,0.0,1.4031905589998237,1.4031905590000169,L3,0,3
5,70,65,-3.5743030083337234e-10,0.0,-0.5511438822614425,-0.5511438826188728,L3,0,4
5,93,88,0.0015693527801885225,0.0,4.182394769317125,4.183964122097313,L3,0,5
5,94,89,-4.0390858054428775e-11,0.0,-0.5484185238837352,-0.5484185239241262,L3,0,5
5,95,90,-0.0,0.0,-8.308010474442343e-05,-8.308010474442343e-05,L3,0,5
5,96,91,-4.0298038239683373e-16,0.0,-0.0009118884398556476,-0.0009118884398560506,L3,0,5
7,68,61,-8.862544405019434e-15,-0.0,-0.025002440103188944,-0.025002440103197805,L3,0,4
7,70,63,-3.995322135914581e-11,0.0,-0.5483850287406776,-0.5483850287806309,L3,0,4
7,93,86,0.0,0.0,6.653018508996578e-06,6.653018508996578e-06,L3,0,5
8,45,37,-3.5060210574089366e-12,-0.0,-0.1679664116797098,-0.16796641168321583,L3,0,3
8,47,39,-2.2371511177195287e-09,0.0,-1.0721292180925264,-1.0721292203296775,L3,0,3
8,65,57,-6.853184184585359e-15,0.0,-0.03267268994564782,-0.03267268994565468,L3,0,3
8,68,60,-0.04497474390319039,0.0,-0.08885844209790644,-0.13383318600109684,L3,0,4
8,69,61,-4.507298822176154e-14,0.0,-0.020385505824574154,-0.020385505824619225,L3,0,4
8,70,62,-2.352695102557184,0.0,-4.597485813125584e-06,-2.3526997000429968,L3,0,4
8,71,63,-0.0002430429914421194,0.0,-0.5023382701759644,-0.5025813131674065,L3,0,4
8,91,83,-5.187782536111599e-09,0.0,-0.4416884164088459,-0.4416884215966284,L3,0,5
8,93,85,-2.3219241920627165,0.0,-0.0034213367748952986,-2.325345528837612,L3,0,5
8,94,86,-3.616069608165828e-08,0.0,-0.1270254646095529,-0.127025500770249,L3,0,5
9,26,17,-4.761428516142545e-09,0.0,-0.5582427494122532,-0.5582427541736816,L3,0,1
9,28,19,3.6467404965850215e-10,0.0,-0.1290165279931213,-0.12901652762844726,L3,0,1
9,45,36,-0.0,-0.0,-8.938920394270537e-06,-8.938920394270537e-06,L3,0,3
9,47,38,-0.0003400144096762209,0.0,-0.29945398115483696,-0.2997939955645132,L3,0,3
9,49,40,-0.0,-0.0,-0.00015548038560710703,-0.00015548038560710703,L3,0,3
9,70,61,-0.0,0.0,-2.5078764780194625e-06,-2.5078764780194625e-06,L3,0,4
9,91,82,-4.0966599544445254e-12,0.0,-0.35451120783530155,-0.3545112078393982,L3,0,5
9,93,84,-4.680985635227231e-11,0.0,-0.29784039280676416,-0.297840392853574,L3,0,5
11,64,53,-1.0770636134971313e-13,0.0,-0.15801286228259487,-0.1580128622827026,L3,0,3
11,65,54,2.598742546215216e-09,0.0,4.183383820895482,4.183383823494225,L3,0,3
11,67,56,0.0,0.0,0.0012434995238022562,0.0012434995238022562,L3,0,3
11,68,57,-0.48176837100775965,0.0,-0.023186676158538047,-0.5049550471662977,L3,0,4
11,70,59,-1.8164751938876123e-12,0.0,-0.7975849552676377,-0.7975849552694542,L3,0,4
11,71,60,1.260634322357568e-11,0.0,2.8007070729191232,2.8007070729317296,L3,0,4
11,91,80,0.0,0.0,4.193435295534176e-06,4.193435295534176e-06,L3,0,5
11,93,82,0.0,0.0,2.0583051590450376e-06,2.0583051590450376e-06,L3,0,5
12,23,11,3.2220903192214937e-13,0.0,1.3188763450514507,1.3188763450517729,L2,0,0
12,26,14,1.7134526813844533e-12,0.0,2.3588214615451526,2.358821461546866,L3,0,1
12,47,35,0.001433213573766836,0.0,4.18253402069712,4.183967234270887,L3,0,3
12,49,37,2.5210422919635333e-06,0.0,0.961817139489375,0.9618196605316669,L3,0,3
12,51,39,0.0,0.0,5.5784944299158654e-06,5.5784944299158654e-06,L3,0,3
12,61,49,2.543157968659671e-14,0.0,0.2608080794376689,0.26080807943769435,L3,0,3
12,64,52,-1.157355895653467e-13,0.0,-0.16532718621107673,-0.16532718621119247,L3,0,3
12,65,53,2.1903754613065627,0.0,1.9435504868704672,4.13392594817703,L3,0,3
12,68,56,-2.5407543895759287e-08,0.0,-0.1494521594631097,-0.1494521848706536,L3,0,4
12,70,58,-0.0,0.0,-0.00020155043247335904,-0.00020155043247335904,L3,0,4
12,71,59,1.9204285009345233e-07,0.0,2.885740752771124,2.885740944813974,L3,0,4
12,74,62,4.7457144236595646e-14,0.0,0.3190836155519844,0.31908361555203185,L3,0,4
12,89,77,1.6565340812337405e-08,0.0,2.8856799494164926,2.8856799659818333,L3,0,5
12,91,79,1.4373495120684117,0.0,2.713791322381353,4.151140834449764,L3,0,5
12,93,81,6.066794161307954e-12,0.0,3.9356802530531416,3.9356802530592083,L3,0,5
13,23,10,-0.04383920283944121,-0.0,0.36253511346811096,0.31869591062866975,L2,0,0
13,26,13,-8.373685160401711e-10,-0.0,0.3768462630840914,0.3768462622467229,L3,0,1
13,47,34,-0.0,0.0,-2.6732205658128866e-06,-2.6732205658128866e-06,L3,0,3
13,49,36,-7.0617242946635634e-12,-0.0,-0.40681586719194796,-0.4068158671990097,L3,0,3
13,51,38,-0.0,-0.0,1.1689499009782481e-05,1.1689499009782481e-05,L3,0,3
14,64,50,-4.707418455041079e-17,0.0,-0.000438637354982071,-0.00043863735498211805,L3,0,3
15,49,34,0.0,0.0,1.1356134253206122e-06,1.1356134253206122e-06,L3,0,3
15,57,42,-0.0,-0.0,2.4101442462091437e-06,2.4101442462091437e-06,L3,0,3
15,60,45,-2.980068553704029e-14,-0.0,0.00023964047914346961,0.00023964047911366893,L3,0,3
15,61,46,3.7180282170722836,0.0,0.044593493774400375,3.762621710846684,L3,0,3
15,62,47,1.1707136948757581e-14,0.0,0.015237612475890183,0.01523761247590189,L3,0,3
15,63,48,-2.2599789240018708e-15,-0.0,0.0036547733194903886,0.0036547733194881287,L3,0,3
15,64,49,-1.4559678082233631,-0.0,1.20126602273338e-07,-1.455967688096761,L3,0,3
15,65,50,4.177309246253772,0.0,0.0006397902720123509,4.177949036525785,L3,0,3
15,66,51,-0.0,-0.0,1.0069563405429377e-05,1.0069563405429377e-05,L3,0,3
15,67,52,5.1096904485348206e-15,0.0,0.006498342893108895,0.0064983428931140045,L3,0,3
15,68,53,-3.7000877161297296e-11,-0.0,0.17405866127070507,0.1740586612337042,L3,0,4
15,71,56,2.132018339651154e-16,0.0,0.0011950667732268058,0.001195066773227019,L3,0,4
15,74,59,0.0,0.0,5.598163430662492e-05,5.598163430662492e-05,L3,0,4
15,89,74,1.066009169825577e-15,0.0,0.003809500964703336,0.003809500964704402,L3,0,5
15,91,76,0.0,0.0,1.0896596320887548e-05,1.0896596320887548e-05,L3,0,5
16,26,10,1.5894737304122942e-14,0.0,0.107202468708778,0.1072024687087939,L3,0,1
16,49,33,0.004740181644474566,0.0,1.4587901414961624,1.463530323140637,L3,0,3
16,51,35,2.968288798498458,0.0,0.734327674443621,3.7026164729420787,L3,0,3
16,52,36,-0.0,0.0,-5.245799641126789e-05,-5.245799641126789e-05,L3,0,3
16,53,37,1.8742027775182037e-05,0.0,3.100076614814938,3.100095356842713,L3,0,3
16,57,41,-5.830621319091734e-17,-0.0,-0.00021093614304782164,-0.00021093614304787994,L3,0,3
16,61,45,0.0044381732080029275,0.0,4.17946036561138,4.183898538819383,L3,0,3
16,64,48,-8.624667643619687e-14,0.0,-0.3038590633895766,-0.30385906338966284,L3,0,3
16,65,49,5.625976328945681e-10,0.0,4.181155282827255,4.181155283389853,L3,0,3
16,87,71,0.0,0.0,2.7394205418827048e-05,2.7394205418827048e-05,L3,0,5
16,89,73,3.5508246775949644e-06,0.0,2.6766695479245675,2.676673098749245,L3,0,5
16,91,75,0.0,0.0,4.889267919174456e-05,4.889267919174456e-05,L3,0,5
17,51,34,-3.5465896885966687e-16,0.0,-0.0011683162136885607,-0.0011683162136889155,L3,0,3
17,53,36,-9.277897206061425e-15,0.0,-0.028974721480747857,-0.028974721480757134,L3,0,3
17,61,44,-0.0,0.0,-7.802230173920049e-05,-7.802230173920049e-05,L3,0,3
18,53,35,-0.0,-0.0,-1.7629157403523153e-06,-1.7629157403523153e-06,L3,0,3
18,57,39,-3.9255279554950565e-13,0.0,-0.1659654784135534,-0.16596547841394596,L3,0,3
18,60,42,1.4423262584273288e-16,0.0,-0.0004487272305542132,-0.00044872723055406895,L3,0,3
18,61,43,-3.745401896686507e-09,0.0,-0.5514596993216508,-0.5514597030670527,L3,0,3
18,64,46,-6.116447440560517e-08,0.0,-0.12702577943683388,-0.12702584060130828,L3,0,3
19,51,32,4.0879248619774e-12,0.0,2.342923889139648,2.342923889143736,L3,0,3
19,53,34,1.9238289476227928,-0.0,0.3168916397505618,2.2407205873733544,L3,0,3
19,54,35,5.800317656411925e-07,-0.0,-0.3121256531945497,-0.3121250731627841,L3,0,3
19,56,37,-3.99511367099592e-15,-0.0,0.002664903066388007,0.0026649030663840117,L3,0,3
19,57,38,0.38509600694027857,-0.0,2.3765196388976226e-09,0.3850960093167982,L3,0,3
19,58,39,1.24602341771075e-06,0.0,2.4814450415587803,2.481446287582198,L3,0,3
19,59,40,-7.015604985838309e-16,-0.0,0.0036160532356806943,0.0036160532356799926,L3,0,3
19,60,41,-2.3399068728716745,-0.0,0.05863550045213687,-2.2812713724195377,L3,0,3
19,61,42,0.20317500464023885,0.0,2.268794567301491e-10,0.20317500486711831,L3,0,3
19,62,43,6.8673895885496e-14,0.0,0.48118559314399273,0.4811855931440614,L3,0,3
19,63,44,5.234924316255274e-16,-0.0,0.005818650895985188,0.005818650895985712,L3,0,3
19,64,45,-0.0016794325156656031,-0.0,-0.17366591780966267,-0.17534535032532828,L3,0,3
19,65,46,4.304999163107226e-13,0.0,0.8961611125858423,0.8961611125862728,L3,0,3
19,89,70,0.0,0.0,1.141257554523611e-05,1.141257554523611e-05,L3,0,5
20,51,31,-1.0566364169531273e-10,0.0,0.2286434860423504,0.22864348593668676,L3,0,3
20,52,32,-9.300150850470424e-11,0.0,-0.05364056529507646,-0.05364056538807797,L3,0,3
20,53,33,0.5587702535181559,0.0,4.1156317118708875e-06,0.5587743691498678,L3,0,3
20,54,34,-1.7074552945856654,0.0,0.004701200746899113,-1.7027540938387662,L3,0,3
20,56,36,-0.0,0.0,-1.733189475100728e-05,-1.733189475100728e-05,L3,0,3
20,57,37,-1.3446642005904947,0.0,-0.0005747109789823947,-1.3452389115694772,L3,0,3
20,58,38,-1.0504594527560585e-16,0.0,0.0004917732770334671,0.000491773277033362,L3,0,3
20,60,40,-0.0,0.0,-5.744656077618055e-06,-5.744656077618055e-06,L3,0,3
20,61,41,-2.8896017504068184e-09,0.0,-0.22454860984346542,-0.22454861273306717,L3,0,3
20,84,64,2.285807432571563e-11,0.0,0.8964206739026228,0.8964206739254809,L3,0,5
21,49,28,6.278687841936483e-08,0.0,0.7879302248100486,0.7879302875969271,L3,0,3
21,50,29,-1.0797960436903507e-15,-0.0,-0.0009751633893882422,-0.0009751633893893219,L3,0,3
21,51,30,0.2511620608539265,0.0,1.967439771515478e-10,0.25116206105067046,L3,0,3
21,52,31,-0.049722798340910264,-0.0,0.08490829045107176,0.0351854921101615,L3,0,3
21,53,32,0.002810076341363922,0.0,1.8087715690828787e-12,0.0028100763431726933,L3,0,3
21,54,33,-1.1867481357400846e-08,-0.0,-0.00857704868290337,-0.008577060550384727,L3,0,3
21,57,36,-1.0129316380995849e-06,-0.0,0.17455630541470374,0.17455529248306564,L3,0,3
21,58,37,6.31606169084975e-11,0.0,1.3564745321241678,1.3564745321873284,L3,0,3
21,61,40,0.005589871012450828,0.0,0.3998738493161367,0.4054637203285875,L3,0,3
21,76,55,0.0,0.0,2.4272859204887167e-05,2.4272859204887167e-05,L3,0,4
21,84,63,5.844341302463363e-14,0.0,0.15052024043658468,0.15052024043664314,L3,0,5
21,85,64,-0.0,-0.0,2.4574227464123556e-06,2.4574227464123556e-06,L3,0,5
21,86,65,-6.27771923333853e-17,-0.0,0.00012597242478614573,0.00012597242478608296,L3,0,5
21,87,66,8.502471154392621e-09,0.0,0.7879268082032971,0.7879268167057683,L3,0,5
21,89,68,3.070534134616962e-08,0.0,1.364177221734067,1.3641772524394085,L3,0,5
22,49,27,0.0,-0.0,8.284880528578484e-05,8.284880528578484e-05,L3,0,3
22,50,28,-3.8944826840747743e-13,0.0,-0.12811701621196042,-0.12811701621234986,L3,0,3
22,51,29,-0.6777452121627869,0.0,0.00242528037354048,-0.6753199317892464,L3,0,3
22,52,30,-0.005325858216312562,0.0,-1.0519135034314786e-11,-0.005325858226831697,L3,0,3
22,53,31,-0.004905346585778791,0.0,-0.6364053622492606,-0.6413107088350394,L3,0,3
22,54,32,-1.9159713371408318e-16,0.0,3.268466504416601e-05,3.268466504397441e-05,L3,0,3
22,84,62,-1.179626992382992e-08,0.0,-0.6836651015082887,-0.6836651133045587,L3,0,5
22,86,64,-3.753266729356497e-11,0.0,-0.20236431132860538,-0.20236431136613806,L3,0,5
22,87,65,0.0,-0.0,1.6024187679973275e-05,1.6024187679973275e-05,L3,0,5
23,49,26,2.5425341261572663,0.0,0.038709139731203136,2.581243265888469,L3,0,3
23,50,27,-1.6926953629060674e-05,-0.0,0.3768891731497681,0.37687224619613907,L3,0,3
23,51,28,4.090037219096884,0.0,0.0002644526276808294,4.090301671724565,L3,0,3
23,52,29,-9.998883374094824e-09,0.0,-0.5024072068430093,-0.5024072168418927,L3,0,3
23,53,30,1.1785695968171695e-11,0.0,1.6514024988526568,1.6514024988644425,L3,0,3
23,87,64,0.0,0.0,2.346649887869207e-06,2.346649887869207e-06,L3,0,5
23,89,66,5.780461822157967e-12,0.0,2.8774588038465034,2.8774588038522837,L3,0,5
24,49,25,-4.0441422041797814e-08,-0.0,-0.17388650329865157,-0.17388654374007362,L3,1,3
24,50,26,-1.8171693231795527,0.0,-2.328420390230179e-09,-1.817169325507973,L3,1,3
24,51,27,-0.42716251135498173,0.0,-0.368050150511751,-0.7952126618667328,L3,1,3
24,52,28,-3.1199616252521025,0.0,-0.02313425377196619,-3.143095879024069,L3,1,3
24,53,29,-0.0,0.0,-0.0001827816737627507,-0.0001827816737627507,L3,1,3
24,79,55,-3.1254996342156003e-13,0.0,-0.03436023369196337,-0.03436023369227592,L3,1,4
24,82,58,-3.2163334724826914e-06,0.0,-0.094432777652233,-0.09443599398570549,L3,1,4
24,83,59,-0.01273206358127933,-0.0,-0.6539302102300935,-0.6666622738113728,L3,1,4
24,86,62,-1.9267839798805764e-07,0.0,-0.1303314133768389,-0.1303316060552369,L3,1,5
24,87,63,-7.33124450036371e-17,-0.0,-6.688047584015815e-05,-6.688047584023147e-05,L3,1,5
24,88,64,-0.0,0.0,-3.5861320497067715e-05,-3.5861320497067715e-05,L3,1,5
25,48,23,-1.1259595432320985e-06,-0.0,-0.8611083385240407,-0.8611094644835839,L3,1,3
25,49,24,-0.12077928404131072,-0.0,-1.0175429563897431,-1.1383222404310538,L3,1,3
25,50,25,-0.0006234673983174414,0.0,-1.811953461583471e-13,-0.0006234673984986367,L3,1,3
25,51,26,-3.8904766279666114e-08,0.0,-0.5582676393871948,-0.5582676782919611,L3,1,3
25,52,27,3.023543193592104e-17,0.0,-5.878300782477501e-05,-5.8783007824744775e-05,L3,1,3
25,79,54,-4.042025274486605e-15,0.0,-0.002270283906320252,-0.002270283906324294,L3,1,4
25,82,57,-4.487506436223754e-09,0.0,-0.10726840100368465,-0.10726840549119109,L3,1,4
25,83,58,-2.770459036741673,-0.0,-7.443638589320469e-07,-2.770459781105532,L3,1,4
25,86,61,-2.2201140481570291e-16,0.0,-0.00021839070294115697,-0.000218390702941379,L3,1,5
25,88,63,1.0693939685983977e-11,0.0,-0.1284224843241895,-0.12842248431349557,L3,1,5
25,89,64,-1.435428176321807e-16,0.0,-0.00036774769144720253,-0.0003677476914473461,L3,1,5
26,47,21,0.0009404062657507665,0.0,2.6760567899093806,2.6769971961751313,L3,1,3
26,48,22,0.0004005184786651109,0.0,1.8288644917739127,1.8292650102525778,L3,1,3
26,49,23,2.5825238327206907,0.0,0.00023550438360342386,2.582759337104294,L3,1,3
26,50,24,-1.6864465128687716e-06,-0.0,0.37689414353841777,0.3768924570919049,L3,1,3
26,51,25,2.048150435474128e-13,0.0,1.0691329022228222,1.069132902223027,L3,1,3
26,83,57,0.0,0.0,7.00048461338981e-05,7.00048461338981e-05,L3,1,4
26,89,63,1.1217143183195334e-13,0.0,0.6949120597331289,0.694912059733241,L3,1,5
26,91,65,2.270676757731849e-16,0.0,0.0011955272179721653,0.0011955272179723924,L3,1,5
27,46,19,-1.59266814291054e-08,-0.0,-0.656583015037397,-0.6565830309640784,L3,1,3
27,47,20,-0.002038040959442552,0.0,-1.0712955433441524,-1.073333584303595,L3,1,3
27,48,21,-0.7635923012905409,-0.0,1.548654092416779e-11,-0.7635923012750544,L3,1,3
27,49,22,-2.9055507409892487e-06,-0.0,-0.17388665004513876,-0.17388955559587974,L3,1,3
27,50,23,-7.407887908752828e-09,0.0,-0.14915572360698312,-0.14915573101487103,L3,1,3
27,83,56,-2.5716736831782327e-12,-0.0,-0.5893232180280789,-0.5893232180306506,L3,1,4
27,88,61,-1.992639919734529e-15,0.0,-0.001099908812910873,-0.0010999088129128656,L3,1,5
27,89,62,-0.0,0.0,-3.920212481655318e-06,-3.920212481655318e-06,L3,1,5
27,90,63,-5.224519128432803e-16,0.0,-0.00029906758750454607,-0.00029906758750506855,L3,1,5
27,91,64,-0.0,0.0,-1.2289576323773686e-05,-1.2289576323773686e-05,L3,1,5
28,45,17,-6.536236282375319e-10,-0.0,-0.17385416834709877,-0.1738541690007224,L3,1,3
28,46,18,-1.3264319155406386e-06,-0.0,-0.6565946970598129,-0.6565960234917284,L3,1,3
28,47,19,-2.269983251037828,0.0,-0.027331027755461063,-2.2973142787932894,L3,1,3
28,48,20,-1.5887416060849886e-07,-0.0,0.011422306110038225,0.011422147235877617,L3,1,3
28,49,21,-0.0,-0.0,-1.7343756066209324e-05,-1.7343756066209324e-05,L3,1,3
28,91,63,-1.1470326022333665e-16,0.0,-0.00023371904963861536,-0.00023371904963873007,L3,1,5
28,93,65,-0.0,0.0,-0.00011659074067805461,-0.00011659074067805461,L3,1,5
29,44,15,-5.804129896702647e-15,0.0,-0.014242776993851495,-0.014242776993857299,L3,1,3
29,45,16,1.8765595998560908e-07,0.0,1.4611761122727551,1.461176299928715,L3,1,3
29,46,17,0.0029642127534315996,0.0,5.38848104716383e-12,0.0029642127588200805,L3,1,3
29,47,18,0.30581454023096477,0.0,3.871194251228681,4.177008791459646,L3,1,3
29,48,19,4.076674481132524,0.0,0.0054318690038283575,4.082106350136352,L3,1,3
29,90,61,-1.3909136552014979e-11,0.0,-0.5426587126541904,-0.5426587126680995,L3,1,5
29,91,62,1.2193534189020028e-13,0.0,1.0101440774126231,1.010144077412745,L3,1,5
29,92,63,8.810225819999574e-14,0.0,0.5004716048714771,0.5004716048715653,L3,1,5
29,93,64,0.0,0.0,3.5213919639967006e-05,3.5213919639967006e-05,L3,1,5
30,43,13,-2.3492289580318014e-13,0.0,0.029166772379490072,0.02916677237925515,L3,1,2
30,44,14,1.9676020857591205e-06,-0.0,0.36283599254534354,0.3628379601474293,L3,1,3
30,45,15,0.6237648172190308,0.0,7.752724840884484e-06,0.6237725699438716,L3,1,3
30,46,16,-0.21845568578775232,0.0,-2.0805171882114892e-06,-0.21845776630494054,L3,1,3
30,47,17,-4.435718447905245e-08,0.0,-0.22455483465365458,-0.22455487901083906,L3,1,3
30,48,18,6.277254716025027e-17,0.0,-0.0005655957646003189,-0.0005655957646002562,L3,1,3
30,92,62,-4.201837811024234e-16,0.0,0.0021506661163843595,0.0021506661163839392,L3,1,5
30,93,63,-1.0123624461932934e-12,0.0,-0.2070053961907402,-0.20700539619175257,L3,1,5
30,95,65,-3.271115703637584e-10,0.0,0.25840080672146837,0.2584008063943568,L3,1,5
31,41,10,-0.0,0.0,-2.5943210858347154e-06,-2.5943210858347154e-06,L3,1,2
31,42,11,-0.0,0.0,-7.034458893201046e-05,-7.034458893201046e-05,L3,1,2
31,43,12,-1.2317300289215003,0.0,-1.4770203494805936e-06,-1.2317315059418499,L3,1,2
31,44,13,-0.9162520632224794,0.0,-0.00022541775956844227,-0.9164774809820478,L3,1,3
31,45,14,2.891246786461366,0.0,0.004521532047711954,2.895768318509078,L3,1,3
31,46,15,9.875815164767417e-05,0.0,2.9223951286748875,2.922493886826535,L3,1,3
31,92,61,9.082707030927396e-16,0.0,0.006873689724156792,0.0068736897241577005,L3,1,5
31,93,62,1.816541406185479e-15,0.0,0.01889508285069093,0.01889508285069275,L3,1,5
31,95,64,-2.2706599645081114,0.0,-0.000382311255159777,-2.2710422757632713,L3,1,5
31,96,65,-0.0,0.0,-0.0001384048881583668,-0.0001384048881583668,L3,1,5
32,42,10,-1.9159713371408318e-16,0.0,5.310526694677212e-05,5.310526694658052e-05,L3,1,2
32,43,11,-0.06287408101682651,0.0,-0.1439197654857457,-0.2067938465025722,L3,1,2
32,44,12,-1.3234298052618008,0.0,-0.0009766044404415088,-1.3244064097022423,L3,1,3
32,45,13,2.9165982417557513e-08,-0.0,0.6116996129863445,0.6116996421523269,L3,1,3
32,46,14,-0.7326839691811057,-0.0,-9.404068793067185e-06,-0.7326933732498987,L3,1,3
32,92,60,-3.143596424651633e-08,0.0,0.054015323510343626,0.05401529207437938,L3,1,5
32,95,63,-3.208179045762094e-11,0.0,0.05877920925320105,0.05877920922111926,L3,1,5
33,43,10,-0.8750798592748021,0.0,-2.048200357686532e-05,-0.875100341278379,L3,1,2
33,44,11,-5.715830732196912e-07,0.0,-0.02602446332352996,-0.02602503490660318,L3,1,3
33,46,13,-0.0,-0.0,-1.0986755730750121e-05,-1.0986755730750121e-05,L3,1,3
33,95,62,-1.6477353499411156e-14,0.0,0.0028780157977209083,0.002878015797704431,L3,1,5
34,44,10,-0.903781134311402,0.0,-0.003279151059757568,-0.9070602853711596,L3,2,3
34,45,11,0.0,0.0,2.9589524945699117e-05,2.9589524945699117e-05,L3,2,3
34,46,12,6.314942631480136e-14,0.0,0.49355433936427984,0.493554339364343,L3,2,3
34,72,38,-5.447729989974831e-07,-0.0,-0.30246114855603673,-0.3024616933290357,L3,2,4
34,73,39,-3.997949839612936e-07,-0.0,-0.30246117051542376,-0.3024615703104077,L3,2,4
34,92,58,0.0030304230229119024,0.0,2.6746891567220117,2.677719579744924,L3,2,5
34,95,61,-6.054302452294103e-12,0.0,-0.612613808327963,-0.6126138083340172,L3,2,5
35,73,38,-3.578299963002962e-15,-0.0,0.005703945402578239,0.005703945402574661,L3,2,4
35,92,57,0.0,0.0,9.127252434745989e-05,9.127252434745989e-05,L3,2,5
36,73,37,3.271827697659546e-17,-0.0,0.0005013191843375873,0.00050131918433762,L3,2,4
37,72,35,-2.1075684708549148e-14,0.0,0.0036461111229834585,0.003646111122962383,L3,2,4
38,71,33,6.812030273195546e-16,0.0,0.0044671585205797995,0.00446715852058048,L3,2,4
38,72,34,-0.3350141967896966,0.0,-4.387292800271326e-10,-0.3350141972284259,L3,2,4
38,73,35,-0.5267892276377866,0.0,-0.011387239105824247,-0.5381764667436109,L3,2,4
38,92,54,0.0016512857272187199,0.0,2.8845816945365255,2.886232980263744,L3,2,5
38,93,55,0.0,0.0,0.00015554284771013372,0.00015554284771013372,L3,2,5
38,94,56,-1.987069418820653e-12,0.0,-0.8069393645237076,-0.8069393645256947,L3,2,5
38,95,57,-3.9995869727249564e-15,0.0,-0.018168360931200226,-0.018168360931204226,L3,2,5
39,69,30,-9.712781427229089e-13,-1.535431789745675e-22,0.0012960899095107146,0.0012960899085394364,L3,2,4
39,70,31,-7.780367710097381e-15,-0.0,0.0027736927272627348,0.0027736927272549545,L3,2,4
39,71,32,0.0,0.0,1.2014324411062379e-05,1.2014324411062379e-05,L3,2,4
39,72,33,-0.8430377578964869,-0.0,0.04443129789280561,-0.7986064600036813,L3,2,4
39,73,34,-3.766631540003118e-16,-0.0,0.0005826546251557247,0.000582654625155348,L3,2,4
39,92,53,0.0,0.0,0.00011795539605934215,0.00011795539605934215,L3,2,5
39,94,55,-9.321638075780944e-06,-0.0,0.03895270537748005,0.03894338373940427,L3,2,5
39,95,56,-9.933052425026291e-15,-0.0,-0.0003869256431936572,-0.0003869256432035902,L3,2,5
39,96,57,-6.031292798525101e-17,-0.0,1.7119923936262733e-05,1.711992393620242e-05,L3,2,5
41,72,31,0.004373554689018602,0.0,0.09702951471587141,0.10140306940489002,L3,2,4
41,92,51,-1.0654195347736817e-13,0.0,-0.16721504769787413,-0.16721504769798068,L3,2,5
41,93,52,-0.0,0.0,-0.0001308991416823719,-0.0001308991416823719,L3,2,5
41,94,53,1.9076653636956462e-05,0.0,-0.031081413883653226,-0.03106233723001627,L3,2,5
41,95,54,-3.2435621296922132,0.0,-0.00426881578428662,-3.2478309454764998,L3,2,5
41,96,55,2.159329913137268e-08,0.0,-0.031087099539784422,-0.03108707794648529,L3,2,5
42,95,53,-2.8997526739520384e-10,0.0,-0.035037925842858676,-0.03503792613283394,L3,2,5
43,72,29,-4.9847046330597783e-14,0.0,-0.05867384444654092,-0.05867384444659077,L3,2,4
43,92,49,-2.2882664606482805e-12,-0.0,0.35995722441294287,0.3599572244106546,L3,2,5
43,93,50,-0.0,0.0,-9.232532905694241e-05,-9.232532905694241e-05,L3,2,5
43,94,51,-4.8557629881429423e-14,0.0,-0.032908905348069235,-0.032908905348117794,L3,2,5
43,95,52,-0.5122630285720882,0.0,2.6817295640415577e-11,-0.5122630285452708,L3,2,5
43,96,53,-7.73056368736036e-12,0.0,-0.08348831213578697,-0.08348831214351754,L3,2,5
44,70,26,-0.0,0.0,8.786201273207973e-06,8.786201273207973e-06,L3,3,4
44,72,28,-1.2755006011019732,0.0,-0.0018837364860760301,-1.2773843375880491,L3,3,4
44,73,29,-1.4348788993367946e-08,0.0,-0.026024246360833357,-0.02602426070962235,L3,3,4
44,91,47,2.4127029263354416e-16,0.0,-0.0035429091927668957,-0.0035429091927666545,L3,3,5
44,92,48,-0.4725448555417147,0.0,4.1320709145807093e-07,-0.4725444423346233,L3,3,5
44,93,49,-0.3969844847980144,0.0,-0.12736009121925596,-0.5243445760172704,L3,3,5
44,94,50,-0.0009318488077084484,0.0,0.033169908597077816,0.03223805978936937,L3,3,5
44,95,51,-0.023453316216474975,0.0,7.284542930698912e-12,-0.02345331620919043,L3,3,5
44,96,52,-2.37853738295879e-12,0.0,0.03244689206347871,0.03244689206110018,L3,3,5
45,70,25,-2.4110720989511948e-11,-0.0,0.5676225914326766,0.5676225914085659,L3,3,4
45,71,26,0.0,0.0,0.000573866413174436,0.000573866413174436,L3,3,4
45,72,27,3.267755384597377e-09,-0.0,0.6116904723729566,0.611690475640712,L3,3,4
45,73,28,0.0,-0.0,1.8088982476106855e-05,1.8088982476106855e-05,L3,3,4
45,91,46,3.814134083725542e-09,0.0,0.9617294413541762,0.9617294451683103,L3,3,5
45,92,47,0.11055668039798315,0.0,2.3752294936152865,2.4857861740132696,L3,3,5
45,93,48,0.3010304393730145,0.0,3.4880728019162977e-10,0.30103043972182175,L3,3,5
45,94,49,-0.08854091494499049,-0.0,0.5262153315593872,0.43767441661439666,L3,3,5
45,95,50,0.24562702945759263,-0.0,-1.7673613765610722e-07,0.24562685272145496,L3,3,5
45,96,51,-2.3946983146965197e-10,-0.0,0.5698978189536511,0.5698978187141813,L3,3,5
46,72,26,-1.3423667777345827e-15,-0.0,-0.010595432681939713,-0.010595432681941056,L3,3,4
46,73,27,-7.452983061106977e-13,-0.0,-0.5098927068118565,-0.5098927068126018,L3,3,4
46,75,29,0.0,0.0,6.922032983647964e-05,6.922032983647964e-05,L3,3,4
46,90,44,-0.0018472448062381017,0.0,-0.4698004903594017,-0.4716477351656398,L3,3,5
46,91,45,0.002535040804537441,0.0,3.8890612521750842,3.8915962929796217,L3,3,5
46,92,46,3.2717430744718166,0.0,0.007436839683275526,3.279179914155092,L3,3,5
46,93,47,2.4819277527874e-06,0.0,2.922479607568766,2.9224820894965187,L3,3,5
46,95,49,-2.6319179369238556e-14,0.0,-0.205313671748277,-0.2053136717483033,L3,3,5
47,65,18,0.0,0.0,0.000454743096237733,0.000454743096237733,L2,3,3
47,71,24,1.1966466513246843e-13,0.0,0.6370602385423706,0.6370602385424903,L3,3,4
47,73,26,-0.0,-0.0,-1.0993211948823751e-05,-1.0993211948823751e-05,L3,3,4
47,74,27,1.3624060546391093e-15,0.0,0.009453756421137922,0.009453756421139284,L3,3,4
47,89,42,6.96627335349853e-07,0.0,2.6766702334147907,2.676670930042126,L3,3,5
47,90,43,-4.290025105666228e-05,0.0,-0.5514832598226775,-0.5515261600737342,L3,3,5
47,91,44,0.10607128352238866,0.0,2.29580714439237e-10,0.10607128375196938,L3,3,5
47,92,45,9.57736161011767e-06,0.0,2.6766657859328316,2.6766753632944416,L3,3,5
47,93,46,0.33957578567955626,0.0,3.8366611918919884,4.176236977571545,L3,3,5
48,75,27,4.3374768665671585e-16,-0.0,0.020386522415533563,0.020386522415533997,L3,3,4
48,77,29,0.0,0.0,9.890152719630199e-05,9.890152719630199e-05,L3,3,4
48,83,35,0.0,0.0,0.0008415706771499095,0.0008415706771499095,L3,3,4
48,88,40,-0.7459015522282901,-0.0,0.006995075212001041,-0.7389064770162891,L3,3,5
48,89,41,0.0072288223125097405,0.0,1.8230940783106528,1.8303229006231625,L3,3,5
48,90,42,-1.5604320469314974,-0.0,0.00013164095216829075,-1.560300405979329,L3,3,5
48,91,43,0.00015431413105491208,0.0,1.4332902035292854,1.4334445176603403,L3,3,5
48,92,44,1.2015669348386384e-16,0.0,0.001106484891946178,0.001106484891946298,L3,3,5
49,61,12,0.0,0.0,1.7212618691879857e-05,1.7212618691879857e-05,L2,3,3
49,65,16,0.0,0.0,0.00012332883346832915,0.00012332883346832915,L2,3,3
49,74,25,0.0,0.0,2.640485421367339e-05,2.640485421367339e-05,L3,3,4
49,76,27,1.7845959861473305e-12,0.0,2.1854690174482347,2.1854690174500195,L3,3,4
49,79,30,-6.954520959112642e-17,-0.0,-5.3160217050757724e-05,-5.316021705082727e-05,L3,3,4
49,83,34,0.0,-0.0,2.9194990323611385e-06,2.9194990323611385e-06,L3,3,4
49,86,37,0.0,-0.0,1.2601261215976055e-06,1.2601261215976055e-06,L3,3,5
49,87,38,1.352869824562478e-07,-0.0,0.8824041537465703,0.8824042890335528,L3,3,5
49,88,39,-0.019875155015986544,-0.0,-0.17127018131848087,-0.19114533633446742,L3,3,5
49,89,40,0.12314149296326227,0.0,2.560592773075321e-10,0.12314149321932154,L3,3,5
49,90,41,-8.758365375046502e-08,-0.0,0.5701529366527557,0.5701528490691019,L3,3,5
49,91,42,9.517293853461438e-05,0.0,0.9617935049133509,0.9618886778518855,L3,3,5
50,79,29,-0.860230506309241,0.0,-0.02707593700650713,-0.8873064433157482,L3,3,4
50,81,31,-0.0,0.0,-1.8417256834549745e-05,-1.8417256834549745e-05,L3,3,4
50,82,32,-1.5239469838391608,0.0,0.019577443173148776,-1.504369540666012,L3,3,4
50,83,33,-1.4436683019570706,-0.0,6.883543885798146e-05,-1.4435994665182126,L3,3,4
50,86,36,-0.005333494627160495,0.0,-0.15411411547864484,-0.15944761010580533,L3,3,5
50,87,37,-5.534687083844085e-06,-0.0,-0.4114519075046664,-0.4114574421917503,L3,3,5
50,88,38,-2.0518725741292414,0.0,-0.00037931198379917945,-2.0522518861130408,L3,3,5
50,89,39,-3.2217766475644456e-07,-0.0,0.3768944885109365,0.3768941663332717,L3,3,5
51,61,10,9.762229757446229e-11,0.0,2.666218046540769,2.6662180466383916,L2,3,3
51,76,25,2.7494739295439444e-10,0.0,3.063736449866415,3.063736450141362,L3,3,4
51,79,28,-3.2931802269573753e-09,0.0,-0.010836238712882501,-0.010836242006062728,L3,3,4
51,82,31,-0.0,0.0,-4.962528669278234e-05,-4.962528669278234e-05,L3,3,4
51,84,33,4.9598185825061595e-15,0.0,0.03323426467496316,0.03323426467496812,L3,3,5
51,85,34,-1.2403853460796202e-12,0.0,0.05127069969026737,0.051270699689026984,L3,3,5
51,86,35,-0.001598879620420233,0.0,0.05389373282854675,0.05229485320812652,L3,3,5
51,87,36,2.5825062187174814,0.0,4.9393622669446325e-05,2.5825556123401507,L3,3,5
51,88,37,-3.3505671574539257e-06,0.0,-0.5024136436624947,-0.5024169942296522,L3,3,5
51,89,38,4.026089300374524,0.0,0.04830047638759191,4.074389776762116,L3,3,5
52,79,27,-8.85868586324765e-10,0.0,-0.04760744065587956,-0.04760744154174815,L3,3,4
52,82,30,-9.054551637843743e-12,0.0,-0.09136287062869836,-0.0913628706377529,L3,3,4
52,84,32,-3.213490393284161,0.0,-0.00018916329518694415,-3.213679556579348,L3,3,5
52,85,33,-0.00020022139183585545,0.0,-0.1301469671804116,-0.13034718857224745,L3,3,5
52,86,34,-0.14076642216310523,0.0,-6.645489921024365e-08,-0.14076648861800445,L3,3,5
52,87,35,-6.5113861848751535e-06,-0.0,-0.1738861793792261,-0.17389269076541097,L3,3,5
53,76,23,2.526589936735491e-13,0.0,0.8543158030624164,0.8543158030626691,L3,3,4
53,79,26,-0.0,-0.0,1.6844826881785529e-06,1.6844826881785529e-06,L3,3,4
53,84,31,0.23635787436839162,-0.0,1.1962615793959797,1.4326194537643713,L3,3,5
53,85,32,-0.00018747756322006279,0.0,-0.6818593597736533,-0.6820468373368733,L3,3,5
53,86,33,-1.7095899434048078e-09,0.0,-0.6836629281096152,-0.6836629298192051,L3,3,5
53,87,34,1.5126969935070842,-0.0,0.49463013702484093,2.007327130531925,L3,3,5
53,89,36,6.470229217896417e-12,0.0,1.6241324233471857,1.6241324233536558,L3,3,5
54,84,30,-2.0729084367237327,0.0,0.00015690894054449887,-2.072751527783188,L3,3,5
54,85,31,-2.211408740288479e-05,0.0,0.059370578738311565,0.05934846465090868,L3,3,5
54,87,33,0.0,-0.0,-6.482868777468965e-05,-6.482868777468965e-05,L3,3,5
55,76,21,-8.866474221491672e-17,0.0,-0.00046487107120691054,-0.00046487107120699923,L3,3,4
55,78,23,2.6852994165249558e-12,0.0,-0.12663102685002164,-0.12663102684733635,L3,3,4
55,84,29,-6.6552044240780085e-06,0.0,-0.9738657795011925,-0.9738724347056166,L3,3,5
55,85,30,-0.13553855672099382,0.0,-6.280914559401119e-09,-0.1355385630019084,L3,3,5
55,86,31,-7.061127682561618e-17,0.0,-0.0007032616328055437,-0.0007032616328056143,L3,3,5
55,87,32,-2.1500102554082834e-08,-0.0,-0.1738860376590966,-0.17388605915919916,L3,3,5
56,84,28,-1.3439879431587088e-16,-0.0,-0.00034671233364887735,-0.00034671233364901174,L3,3,5
56,85,29,3.3265710630558942e-15,0.0,0.002000573081584267,0.0020005730815875937,L3,3,5
57,84,27,-3.5451961366561594e-17,0.0,-0.0037493757227426167,-0.0037493757227426523,L3,3,5
57,85,28,-1.4904502521062567e-16,0.0,-0.00016627522508195716,-0.0001662752250821062,L3,3,5
57,87,30,0.0,-0.0,9.42826081162964e-05,9.42826081162964e-05,L3,3,5
58,74,16,0.0,0.0,0.00024984992779785207,0.00024984992779785207,L3,3,4
58,76,18,4.089299496061977,0.0,0.0008687995775409802,4.090168295639518,L3,3,4
58,77,19,2.270676757731849e-16,0.0,0.001618396710564741,0.001618396710564968,L3,3,4
58,78,20,-1.092360842180895e-13,0.0,-0.17357569696757247,-0.17357569696768171,L3,3,4
58,85,27,-1.225462119467664e-07,0.0,0.05401540140323131,0.05401527885701936,L3,3,5
58,87,29,1.9211409193502187,0.0,0.6357123834968169,2.5568533028470357,L3,3,5
58,89,31,1.2238448175287965e-10,0.0,3.0584360541154187,3.058436054237803,L3,3,5
59,74,15,-0.0,-0.0,-1.2857652880953336e-05,-1.2857652880953336e-05,L3,3,4
59,76,17,-2.296548732045922e-08,-0.0,-0.4427045742624776,-0.44270459722796496,L3,3,4
61,74,13,4.2749663468182765e-09,0.0,2.6764325144847887,2.676432518759755,L3,3,4
61,76,15,3.5202428031555986e-05,0.0,2.676649095656899,2.676684298084931,L3,3,4
61,87,26,2.5369550041975943e-12,0.0,1.3199747231104813,1.3199747231130181,L3,3,5
61,89,28,9.492342261105073e-07,0.0,2.676670459504927,2.676671408739153,L3,3,5
62,73,11,-0.0,-0.0,4.396755105550138e-06,4.396755105550138e-06,L3,3,4
62,74,12,3.823871100045333,0.0,6.38862966065744e-07,3.823871738908299,L3,3,4
62,75,13,6.94421586488816e-08,0.0,0.6619905648320329,0.6619906342741916,L3,3,4
62,76,14,3.8403321971218833,0.0,8.810596786047628e-05,3.840420303089744,L3,3,4
62,87,25,8.051780531204145e-16,0.0,0.014334562702206,0.014334562702206805,L3,3,5
62,89,27,2.5675805507432986e-07,0.0,1.3641911992672309,1.364191456025286,L3,3,5
62,90,28,-0.0,-0.0,2.853923165262775e-06,2.853923165262775e-06,L3,3,5
62,91,29,4.645173135031655e-16,0.0,0.000715427247166741,0.0007154272471672055,L3,3,5
63,74,11,-2.0406783158790634e-10,0.0,0.053997869440837676,0.053997869236769844,L3,3,4
64,74,10,-1.557484861747227e-12,0.0,-0.45842178352348345,-0.4584217835250409,L3,3,4
65,75,10,1.9799353712102175e-16,0.0,0.0018025127470555047,0.0018025127470557027,L3,3,4
65,76,11,1.2641992848672068e-11,0.0,2.59801020987267,2.5980102098853117,L3,3,4
65,89,24,1.9938906844999465e-06,0.0,2.676670341420452,2.6766723353111366,L3,3,5
65,90,25,-0.0,0.0,-1.1517734374315438e-05,-1.1517734374315438e-05,L3,3,5
65,91,26,0.07186043763026932,0.0,4.110496765044804,4.182357202675073,L3,3,5
65,92,27,0.0,0.0,8.812094178741257e-06,8.812094178741257e-06,L3,3,5
65,93,28,0.0,0.0,9.937751445635402e-05,9.937751445635402e-05,L3,3,5
66,91,25,-1.7409992780770267e-15,0.0,-0.00471824799874753,-0.004718247998749271,L3,3,5
68,91,23,-1.427619408023162e-14,0.0,-0.03155577347715468,-0.03155577347716895,L3,4,5
68,93,25,-2.736224291854228e-10,-0.0,-0.30235275178274074,-0.30235275205636314,L3,4,5
68,94,26,-1.4208165055151768e-13,0.0,-0.11974396125390149,-0.11974396125404357,L3,4,5
69,93,24,-3.6354053989384736e-16,0.0,-0.001178493189587241,-0.0011784931895876046,L3,4,5
69,94,25,7.802859988789595e-08,0.0,-0.031087092785856963,-0.031087014757257076,L3,4,5
70,91,21,-1.1103766119902049e-14,0.0,-0.034612231908490054,-0.034612231908501156,L3,4,5
70,92,22,-1.8947359281540345e-14,-0.0,-0.033540886546128176,-0.033540886546147126,L3,4,5
70,93,23,-2.4190294714357146,0.0,-3.5651143275900922e-06,-2.4190330365500423,L3,4,5
70,94,24,0.03467695299179242,0.0,-1.5140073325614623e-11,0.034676952976652346,L3,4,5
70,95,25,-1.112193803720629e-14,0.0,-0.001023929146194725,-0.001023929146205847,L3,4,5
70,96,26,1.1683706788367945e-12,0.0,-0.1308384747163319,-0.13083847471516352,L3,4,5
71,91,20,3.355146745547173,0.0,0.5187663468133028,3.8739130923604757,L3,4,5
71,92,21,0.00044931456645407145,0.0,3.067664676525539,3.068113991091993,L3,4,5
71,93,22,3.736763623450522,0.0,0.23146455756698653,3.968228181017509,L3,4,5
71,94,23,-6.672732311295393e-07,-0.0,-0.4427087670078376,-0.44270943428106874,L3,4,5
72,91,19,-2.5638936026373837e-09,0.0,-0.14944936893480043,-0.14944937149869403,L3,4,5
72,92,20,-0.12878120696932646,0.0,2.468512468824624e-11,-0.12878120694464135,L3,4,5
72,93,21,-0.9341492753578757,-0.0,-0.033461789275963175,-0.967611064633839,L3,4,5
72,94,22,-1.057656583353433,0.0,-0.021425152067749788,-1.0790817354211828,L3,4,5
72,95,23,-2.3514351611383968e-08,0.0,0.05937014412285135,0.059370120608499735,L3,4,5
73,90,17,-3.4462445088816826e-05,0.0,-0.21249913320676428,-0.2125335956518531,L3,4,5
73,91,18,-0.00018242232856560415,0.0,-0.1494046692176191,-0.14958709154618471,L3,4,5
73,92,19,-0.0012321239904407074,0.0,1.936524927614869e-13,-0.001232123990247055,L3,4,5
73,93,20,-1.578286220367886e-10,-0.0,-0.3022731190779973,-0.30227311923582595,L3,4,5
73,94,21,-0.0,0.0,-6.326731200513246e-06,-6.326731200513246e-06,L3,4,5
74,89,15,0.01076338492525131,0.0,3.059928783390489,3.0706921683157407,L3,4,5
74,90,16,-0.007070751035187892,-0.0,-0.44144344552219356,-0.44851419655738145,L3,4,5
74,91,17,4.06232668167718,0.0,0.019866039864751397,4.082192721541931,L3,4,5
74,92,18,4.563868755316641e-06,0.0,3.067997999633518,3.068002563502273,L3,4,5
74,93,19,0.0,0.0,0.00023871008877153745,0.00023871008877153745,L3,4,5
75,87,12,1.4748424703725506e-16,-0.0,0.0006749611526565664,0.0006749611526567138,L3,4,5
75,88,13,-4.052635635936763e-09,0.0,-0.9737955681546382,-0.9737955722072739,L3,4,5
75,89,14,2.582594318376104e-05,0.0,1.6858425359196003,1.685868361862784,L3,4,5
75,90,15,-0.3133447683311967,-0.0,-1.2258682156947033e-10,-0.3133447684537835,L3,4,5
75,91,16,1.3133503602517316e-07,0.0,3.0179542180620484,3.0179543493970846,L3,4,5
75,92,17,9.347216668809461e-08,0.0,1.6858546248680986,1.6858547183402652,L3,4,5
76,87,11,2.581991420448098,0.0,1.6168001106320993e-05,2.5820075884492044,L3,4,5
76,88,12,-0.0064646887727481134,0.0,-0.500381243032779,-0.5068459318055271,L3,4,5
76,89,13,4.088956247505643,0.0,1.7140793873154113e-05,4.088973388299516,L3,4,5
76,90,14,-0.0006409902397054565,-0.0,-0.4425943089305394,-0.44323529917024485,L3,4,5
76,91,15,2.043609081958664e-14,0.0,0.14686220577500625,0.14686220577502668,L3,4,5
77,87,10,0.1871151645593478,0.0,2.301676002181683,2.4887911667410307,L3,4,5
77,88,11,-1.595490996830327,0.0,-9.45203379279252e-07,-1.5954919420337064,L3,4,5
77,89,12,1.1207089080647449e-08,0.0,3.067896889141459,3.067896900348548,L3,4,5
77,90,13,-0.0005772288465502407,-0.0,-0.4426057215712761,-0.44318295041782635,L3,4,5
78,88,10,9.85080228839092e-06,0.0,-0.12903222565024183,-0.12902237484795345,L3,4,5
79,89,10,-1.9112286153699643e-15,0.0,-0.00020875757023418448,-0.0002087575702360957,L3,4,5
