protein_id,pdb_id,n_res,seg_idx,seg_start,seg_end,seg_size,n_L2,n_L3,n_total,L2_ratio,E_L2,E_L3,seg_type,position,n_segments
CI2,2ci2,65,0,0,9,10,0,83,83,0.0,0.0,16.495433834415962,B,terminal,5
CI2,2ci2,65,1,10,30,21,7,146,153,0.0457516339869281,0.5167671311780372,23.68550472199971,A,internal,5
CI2,2ci2,65,2,31,41,11,0,48,48,0.0,0.0,15.690415661976733,B,internal,5
CI2,2ci2,65,3,42,52,11,0,128,128,0.0,0.0,38.38980133268642,B,internal,5
CI2,2ci2,65,4,53,64,12,0,145,145,0.0,0.0,9.030812574999796,B,terminal,5
DHFR_ecoli,1rx2,159,0,0,19,20,5,298,303,0.0165016501650165,1.3323868689565996,76.57623860745703,A,terminal,9
DHFR_ecoli,1rx2,159,1,20,45,26,0,314,314,0.0,0.0,51.03103635623043,B,internal,9
DHFR_ecoli,1rx2,159,2,46,59,14,2,136,138,0.014492753623188406,0.6982779228595539,20.921448552203515,A,internal,9
DHFR_ecoli,1rx2,159,3,60,69,10,0,74,74,0.0,0.0,20.04932744674636,B,internal,9
DHFR_ecoli,1rx2,159,4,70,91,22,6,180,186,0.03225806451612903,2.84729059370422,51.51900160470043,A,internal,9
DHFR_ecoli,1rx2,159,5,92,101,10,0,158,158,0.0,0.0,41.21004476767003,B,internal,9
DHFR_ecoli,1rx2,159,6,102,111,10,0,155,155,0.0,0.0,45.750440966633676,B,internal,9
DHFR_ecoli,1rx2,159,7,112,143,32,14,300,314,0.044585987261146494,1.5935638359930988,44.101348908191255,A,internal,9
DHFR_ecoli,1rx2,159,8,144,158,15,0,179,179,0.0,0.0,18.148751579401686,B,terminal,9
F01,2abd,86,0,0,10,11,0,82,82,0.0,0.0,8.641616065706668,B,terminal,5
F01,2abd,86,1,11,23,13,3,88,91,0.03296703296703297,0.6090390071096974,11.758563383960816,A,internal,5
F01,2abd,86,2,24,53,30,22,216,238,0.09243697478991597,0.4641191194466767,17.158970266539892,A,internal,5
F01,2abd,86,3,54,68,15,1,135,136,0.007352941176470588,0.0211320979724188,1.402457234006359,A,internal,5
F01,2abd,86,4,69,85,17,0,165,165,0.0,0.0,22.88625911876532,B,terminal,5
F02,8adh,374,0,0,20,21,1,251,252,0.003968253968253968,1.3043563239645832,54.78899047259028,A,terminal,14
F02,8adh,374,1,21,47,27,2,522,524,0.003816793893129771,0.0181503025357729,96.80470517459412,A,internal,14
F02,8adh,374,2,48,71,24,16,401,417,0.03836930455635491,6.357779843722364,52.12836923499983,A,internal,14
F02,8adh,374,3,72,98,27,18,409,427,0.04215456674473068,-3.005726953852728,42.083557884178816,A,internal,14
F02,8adh,374,4,99,140,42,49,345,394,0.12436548223350254,1.8840289761835842,42.36895868543947,A,internal,14
F02,8adh,374,5,141,161,21,9,453,462,0.01948051948051948,-1.208699355518839,51.66699820100723,A,internal,14
F02,8adh,374,6,162,197,36,6,699,705,0.00851063829787234,2.6840236453958526,187.406046993947,A,internal,14
F02,8adh,374,7,198,224,27,27,480,507,0.05325443786982249,8.697655357773446,130.47924729844186,A,internal,14
F02,8adh,374,8,225,269,45,28,474,502,0.055776892430278883,5.873081677082483,109.20761159499583,A,internal,14
F02,8adh,374,9,270,284,15,0,197,197,0.0,0.0,50.008222415748996,B,internal,14
F02,8adh,374,10,285,296,12,0,208,208,0.0,0.0,36.0689868217514,B,internal,14
F02,8adh,374,11,297,344,48,4,506,510,0.00784313725490196,1.9614325020300474,76.379285415657,A,internal,14
F02,8adh,374,12,345,356,12,0,135,135,0.0,0.0,34.015645114199145,B,internal,14
F02,8adh,374,13,357,373,17,8,212,220,0.03636363636363636,-0.25686809841092956,49.95360262192308,A,terminal,14
F03,1bta,89,0,0,13,14,0,162,162,0.0,0.0,21.71470612946706,B,terminal,5
F03,1bta,89,1,14,33,20,13,146,159,0.08176100628930817,-0.5525634472110075,43.13233360952318,A,internal,5
F03,1bta,89,2,34,67,34,9,315,324,0.027777777777777776,2.070858457475634,94.47144658879337,A,internal,5
F03,1bta,89,3,68,77,10,0,114,114,0.0,0.0,47.172515650148654,B,internal,5
F03,1bta,89,4,78,88,11,0,105,105,0.0,0.0,41.95558165304653,B,terminal,5
F04,1g68,266,0,0,11,12,0,100,100,0.0,0.0,20.81185153310454,B,terminal,14
F04,1g68,266,1,12,23,12,1,168,169,0.005917159763313609,0.063645674860301,32.36831561506874,A,internal,14
F04,1g68,266,2,24,62,39,3,630,633,0.004739336492890996,1.4303148283137166,82.74995406337152,A,internal,14
F04,1g68,266,3,63,83,21,1,195,196,0.00510204081632653,0.0324208227199748,9.282918167651616,A,internal,14
F04,1g68,266,4,84,95,12,0,114,114,0.0,0.0,18.880316343168243,B,internal,14
F04,1g68,266,5,96,107,12,0,196,196,0.0,0.0,11.583776101330152,B,internal,14
F04,1g68,266,6,108,146,39,58,390,448,0.12946428571428573,-0.11578666497583612,65.98642377807624,A,internal,14
F04,1g68,266,7,147,164,18,0,266,266,0.0,0.0,0.03475806720856072,B,internal,14
F04,1g68,266,8,165,176,12,0,115,115,0.0,0.0,31.04222234773601,B,internal,14
F04,1g68,266,9,177,212,36,55,353,408,0.13480392156862744,1.8638540136357964,57.664939731331856,A,internal,14
F04,1g68,266,10,213,224,12,0,265,265,0.0,0.0,45.65965982783971,B,internal,14
F04,1g68,266,11,225,242,18,0,324,324,0.0,0.0,77.15457263490765,B,internal,14
F04,1g68,266,12,243,254,12,0,124,124,0.0,0.0,22.433677053261594,B,internal,14
F04,1g68,266,13,255,265,11,0,146,146,0.0,0.0,50.58045470732499,B,terminal,14
F05,5pcy,99,0,0,15,16,12,161,173,0.06936416184971098,9.135577712513433,45.470568539375684,A,terminal,8
F05,5pcy,99,1,16,27,12,0,126,126,0.0,0.0,25.947727331090853,B,internal,8
F05,5pcy,99,2,28,37,10,0,164,164,0.0,0.0,10.983399716439632,B,internal,8
F05,5pcy,99,3,38,47,10,0,110,110,0.0,0.0,38.761913227285284,B,internal,8
F05,5pcy,99,4,48,57,10,0,69,69,0.0,0.0,23.446250598615066,B,internal,8
F05,5pcy,99,5,58,71,14,0,136,136,0.0,0.0,15.955638498767387,B,internal,8
F05,5pcy,99,6,72,86,15,0,212,212,0.0,0.0,40.65343630181494,B,internal,8
F05,5pcy,99,7,87,98,12,0,142,142,0.0,0.0,26.08529428475276,B,terminal,8
F06,4gcr,174,0,0,12,13,0,167,167,0.0,0.0,28.52696389066348,B,terminal,11
F06,4gcr,174,1,13,25,13,1,136,137,0.0072992700729927005,-1.263320945319716e-06,26.563311215712538,A,internal,11
F06,4gcr,174,2,26,47,22,3,348,351,0.008547008547008548,1.3009106455499508,66.16265455412757,A,internal,11
F06,4gcr,174,3,48,61,14,0,192,192,0.0,0.0,34.10439432513212,B,internal,11
F06,4gcr,174,4,62,84,23,1,307,308,0.003246753246753247,0.9618172083421888,46.42262105160181,A,internal,11
F06,4gcr,174,5,85,97,13,0,157,157,0.0,0.0,36.1220525329799,B,internal,11
F06,4gcr,174,6,98,117,20,10,152,162,0.06172839506172839,1.7792323951530329,22.154079487825744,A,internal,11
F06,4gcr,174,7,118,136,19,4,316,320,0.0125,2.6286501149274124,52.07742784345803,A,internal,11
F06,4gcr,174,8,137,151,15,0,202,202,0.0,0.0,27.903087791453135,B,internal,11
F06,4gcr,174,9,152,161,10,0,85,85,0.0,0.0,12.764702111602528,B,internal,11
F06,4gcr,174,10,162,173,12,0,206,206,0.0,0.0,44.316441276204856,B,terminal,11
F07,1cyc,103,0,0,9,10,0,76,76,0.0,0.0,5.674040266468319,B,terminal,5
F07,1cyc,103,1,10,20,11,0,60,60,0.0,0.0,14.2876676083916,B,internal,5
F07,1cyc,103,2,21,76,56,122,161,283,0.43109540636042404,-8.35821040341156,24.13743684828682,A,internal,5
F07,1cyc,103,3,77,88,12,0,79,79,0.0,0.0,3.6835509557718993,B,internal,5
F07,1cyc,103,4,89,102,14,0,158,158,0.0,0.0,27.69354771196908,B,terminal,5
F08,451c,82,0,0,12,13,0,84,84,0.0,0.0,7.5014545496641425,B,terminal,6
F08,451c,82,1,13,37,25,14,109,123,0.11382113821138211,2.3831435638784866,22.415215886767918,A,internal,6
F08,451c,82,2,38,49,12,0,106,106,0.0,0.0,13.80194472140981,B,internal,6
F08,451c,82,3,50,61,12,3,48,51,0.058823529411764705,-0.5546057125276965,6.593650122565529,A,internal,6
F08,451c,82,4,62,71,10,0,83,83,0.0,0.0,-6.987697245193844,B,internal,6
F08,451c,82,5,72,81,10,0,134,134,0.0,0.0,27.18183203748479,B,terminal,6
F09,8dfr,186,0,0,31,32,14,347,361,0.038781163434903045,3.144831691085105,69.81010144823212,A,terminal,11
F09,8dfr,186,1,32,43,12,0,87,87,0.0,0.0,14.518190910440845,B,internal,11
F09,8dfr,186,2,44,54,11,0,188,188,0.0,0.0,45.96651885574611,B,internal,11
F09,8dfr,186,3,55,70,16,2,138,140,0.014285714285714285,0.47222377046078,9.021170487390725,A,internal,11
F09,8dfr,186,4,71,87,17,17,156,173,0.09826589595375723,8.756595631937149,31.576699745117217,A,internal,11
F09,8dfr,186,5,88,99,12,2,107,109,0.01834862385321101,1.1055333102924882,48.47840724641975,A,internal,11
F09,8dfr,186,6,100,117,18,1,215,216,0.004629629629629629,-8.695710847188245e-05,56.24545453394707,A,internal,11
F09,8dfr,186,7,118,149,32,24,377,401,0.059850374064837904,4.0146141037084835,82.93589449682277,A,internal,11
F09,8dfr,186,8,150,159,10,0,67,67,0.0,0.0,11.995306292195862,B,internal,11
F09,8dfr,186,9,160,171,12,0,62,62,0.0,0.0,7.57468166759422,B,internal,11
F09,8dfr,186,10,172,185,14,0,174,174,0.0,0.0,19.0596333848315,B,terminal,11
F10,1e3y,104,0,0,12,13,1,86,87,0.011494252873563218,0.0026574354701551,17.70804848583754,A,terminal,7
F10,1e3y,104,1,13,24,12,0,120,120,0.0,0.0,30.275746350704726,B,internal,7
F10,1e3y,104,2,25,36,12,0,111,111,0.0,0.0,29.40677213245649,B,internal,7
F10,1e3y,104,3,37,55,19,17,85,102,0.16666666666666666,-1.7204743564319525,13.558054950853146,A,internal,7
F10,1e3y,104,4,56,78,23,8,175,183,0.04371584699453552,1.1684048061362649,56.96195518093868,A,internal,7
F10,1e3y,104,5,79,90,12,0,97,97,0.0,0.0,25.34425809505677,B,internal,7
F10,1e3y,104,6,91,103,13,0,56,56,0.0,0.0,9.670893908067681,B,terminal,7
F11,1rg8,141,0,0,40,41,38,409,447,0.08501118568232663,-1.7398141877117004,61.12940405746982,A,terminal,6
F11,1rg8,141,1,41,64,24,35,238,273,0.1282051282051282,-4.121534913902553,37.36997518949289,A,internal,6
F11,1rg8,141,2,65,83,19,27,188,215,0.12558139534883722,-2.6882940235110566,34.3998102823651,A,internal,6
F11,1rg8,141,3,84,104,21,31,260,291,0.10652920962199312,-1.7556061110032908,24.243550009922796,A,internal,6
F11,1rg8,141,4,105,130,26,42,231,273,0.15384615384615385,-0.9717028756986298,43.45706916898088,A,internal,6
F11,1rg8,141,5,131,140,10,0,158,158,0.0,0.0,27.734620143626238,B,terminal,6
F12,1mzk,122,0,0,9,10,0,149,149,0.0,0.0,48.121372476930226,B,terminal,8
F12,1mzk,122,1,10,30,21,0,210,210,0.0,0.0,32.50560459366413,B,internal,8
F12,1mzk,122,2,31,40,10,0,130,130,0.0,0.0,24.472643112175042,B,internal,8
F12,1mzk,122,3,41,53,13,4,207,211,0.018957345971563982,0.046004608259891715,28.20122787439482,A,internal,8
F12,1mzk,122,4,54,79,26,16,332,348,0.04597701149425287,2.5784231770743826,53.302039983633684,A,internal,8
F12,1mzk,122,5,80,90,11,0,85,85,0.0,0.0,3.8399634842528982,B,internal,8
F12,1mzk,122,6,91,107,17,0,249,249,0.0,0.0,56.14942370762063,B,internal,8
F12,1mzk,122,7,108,121,14,0,182,182,0.0,0.0,35.494713566534635,B,terminal,8
F13,1hce,118,0,0,15,16,4,207,211,0.018957345971563982,-0.389030162475246,31.69140644977699,A,terminal,7
F13,1hce,118,1,16,29,14,2,85,87,0.022988505747126436,-0.0852119025741775,8.739993364508331,A,internal,7
F13,1hce,118,2,30,40,11,0,113,113,0.0,0.0,18.001490149974888,B,internal,7
F13,1hce,118,3,41,53,13,1,148,149,0.006711409395973154,0.01133626893471,38.86519579223329,A,internal,7
F13,1hce,118,4,54,75,22,7,187,194,0.03608247422680412,1.6755115301362342,35.60788941306684,A,internal,7
F13,1hce,118,5,76,107,32,49,214,263,0.18631178707224336,-2.831757345705952,31.792837319042146,A,internal,7
F13,1hce,118,6,108,117,10,0,142,142,0.0,0.0,8.443906162160136,B,terminal,7
F14,5nll,138,0,0,10,11,0,190,190,0.0,0.0,53.84562636763209,B,terminal,10
F14,5nll,138,1,11,23,13,0,195,195,0.0,0.0,44.68198022206622,B,internal,10
F14,5nll,138,2,24,34,11,0,112,112,0.0,0.0,19.66733278435878,B,internal,10
F14,5nll,138,3,35,44,10,0,54,54,0.0,0.0,17.042093012344463,B,internal,10
F14,5nll,138,4,45,54,10,0,209,209,0.0,0.0,87.65851746684915,B,internal,10
F14,5nll,138,5,55,89,35,17,367,384,0.044270833333333336,1.9831800681821428,111.07033186756736,A,internal,10
F14,5nll,138,6,90,100,11,0,90,90,0.0,0.0,19.649822566266778,B,internal,10
F14,5nll,138,7,101,113,13,1,134,135,0.007407407407407408,0.0137174671713579,26.197175677002353,A,internal,10
F14,5nll,138,8,114,123,10,0,116,116,0.0,0.0,16.28366491124087,B,internal,10
F14,5nll,138,9,124,137,14,0,169,169,0.0,0.0,38.26537384496876,B,terminal,10
F15,2vil,126,0,0,10,11,0,103,103,0.0,0.0,28.602212068497934,B,terminal,7
F15,2vil,126,1,11,21,11,0,155,155,0.0,0.0,26.87549989145339,B,internal,7
F15,2vil,126,2,22,43,22,22,264,286,0.07692307692307693,2.891536286402534,40.554935397682534,A,internal,7
F15,2vil,126,3,44,59,16,7,202,209,0.03349282296650718,1.2584397261166256,56.376532449104474,A,internal,7
F15,2vil,126,4,60,72,13,0,199,199,0.0,0.0,28.34177332508545,B,internal,7
F15,2vil,126,5,73,108,36,26,310,336,0.07738095238095238,1.1616671321835936,57.80355496023301,A,internal,7
F15,2vil,126,6,109,125,17,0,105,105,0.0,0.0,8.126264798988299,B,terminal,7
F16,1mba,146,0,0,16,17,0,188,188,0.0,0.0,33.872942972188525,B,terminal,7
F16,1mba,146,1,17,30,14,1,120,121,0.008264462809917356,7.24554000574873e-06,38.387226249573224,A,internal,7
F16,1mba,146,2,31,45,15,5,100,105,0.047619047619047616,8.360335758402693,24.781789397699605,A,internal,7
F16,1mba,146,3,46,84,39,6,237,243,0.024691358024691357,2.8656757326968907,71.09372831752627,A,internal,7
F16,1mba,146,4,85,103,19,1,137,138,0.007246376811594203,-0.002881368862504,31.815166830132863,A,internal,7
F16,1mba,146,5,104,131,28,31,218,249,0.12449799196787148,3.822022402986358,43.569957900880645,A,internal,7
F16,1mba,146,6,132,145,14,0,166,166,0.0,0.0,55.41549194511519,B,terminal,7
F17,1ado,363,0,0,17,18,0,100,100,0.0,0.0,10.697565808740556,B,terminal,17
F17,1ado,363,1,18,35,18,0,324,324,0.0,0.0,71.22589849466287,B,internal,17
F17,1ado,363,2,36,89,54,73,468,541,0.13493530499075784,8.646141527340212,96.52908901634275,A,internal,17
F17,1ado,363,3,90,125,36,29,407,436,0.06651376146788991,-3.8900256675516864,60.77816300935949,A,internal,17
F17,1ado,363,4,126,143,18,1,197,198,0.005050505050505051,6.510039118646581e-05,36.020317351923275,A,internal,17
F17,1ado,363,5,144,158,15,0,252,252,0.0,0.0,36.70904394264321,B,internal,17
F17,1ado,363,6,159,170,12,0,162,162,0.0,0.0,39.24250271019132,B,internal,17
F17,1ado,363,7,171,182,12,0,219,219,0.0,0.0,46.06747087353556,B,internal,17
F17,1ado,363,8,183,200,18,3,308,311,0.00964630225080386,1.402554043909012,36.473025845515984,A,internal,17
F17,1ado,363,9,201,212,12,0,162,162,0.0,0.0,41.514446856247574,B,internal,17
F17,1ado,363,10,213,233,21,2,398,400,0.005,0.6258772354458716,64.57675880831196,A,internal,17
F17,1ado,363,11,234,266,33,8,383,391,0.020460358056265986,2.4110974789308615,69.69930342668029,A,internal,17
F17,1ado,363,12,267,278,12,1,203,204,0.004901960784313725,1.305742547069881,6.6289529302305255,A,internal,17
F17,1ado,363,13,279,290,12,0,181,181,0.0,0.0,32.79756636772469,B,internal,17
F17,1ado,363,14,291,302,12,0,231,231,0.0,0.0,37.59152398018353,B,internal,17
F17,1ado,363,15,303,341,39,62,377,439,0.14123006833712984,5.867563402112097,53.45896901678251,A,internal,17
F17,1ado,363,16,342,362,21,0,80,80,0.0,0.0,-3.2741100587661474,B,terminal,17
F18,4wnc,333,0,0,11,12,0,265,265,0.0,0.0,42.03158234006902,B,terminal,13
F18,4wnc,333,1,12,44,33,32,429,461,0.06941431670281996,9.85246687073522,96.39462957504442,A,internal,13
F18,4wnc,333,2,45,56,12,2,78,80,0.025,-0.09379076844033739,2.0703502270398833,A,internal,13
F18,4wnc,333,3,57,107,51,62,543,605,0.1024793388429752,7.3291355747406035,93.45925534251602,A,internal,13
F18,4wnc,333,4,108,122,15,1,272,273,0.003663003663003663,-2.411778650315717e-05,38.114965587672614,A,internal,13
F18,4wnc,333,5,123,137,15,3,209,212,0.014150943396226415,-0.4193075095870103,38.982293602437274,A,internal,13
F18,4wnc,333,6,138,155,18,0,359,359,0.0,0.0,69.81855606611754,B,internal,13
F18,4wnc,333,7,156,173,18,4,289,293,0.013651877133105802,0.8595301486954443,64.6784512669999,A,internal,13
F18,4wnc,333,8,174,197,24,19,174,193,0.09844559585492228,-1.2713609375008403,19.24930216758891,A,internal,13
F18,4wnc,333,9,198,239,42,81,427,508,0.1594488188976378,13.030275744561214,74.81671865487093,A,internal,13
F18,4wnc,333,10,240,257,18,1,232,233,0.004291845493562232,4.121292277261713e-05,56.63783540393001,A,internal,13
F18,4wnc,333,11,258,272,15,7,148,155,0.04516129032258064,2.8914241628032347,23.497776385822757,A,internal,13
F18,4wnc,333,12,273,332,60,142,661,803,0.17683686176836863,7.9428901624633745,96.35095467143327,A,terminal,13
F19,1sr2,116,0,0,17,18,0,0,0,0.0,0.0,0.0,B,terminal,6
F19,1sr2,116,1,18,43,26,2,80,82,0.024390243902439025,-0.46482164753173894,36.21135784001558,A,internal,6
F19,1sr2,116,2,44,65,22,24,124,148,0.16216216216216217,1.943187598071723,37.60642290274872,A,internal,6
F19,1sr2,116,3,66,75,10,0,99,99,0.0,0.0,29.54570962859249,B,internal,6
F19,1sr2,116,4,76,102,27,12,196,208,0.057692307692307696,2.266642331442558,59.712638049810245,A,internal,6
F19,1sr2,116,5,103,115,13,0,131,131,0.0,0.0,55.92965621752038,B,terminal,6
F20,2i1b,153,0,0,9,10,0,125,125,0.0,0.0,31.02914117566067,B,terminal,10
F20,2i1b,153,1,10,20,11,0,137,137,0.0,0.0,5.094238213096335,B,internal,10
F20,2i1b,153,2,21,30,10,0,114,114,0.0,0.0,12.718781867570565,B,internal,10
F20,2i1b,153,3,31,47,17,0,201,201,0.0,0.0,45.472772566856136,B,internal,10
F20,2i1b,153,4,48,80,33,14,351,365,0.038356164383561646,1.820876064620183,70.04384858768555,A,internal,10
F20,2i1b,153,5,81,94,14,1,122,123,0.008130081300813009,0.8385639055692502,4.659808398975094,A,internal,10
F20,2i1b,153,6,95,114,20,22,244,266,0.08270676691729323,-3.9893049111259313,25.659246635928962,A,internal,10
F20,2i1b,153,7,115,124,10,0,147,147,0.0,0.0,27.388688822866307,B,internal,10
F20,2i1b,153,8,125,135,11,0,140,140,0.0,0.0,15.397416304788466,B,internal,10
F20,2i1b,153,9,136,152,17,0,175,175,0.0,0.0,10.194934207722092,B,terminal,10
F21,2ovo,56,0,0,16,17,0,103,103,0.0,0.0,25.243685566376225,B,terminal,2
F21,2ovo,56,1,17,55,39,129,103,232,0.5560344827586207,17.45726469606573,25.243685566376225,A,terminal,2
F22,5pti,58,0,0,13,14,0,129,129,0.0,0.0,14.239144046574552,B,terminal,4
F22,5pti,58,1,14,26,13,0,134,134,0.0,0.0,25.544573928761736,B,internal,4
F22,5pti,58,2,27,39,13,0,130,130,0.0,0.0,27.172995885626417,B,internal,4
F22,5pti,58,3,40,57,18,6,145,151,0.039735099337748346,4.691125887155465,18.81120331010359,A,terminal,4
F23,3npo,162,0,0,9,10,0,122,122,0.0,0.0,26.442919727770857,B,terminal,12
F23,3npo,162,1,10,20,11,0,150,150,0.0,0.0,26.64289020368491,B,internal,12
F23,3npo,162,2,21,30,10,0,160,160,0.0,0.0,47.39999178113319,B,internal,12
F23,3npo,162,3,31,40,10,0,95,95,0.0,0.0,18.474771596073328,B,internal,12
F23,3npo,162,4,41,54,14,1,175,176,0.005681818181818182,-0.1768143611367268,31.260346147620673,A,internal,12
F23,3npo,162,5,55,68,14,6,117,123,0.04878048780487805,-4.853060849175388,25.646460854955436,A,internal,12
F23,3npo,162,6,69,80,12,0,137,137,0.0,0.0,33.45504690220278,B,internal,12
F23,3npo,162,7,81,98,18,4,208,212,0.018867924528301886,6.777505146299935,70.02447967031529,A,internal,12
F23,3npo,162,8,99,109,11,0,196,196,0.0,0.0,67.58429498333928,B,internal,12
F23,3npo,162,9,110,124,15,0,229,229,0.0,0.0,69.11919656340766,B,internal,12
F23,3npo,162,10,125,150,26,8,231,239,0.03347280334728033,1.9415419687810807,52.99756321067286,A,internal,12
F23,3npo,162,11,151,161,11,1,82,83,0.012048192771084338,-0.8787063483218421,8.822207410148728,A,terminal,12
F24,2lyz,129,0,0,12,13,1,141,142,0.007042253521126761,2.347535474775708e-06,42.41582634929126,A,terminal,9
F24,2lyz,129,1,13,22,10,0,67,67,0.0,0.0,11.307605344296986,B,internal,9
F24,2lyz,129,2,23,34,12,0,195,195,0.0,0.0,56.45027560579267,B,internal,9
F24,2lyz,129,3,35,62,28,54,260,314,0.17197452229299362,-2.6998993356173098,51.799545428522364,A,internal,9
F24,2lyz,129,4,63,73,11,1,84,85,0.011764705882352941,-0.3646368721649782,9.752129344379341,A,internal,9
F24,2lyz,129,5,74,86,13,0,148,148,0.0,0.0,41.498249578599996,B,internal,9
F24,2lyz,129,6,87,96,10,0,133,133,0.0,0.0,33.26288189490012,B,internal,9
F24,2lyz,129,7,97,112,16,2,104,106,0.018867924528301886,1.446286455251717,27.18832697754345,A,internal,9
F24,2lyz,129,8,113,128,16,0,124,124,0.0,0.0,38.77898499427455,B,terminal,9
F25,3hla,270,0,0,11,12,0,216,216,0.0,0.0,49.65867379922259,B,terminal,15
F25,3hla,270,1,12,26,15,0,169,169,0.0,0.0,19.01360578466433,B,internal,15
F25,3hla,270,2,27,47,21,18,198,216,0.08333333333333333,-6.212100218413686,21.713428082398345,A,internal,15
F25,3hla,270,3,48,59,12,0,73,73,0.0,0.0,11.016105852950409,B,internal,15
F25,3hla,270,4,60,89,30,1,207,208,0.004807692307692308,-0.0240961287414881,15.341365438903276,A,internal,15
F25,3hla,270,5,90,101,12,0,200,200,0.0,0.0,32.985084552982,B,internal,15
F25,3hla,270,6,102,113,12,0,123,123,0.0,0.0,25.760795722865684,B,internal,15
F25,3hla,270,7,114,128,15,4,153,157,0.025477707006369428,0.8991951622930402,23.580730185449386,A,internal,15
F25,3hla,270,8,129,176,48,31,256,287,0.10801393728222997,6.299634757832121,55.32133320108584,A,internal,15
F25,3hla,270,9,177,188,12,0,143,143,0.0,0.0,5.988031692828126,B,internal,15
F25,3hla,270,10,189,200,12,3,88,91,0.03296703296703297,0.8251213092834206,14.149844666458359,A,internal,15
F25,3hla,270,11,201,215,15,5,236,241,0.02074688796680498,10.824724163391984,19.961582793000087,A,internal,15
F25,3hla,270,12,216,233,18,4,131,135,0.02962962962962963,-0.7298471330059066,8.103099087233488,A,internal,15
F25,3hla,270,13,234,248,15,0,194,194,0.0,0.0,26.172325203215546,B,internal,15
F25,3hla,270,14,249,269,21,5,193,198,0.025252525252525252,3.334217589362482,19.066140110875086,A,terminal,15
F26,5cpa,307,0,0,17,18,4,152,156,0.02564102564102564,-0.26901736447012653,30.82368001592745,A,terminal,15
F26,5cpa,307,1,18,29,12,0,106,106,0.0,0.0,26.034785787711808,B,internal,15
F26,5cpa,307,2,30,44,15,0,182,182,0.0,0.0,23.676837015636988,B,internal,15
F26,5cpa,307,3,45,65,21,10,343,353,0.028328611898016998,7.838102853395419,110.44939438347046,A,internal,15
F26,5cpa,307,4,66,86,21,3,422,425,0.007058823529411765,0.4735913049438523,71.83161722936828,A,internal,15
F26,5cpa,307,5,87,128,42,24,527,551,0.043557168784029036,1.3005910084499899,97.76523435609305,A,internal,15
F26,5cpa,307,6,129,140,12,3,116,119,0.025210084033613446,-2.363682743978041,9.61654219780116,A,internal,15
F26,5cpa,307,7,141,152,12,0,234,234,0.0,0.0,-0.7721433771212798,B,internal,15
F26,5cpa,307,8,153,185,33,7,349,356,0.019662921348314606,1.4499795084656375,34.54078434368999,A,internal,15
F26,5cpa,307,9,186,209,24,4,471,475,0.008421052631578947,-0.0016526852767069983,89.22682674431894,A,internal,15
F26,5cpa,307,10,210,227,18,0,152,152,0.0,0.0,28.06678316072144,B,internal,15
F26,5cpa,307,11,228,251,24,1,290,291,0.003436426116838488,0.0043383327813505,28.39385964689225,A,internal,15
F26,5cpa,307,12,252,263,12,0,206,206,0.0,0.0,15.054727682122435,B,internal,15
F26,5cpa,307,13,264,293,30,20,391,411,0.04866180048661801,1.4443165593332536,79.42843742936681,A,internal,15
F26,5cpa,307,14,294,306,13,0,183,183,0.0,0.0,54.118737695313044,B,terminal,15
F27,1am7,154,0,0,10,11,0,118,118,0.0,0.0,23.74846127765028,B,terminal,9
F27,1am7,154,1,11,33,23,21,199,220,0.09545454545454546,-0.21268599629496626,24.09275406379554,A,internal,9
F27,1am7,154,2,34,44,11,0,111,111,0.0,0.0,7.925821527920018,B,internal,9
F27,1am7,154,3,45,54,10,0,86,86,0.0,0.0,-1.1601776892097249,B,internal,9
F27,1am7,154,4,55,82,28,9,235,244,0.036885245901639344,1.1075286380357654,23.356455502693233,A,internal,9
F27,1am7,154,5,83,98,16,0,185,185,0.0,0.0,33.1099593624813,B,internal,9
F27,1am7,154,6,99,131,33,55,193,248,0.2217741935483871,7.695677816082815,41.006267997063965,A,internal,9
F27,1am7,154,7,132,143,12,0,61,61,0.0,0.0,19.57392351012119,B,internal,9
F27,1am7,154,8,144,153,10,0,96,96,0.0,0.0,12.594334337063174,B,terminal,9
F28,1hrh,130,0,0,13,14,0,159,159,0.0,0.0,19.921825785022563,B,terminal,9
F28,1hrh,130,1,14,28,15,6,240,246,0.024390243902439025,-0.7871308803369685,28.41631932051219,A,internal,9
F28,1hrh,130,2,29,45,17,5,201,206,0.024271844660194174,-0.9394217496760047,20.018072831754246,A,internal,9
F28,1hrh,130,3,46,59,14,0,236,236,0.0,0.0,54.481714962703464,B,internal,9
F28,1hrh,130,4,60,78,19,0,261,261,0.0,0.0,37.59291965912229,B,internal,9
F28,1hrh,130,5,79,90,12,0,51,51,0.0,0.0,20.27274926632237,B,internal,9
F28,1hrh,130,6,91,102,12,0,107,107,0.0,0.0,22.598078527950094,B,internal,9
F28,1hrh,130,7,103,112,10,0,129,129,0.0,0.0,30.53629204416992,B,internal,9
F28,1hrh,130,8,113,129,17,0,158,158,0.0,0.0,20.841367661298968,B,terminal,9
F29,1rnb,109,0,0,11,12,0,114,114,0.0,0.0,19.092437799178064,B,terminal,6
F29,1rnb,109,1,12,31,20,1,158,159,0.006289308176100629,1.8089525691545337e-05,25.490160870560832,A,internal,6
F29,1rnb,109,2,32,45,14,5,61,66,0.07575757575757576,2.7427296102140026,15.797770087990692,A,internal,6
F29,1rnb,109,3,46,84,39,65,295,360,0.18055555555555555,-10.371128701404372,17.03598691266715,A,internal,6
F29,1rnb,109,4,85,94,10,0,164,164,0.0,0.0,38.59335727360256,B,internal,6
F29,1rnb,109,5,95,108,14,8,114,122,0.06557377049180328,-1.1583631265047805,11.764441154240236,A,terminal,6
F30,1rbb,124,0,0,10,11,0,77,77,0.0,0.0,11.718554841027132,B,terminal,8
F30,1rbb,124,1,11,24,14,1,125,126,0.007936507936507936,0.2056492431639124,6.317142919005172,A,internal,8
F30,1rbb,124,2,25,44,20,12,168,180,0.06666666666666667,0.047493243698909116,16.55742849017737,A,internal,8
F30,1rbb,124,3,45,56,12,1,163,164,0.006097560975609756,2.906340979505643,36.33215992390599,A,internal,8
F30,1rbb,124,4,57,83,27,26,267,293,0.08873720136518772,0.034419849781538454,38.38531526592244,A,internal,8
F30,1rbb,124,5,84,96,13,5,100,105,0.047619047619047616,-1.3571684533339667,12.133471244856791,A,internal,8
F30,1rbb,124,6,97,107,11,0,183,183,0.0,0.0,30.139179245637656,B,internal,8
F30,1rbb,124,7,108,123,16,5,199,204,0.024509803921568627,-0.40058550375588636,39.23946189463403,A,terminal,8
F31,1omp,370,0,0,14,15,0,204,204,0.0,0.0,27.368115117176615,B,terminal,20
F31,1omp,370,1,15,32,18,0,161,161,0.0,0.0,36.838536308854025,B,internal,20
F31,1omp,370,2,33,44,12,0,119,119,0.0,0.0,29.7198924390913,B,internal,20
F31,1omp,370,3,45,62,18,11,227,238,0.046218487394957986,5.3528891369742135,45.058357402338075,A,internal,20
F31,1omp,370,4,63,74,12,0,162,162,0.0,0.0,15.548216575329938,B,internal,20
F31,1omp,370,5,75,92,18,0,173,173,0.0,0.0,32.30422825757341,B,internal,20
F31,1omp,370,6,93,104,12,1,177,178,0.0056179775280898875,0.0123353496189325,26.766343925166627,A,internal,20
F31,1omp,370,7,105,137,33,13,478,491,0.026476578411405296,1.2989302621796672,93.6732575076059,A,internal,20
F31,1omp,370,8,138,149,12,0,147,147,0.0,0.0,40.21914914803101,B,internal,20
F31,1omp,370,9,150,167,18,2,315,317,0.006309148264984227,0.37111145997400025,50.489198416999685,A,internal,20
F31,1omp,370,10,168,188,21,8,209,217,0.03686635944700461,-0.8339861866866871,36.4799691377014,A,internal,20
F31,1omp,370,11,189,200,12,0,136,136,0.0,0.0,50.99917426634295,B,internal,20
F31,1omp,370,12,201,239,39,49,312,361,0.13573407202216067,3.497551488423982,48.761938763616094,A,internal,20
F31,1omp,370,13,240,251,12,0,184,184,0.0,0.0,10.725322390573218,B,internal,20
F31,1omp,370,14,252,269,18,0,382,382,0.0,0.0,53.10794391279253,B,internal,20
F31,1omp,370,15,270,281,12,0,131,131,0.0,0.0,23.393439701956336,B,internal,20
F31,1omp,370,16,282,302,21,10,258,268,0.03731343283582089,7.472633582291803,67.40528327871337,A,internal,20
F31,1omp,370,17,303,341,39,9,454,463,0.019438444924406047,0.6024127276088943,45.74325033522981,A,internal,20
F31,1omp,370,18,342,359,18,13,150,163,0.07975460122699386,4.509138657541821,41.43367151876862,A,internal,20
F31,1omp,370,19,360,369,10,0,115,115,0.0,0.0,30.586915138406127,B,terminal,20
F32,1snc,135,0,0,13,14,0,186,186,0.0,0.0,17.192617104824613,B,terminal,5
F32,1snc,135,1,14,24,11,0,118,118,0.0,0.0,21.862254331506403,B,internal,5
F32,1snc,135,2,25,69,45,51,472,523,0.09751434034416825,-1.0883333231428032,91.06091074948992,A,internal,5
F32,1snc,135,3,70,122,53,105,402,507,0.20710059171597633,-2.415414078658495,79.27052670571204,A,internal,5
F32,1snc,135,4,123,134,12,1,78,79,0.012658227848101266,0.0327838423222438,4.505172273059966,A,terminal,5
F33,1qlp,372,0,0,11,12,0,187,187,0.0,0.0,19.6199804384995,B,terminal,20
F33,1qlp,372,1,12,23,12,0,106,106,0.0,0.0,19.905944838817867,B,internal,20
F33,1qlp,372,2,24,38,15,0,304,304,0.0,0.0,70.69714320276587,B,internal,20
F33,1qlp,372,3,39,62,24,21,266,287,0.07317073170731707,2.6668451283262655,59.005519995480206,A,internal,20
F33,1qlp,372,4,63,83,21,0,158,158,0.0,0.0,27.69816897881815,B,internal,20
F33,1qlp,372,5,84,98,15,0,230,230,0.0,0.0,57.182026915740316,B,internal,20
F33,1qlp,372,6,99,131,33,26,237,263,0.09885931558935361,2.6116251722892287,53.47976253132969,A,internal,20
F33,1qlp,372,7,132,143,12,0,90,90,0.0,0.0,22.74052895392028,B,internal,20
F33,1qlp,372,8,144,161,18,2,224,226,0.008849557522123894,1.3643467675760392,55.325981018863295,A,internal,20
F33,1qlp,372,9,162,176,15,0,276,276,0.0,0.0,46.09292946292902,B,internal,20
F33,1qlp,372,10,177,203,27,39,200,239,0.16317991631799164,-5.280066900377408,-3.4411125725396996,A,internal,20
F33,1qlp,372,11,204,215,12,1,152,153,0.006535947712418301,0.0018544460948862,34.44633420621115,A,internal,20
F33,1qlp,372,12,216,227,12,1,188,189,0.005291005291005291,0.4004090429565249,57.81600175865239,A,internal,20
F33,1qlp,372,13,228,242,15,2,175,177,0.011299435028248588,2.6645616160537022,70.30477911205234,A,internal,20
F33,1qlp,372,14,243,260,18,0,153,153,0.0,0.0,29.70104560016408,B,internal,20
F33,1qlp,372,15,261,272,12,0,229,229,0.0,0.0,31.70840825053324,B,internal,20
F33,1qlp,372,16,273,299,27,8,302,310,0.025806451612903226,-0.3036280317182446,63.10329265807955,A,internal,20
F33,1qlp,372,17,300,317,18,0,325,325,0.0,0.0,71.42267153156814,B,internal,20
F33,1qlp,372,18,318,353,36,0,395,395,0.0,0.0,81.62063123552211,B,internal,20
F33,1qlp,372,19,354,371,18,0,329,329,0.0,0.0,41.39663817790495,B,terminal,20
F34,1tim,247,0,0,9,10,0,184,184,0.0,0.0,36.54434622914243,B,terminal,15
F34,1tim,247,1,10,27,18,2,144,146,0.0136986301369863,1.7060176741493862,20.02077332287151,A,internal,15
F34,1tim,247,2,28,43,16,0,217,217,0.0,0.0,49.04889792569455,B,internal,15
F34,1tim,247,3,44,53,10,0,100,100,0.0,0.0,22.45664804593978,B,internal,15
F34,1tim,247,4,54,63,10,0,175,175,0.0,0.0,35.22618427025389,B,internal,15
F34,1tim,247,5,64,73,10,0,80,80,0.0,0.0,11.081299964698811,B,internal,15
F34,1tim,247,6,74,117,44,59,395,454,0.1299559471365639,4.306987608431501,73.89940218136641,A,internal,15
F34,1tim,247,7,118,141,24,14,274,288,0.04861111111111111,2.7668280163323793,83.87932122408313,A,internal,15
F34,1tim,247,8,142,159,18,2,232,234,0.008547008547008548,2.885766324624672,47.45022736485012,A,internal,15
F34,1tim,247,9,160,183,24,20,247,267,0.0749063670411985,0.5698074039358438,33.177530103325616,A,internal,15
F34,1tim,247,10,184,193,10,0,87,87,0.0,0.0,15.285752566229608,B,internal,15
F34,1tim,247,11,194,211,18,0,252,252,0.0,0.0,52.797932689378676,B,internal,15
F34,1tim,247,12,212,221,10,0,102,102,0.0,0.0,3.2248138595176825,B,internal,15
F34,1tim,247,13,222,231,10,0,177,177,0.0,0.0,36.14995869813218,B,internal,15
F34,1tim,247,14,232,246,15,0,196,196,0.0,0.0,40.35896585472263,B,terminal,15
F35,1bks,267,0,0,11,12,0,118,118,0.0,0.0,6.423186689985482,B,terminal,15
F35,1bks,267,1,12,26,15,0,297,297,0.0,0.0,58.86737502108296,B,internal,15
F35,1bks,267,2,27,38,12,0,132,132,0.0,0.0,31.062300886312343,B,internal,15
F35,1bks,267,3,39,59,21,1,353,354,0.002824858757062147,0.0011758145267227,65.22458526023091,A,internal,15
F35,1bks,267,4,60,95,36,2,337,339,0.0058997050147492625,1.1173592143597277,66.70773905862839,A,internal,15
F35,1bks,267,5,96,107,12,0,199,199,0.0,0.0,80.73809344924395,B,internal,15
F35,1bks,267,6,108,119,12,0,98,98,0.0,0.0,22.82776573602236,B,internal,15
F35,1bks,267,7,120,131,12,0,230,230,0.0,0.0,59.20623911370302,B,internal,15
F35,1bks,267,8,132,152,21,11,250,261,0.0421455938697318,0.6843903269836655,64.81991986287967,A,internal,15
F35,1bks,267,9,153,164,12,1,112,113,0.008849557522123894,0.0034599614263684,11.510507606302934,A,internal,15
F35,1bks,267,10,165,179,15,1,291,292,0.003424657534246575,0.0296949084510217,53.36089439650141,A,internal,15
F35,1bks,267,11,180,197,18,18,133,151,0.11920529801324503,3.849313114624422,19.04641154339677,A,internal,15
F35,1bks,267,12,198,212,15,0,238,238,0.0,0.0,42.4590722930481,B,internal,15
F35,1bks,267,13,213,248,36,31,441,472,0.06567796610169492,6.818172422975852,74.46717307541716,A,internal,15
F35,1bks,267,14,249,266,18,0,203,203,0.0,0.0,31.268729798077906,B,terminal,15
F37,1rei,107,0,0,18,19,1,207,208,0.004807692307692308,-0.3440750738620085,11.523088451900641,A,terminal,8
F37,1rei,107,1,19,30,12,0,169,169,0.0,0.0,27.145681219748948,B,internal,8
F37,1rei,107,2,31,43,13,1,153,154,0.006493506493506494,-4.5845797501190905e-05,19.594844753549697,A,internal,8
F37,1rei,107,3,44,56,13,6,107,113,0.05309734513274336,-0.09591281393871716,19.781774758034885,A,internal,8
F37,1rei,107,4,57,70,14,0,149,149,0.0,0.0,14.330270274563985,B,internal,8
F37,1rei,107,5,71,82,12,0,143,143,0.0,0.0,31.004338157931034,B,internal,8
F37,1rei,107,6,83,92,10,0,173,173,0.0,0.0,18.666072793156406,B,internal,8
F37,1rei,107,7,93,106,14,0,173,173,0.0,0.0,21.00422669786637,B,terminal,8
F38,1ubq,76,0,0,18,19,21,136,157,0.1337579617834395,16.646833830182313,28.997685905773825,A,terminal,5
F38,1ubq,76,1,19,34,16,0,122,122,0.0,0.0,12.606117127705902,B,internal,5
F38,1ubq,76,2,35,49,15,0,134,134,0.0,0.0,30.731457983021695,B,internal,5
F38,1ubq,76,3,50,62,13,0,102,102,0.0,0.0,11.651186907371631,B,internal,5
F38,1ubq,76,4,63,75,13,0,128,128,0.0,0.0,34.549076223423334,B,terminal,5
R_1AE9,1ae9,179,0,0,11,12,0,140,140,0.0,0.0,18.82352088908325,B,terminal,9
R_1AE9,1ae9,179,1,12,31,20,10,269,279,0.035842293906810034,5.098488405315487,100.9757579236523,A,internal,9
R_1AE9,1ae9,179,2,32,55,24,22,262,284,0.07746478873239436,2.8851737006171088,66.02754846437414,A,internal,9
R_1AE9,1ae9,179,3,56,83,28,19,285,304,0.0625,0.6312618414222934,80.8798319557272,A,internal,9
R_1AE9,1ae9,179,4,84,101,18,10,124,134,0.07462686567164178,1.509756239830612,47.92366713042422,A,internal,9
R_1AE9,1ae9,179,5,102,115,14,0,146,146,0.0,0.0,45.54099002980919,B,internal,9
R_1AE9,1ae9,179,6,116,153,38,23,310,333,0.06906906906906907,1.7676262119790236,54.5882992657776,A,internal,9
R_1AE9,1ae9,179,7,154,163,10,0,65,65,0.0,0.0,2.933594755116626,B,internal,9
R_1AE9,1ae9,179,8,164,178,15,6,109,115,0.05217391304347826,-2.7753392592755626,11.57047915149485,A,terminal,9
R_2IRP,2irp,206,0,0,13,14,0,96,96,0.0,0.0,6.5613099008329865,B,terminal,11
R_2IRP,2irp,206,1,14,23,10,0,117,117,0.0,0.0,28.238016316807112,B,internal,11
R_2IRP,2irp,206,2,24,51,28,35,375,410,0.08536585365853659,0.1379877238257725,55.34848300597173,A,internal,11
R_2IRP,2irp,206,3,52,99,48,66,489,555,0.11891891891891893,2.7714950772073172,88.45232452144484,A,internal,11
R_2IRP,2irp,206,4,100,113,14,0,140,140,0.0,0.0,15.697303121742287,B,internal,11
R_2IRP,2irp,206,5,114,135,22,20,145,165,0.12121212121212122,0.2510839724570341,38.79364183750149,A,internal,11
R_2IRP,2irp,206,6,136,155,20,9,187,196,0.04591836734693878,-0.4804034643161528,63.8286666324993,A,internal,11
R_2IRP,2irp,206,7,156,167,12,1,135,136,0.007352941176470588,1.1511803253259278,19.87830762646083,A,internal,11
R_2IRP,2irp,206,8,168,181,14,0,251,251,0.0,0.0,49.32105776878346,B,internal,11
R_2IRP,2irp,206,9,182,191,10,0,138,138,0.0,0.0,39.8410765163416,B,internal,11
R_2IRP,2irp,206,10,192,205,14,0,101,101,0.0,0.0,29.56567445575022,B,terminal,11
R_2VQ2,2vq2,220,0,0,17,18,0,143,143,0.0,0.0,11.366821235044148,B,terminal,15
R_2VQ2,2vq2,220,1,18,31,14,0,113,113,0.0,0.0,23.13590816833057,B,internal,15
R_2VQ2,2vq2,220,2,32,41,10,0,119,119,0.0,0.0,0.699282265047695,B,internal,15
R_2VQ2,2vq2,220,3,42,55,14,0,137,137,0.0,0.0,25.431040836429293,B,internal,15
R_2VQ2,2vq2,220,4,56,69,14,0,128,128,0.0,0.0,16.852746628709603,B,internal,15
R_2VQ2,2vq2,220,5,70,79,10,0,139,139,0.0,0.0,6.711530461253735,B,internal,15
R_2VQ2,2vq2,220,6,80,91,12,0,100,100,0.0,0.0,15.506267682065237,B,internal,15
R_2VQ2,2vq2,220,7,92,101,10,0,122,122,0.0,0.0,18.62723202076209,B,internal,15
R_2VQ2,2vq2,220,8,102,115,14,0,154,154,0.0,0.0,11.055832401161513,B,internal,15
R_2VQ2,2vq2,220,9,116,137,22,22,191,213,0.10328638497652583,7.292592455571997,24.02006725712405,A,internal,15
R_2VQ2,2vq2,220,10,138,147,10,0,94,94,0.0,0.0,8.176067756340375,B,internal,15
R_2VQ2,2vq2,220,11,148,167,20,25,169,194,0.12886597938144329,9.14174408372983,21.026414333507944,A,internal,15
R_2VQ2,2vq2,220,12,168,185,18,7,162,169,0.04142011834319527,1.8406895677066375,18.6636906131316,A,internal,15
R_2VQ2,2vq2,220,13,186,209,24,10,140,150,0.06666666666666667,0.5910336987199426,25.880083785333053,A,internal,15
R_2VQ2,2vq2,220,14,210,219,10,0,61,61,0.0,0.0,8.313515078560634,B,terminal,15
R_2XOV,2xov,181,0,0,11,12,0,103,103,0.0,0.0,17.78217955956041,B,terminal,10
R_2XOV,2xov,181,1,12,21,10,0,75,75,0.0,0.0,42.420880002833634,B,internal,10
R_2XOV,2xov,181,2,22,53,32,50,156,206,0.24271844660194175,18.076259854193097,43.58391171917754,A,internal,10
R_2XOV,2xov,181,3,54,87,34,18,362,380,0.04736842105263158,7.663952568685574,105.33791113196376,A,internal,10
R_2XOV,2xov,181,4,88,101,14,0,183,183,0.0,0.0,25.039468883510583,B,internal,10
R_2XOV,2xov,181,5,102,111,10,0,181,181,0.0,0.0,31.685813592675025,B,internal,10
R_2XOV,2xov,181,6,112,129,18,0,289,289,0.0,0.0,94.66680373857893,B,internal,10
R_2XOV,2xov,181,7,130,145,16,0,102,102,0.0,0.0,42.0754842052211,B,internal,10
R_2XOV,2xov,181,8,146,155,10,0,40,40,0.0,0.0,11.293803783708915,B,internal,10
R_2XOV,2xov,181,9,156,180,25,0,327,327,0.0,0.0,57.81480560382788,B,terminal,10
R_3BQP,3bqp,80,0,0,11,12,0,155,155,0.0,0.0,64.63240660698145,B,terminal,6
R_3BQP,3bqp,80,1,12,23,12,0,78,78,0.0,0.0,19.13325618597572,B,internal,6
R_3BQP,3bqp,80,2,24,35,12,0,93,93,0.0,0.0,39.014474474584624,B,internal,6
R_3BQP,3bqp,80,3,36,55,20,4,112,116,0.034482758620689655,2.1790733065346317,35.31957535386293,A,internal,6
R_3BQP,3bqp,80,4,56,65,10,0,95,95,0.0,0.0,44.47705757836899,B,internal,6
R_3BQP,3bqp,80,5,66,79,14,2,127,129,0.015503875968992248,1.6845054630574183,41.323492378447455,A,terminal,6
R_3DQY,3dqy,106,0,0,10,11,0,120,120,0.0,0.0,26.081341865144058,B,terminal,5
R_3DQY,3dqy,106,1,11,47,37,81,326,407,0.19901719901719903,-0.4236634335318703,90.8651976809096,A,internal,5
R_3DQY,3dqy,106,2,48,58,11,1,135,136,0.007352941176470588,4.066405698721519,30.08295903211262,A,internal,5
R_3DQY,3dqy,106,3,59,82,24,36,190,226,0.1592920353982301,4.117530344276764,36.09411250234673,A,internal,5
R_3DQY,3dqy,106,4,83,105,23,37,223,260,0.1423076923076923,-6.452367881058027,56.91773232972794,A,terminal,5
R_4L57,4l57,192,0,0,17,18,0,329,329,0.0,0.0,91.8821936466206,B,terminal,11
R_4L57,4l57,192,1,18,31,14,4,95,99,0.04040404040404041,0.18127627623854142,26.232413302242975,A,internal,11
R_4L57,4l57,192,2,32,41,10,0,87,87,0.0,0.0,13.154289808358575,B,internal,11
R_4L57,4l57,192,3,42,73,32,26,234,260,0.1,3.036209651569444,47.34413115560563,A,internal,11
R_4L57,4l57,192,4,74,85,12,0,97,97,0.0,0.0,32.76929494506428,B,internal,11
R_4L57,4l57,192,5,86,97,12,0,178,178,0.0,0.0,54.73908026947041,B,internal,11
R_4L57,4l57,192,6,98,115,18,1,143,144,0.006944444444444444,-0.006970004336407,20.03026097070723,A,internal,11
R_4L57,4l57,192,7,116,133,18,0,164,164,0.0,0.0,38.60432238653338,B,internal,11
R_4L57,4l57,192,8,134,149,16,1,223,224,0.004464285714285714,-0.1796718401836353,15.933040636495557,A,internal,11
R_4L57,4l57,192,9,150,173,24,8,227,235,0.03404255319148936,3.338012673826788,30.196663450744655,A,internal,11
R_4L57,4l57,192,10,174,191,18,5,139,144,0.034722222222222224,3.786545436482183,35.26173136152097,A,terminal,11
R_4LXR,4lxr,106,0,0,28,29,1,142,143,0.006993006993006993,5.863938298351238e-06,30.157356074994713,A,terminal,5
R_4LXR,4lxr,106,1,29,47,19,0,149,149,0.0,0.0,11.638583842612103,B,internal,5
R_4LXR,4lxr,106,2,48,63,16,14,98,112,0.125,2.6581254088656303,24.56370891636525,A,internal,5
R_4LXR,4lxr,106,3,64,94,31,48,93,141,0.3404255319148936,-4.153879864994324,8.989290190755325,A,internal,5
R_4LXR,4lxr,106,4,95,105,11,0,82,82,0.0,0.0,9.561138306146065,B,terminal,5
R_5FAI,5fai,209,0,0,9,10,0,142,142,0.0,0.0,42.93858167040546,B,terminal,15
R_5FAI,5fai,209,1,10,25,16,0,238,238,0.0,0.0,54.042592611739956,B,internal,15
R_5FAI,5fai,209,2,26,47,22,33,109,142,0.2323943661971831,-6.805481366295998,12.962913188165615,A,internal,15
R_5FAI,5fai,209,3,48,57,10,0,169,169,0.0,0.0,16.435433727868293,B,internal,15
R_5FAI,5fai,209,4,58,67,10,0,129,129,0.0,0.0,34.96467421003609,B,internal,15
R_5FAI,5fai,209,5,68,99,32,19,372,391,0.04859335038363171,4.682978210475754,99.48025008850425,A,internal,15
R_5FAI,5fai,209,6,100,109,10,0,97,97,0.0,0.0,47.11000111167224,B,internal,15
R_5FAI,5fai,209,7,110,119,10,0,39,39,0.0,0.0,2.742544327824238,B,internal,15
R_5FAI,5fai,209,8,120,129,10,0,104,104,0.0,0.0,37.682998074692726,B,internal,15
R_5FAI,5fai,209,9,130,145,16,0,195,195,0.0,0.0,27.36454320419989,B,internal,15
R_5FAI,5fai,209,10,146,155,10,0,93,93,0.0,0.0,26.961094941053535,B,internal,15
R_5FAI,5fai,209,11,156,169,14,0,248,248,0.0,0.0,68.95621008021006,B,internal,15
R_5FAI,5fai,209,12,170,179,10,0,94,94,0.0,0.0,3.4143890223484625,B,internal,15
R_5FAI,5fai,209,13,180,193,14,2,145,147,0.013605442176870748,0.43975182662464796,35.829872795789136,A,internal,15
R_5FAI,5fai,209,14,194,208,15,0,178,178,0.0,0.0,55.76159264081597,B,terminal,15
R_5HTL,5htl,141,0,0,15,16,1,108,109,0.009174311926605505,0.1862720321143385,39.67617157461658,A,terminal,10
R_5HTL,5htl,141,1,16,25,10,0,57,57,0.0,0.0,18.291613598507087,B,internal,10
R_5HTL,5htl,141,2,26,41,16,9,78,87,0.10344827586206896,0.5141719032302867,30.575953968043283,A,internal,10
R_5HTL,5htl,141,3,42,65,24,4,208,212,0.018867924528301886,1.3785315806625027,65.35443160018463,A,internal,10
R_5HTL,5htl,141,4,66,75,10,0,76,76,0.0,0.0,21.126388410588497,B,internal,10
R_5HTL,5htl,141,5,76,85,10,0,82,82,0.0,0.0,28.65807226092156,B,internal,10
R_5HTL,5htl,141,6,86,95,10,0,147,147,0.0,0.0,52.032738948482695,B,internal,10
R_5HTL,5htl,141,7,96,105,10,0,164,164,0.0,0.0,55.498798582962166,B,internal,10
R_5HTL,5htl,141,8,106,128,23,4,200,204,0.0196078431372549,2.5257238856751156,68.61846670408639,A,internal,10
R_5HTL,5htl,141,9,129,140,12,0,104,104,0.0,0.0,13.861398758890186,B,terminal,10
R_5LP9,5lp9,160,0,0,27,28,8,344,352,0.022727272727272728,0.16106114582228995,56.93738937761686,A,terminal,9
R_5LP9,5lp9,160,1,28,49,22,8,253,261,0.03065134099616858,0.17575593742266188,41.12760042559027,A,internal,9
R_5LP9,5lp9,160,2,50,67,18,0,240,240,0.0,0.0,42.668619998751026,B,internal,9
R_5LP9,5lp9,160,3,68,79,12,0,197,197,0.0,0.0,53.980367711148965,B,internal,9
R_5LP9,5lp9,160,4,80,89,10,0,122,122,0.0,0.0,26.538636026505483,B,internal,9
R_5LP9,5lp9,160,5,90,101,12,0,180,180,0.0,0.0,35.687159244496485,B,internal,9
R_5LP9,5lp9,160,6,102,133,32,51,314,365,0.13972602739726028,1.2647091630416107,59.467859802088846,A,internal,9
R_5LP9,5lp9,160,7,134,143,10,0,191,191,0.0,0.0,36.8180134924923,B,internal,9
R_5LP9,5lp9,160,8,144,159,16,0,311,311,0.0,0.0,46.33971956084245,B,terminal,9
R_5UFN,5ufn,225,0,0,11,12,2,121,123,0.016260162601626018,0.0004270447104628,13.203374772022997,A,terminal,16
R_5UFN,5ufn,225,1,12,25,14,0,83,83,0.0,0.0,10.67645188595154,B,internal,16
R_5UFN,5ufn,225,2,26,39,14,0,89,89,0.0,0.0,13.665700261637914,B,internal,16
R_5UFN,5ufn,225,3,40,51,12,0,112,112,0.0,0.0,-1.762579386958968,B,internal,16
R_5UFN,5ufn,225,4,52,63,12,0,148,148,0.0,0.0,13.051679188332068,B,internal,16
R_5UFN,5ufn,225,5,64,73,10,0,217,217,0.0,0.0,34.34964244831012,B,internal,16
R_5UFN,5ufn,225,6,74,91,18,12,256,268,0.04477611940298507,-0.04114229218607554,37.49849040752948,A,internal,16
R_5UFN,5ufn,225,7,92,103,12,0,104,104,0.0,0.0,17.24248694364038,B,internal,16
R_5UFN,5ufn,225,8,104,125,22,1,215,216,0.004629629629629629,-4.341694332881666e-06,49.55049622690086,A,internal,16
R_5UFN,5ufn,225,9,126,137,12,0,258,258,0.0,0.0,34.3545623304934,B,internal,16
R_5UFN,5ufn,225,10,138,149,12,0,123,123,0.0,0.0,31.06432335941753,B,internal,16
R_5UFN,5ufn,225,11,150,165,16,0,296,296,0.0,0.0,67.52180133232868,B,internal,16
R_5UFN,5ufn,225,12,166,183,18,15,205,220,0.06818181818181818,-4.570476017153449,18.625253858938414,A,internal,16
R_5UFN,5ufn,225,13,184,197,14,0,142,142,0.0,0.0,30.571884847896513,B,internal,16
R_5UFN,5ufn,225,14,198,211,14,0,155,155,0.0,0.0,10.09603250930796,B,internal,16
R_5UFN,5ufn,225,15,212,224,13,0,218,218,0.0,0.0,32.118241906304945,B,terminal,16
R_6R2W,6r2w,210,0,0,17,18,0,202,202,0.0,0.0,6.1149920512525595,B,terminal,12
R_6R2W,6r2w,210,1,18,33,16,1,244,245,0.004081632653061225,0.0017864431643485,33.32537758050753,A,internal,12
R_6R2W,6r2w,210,2,34,57,24,30,206,236,0.1271186440677966,-0.44274228869990817,29.834150072365134,A,internal,12
R_6R2W,6r2w,210,3,58,79,22,5,330,335,0.014925373134328358,2.8116828696041853,57.3468294812167,A,internal,12
R_6R2W,6r2w,210,4,80,91,12,0,43,43,0.0,0.0,3.8402103298954486,B,internal,12
R_6R2W,6r2w,210,5,92,101,10,0,142,142,0.0,0.0,11.00968509749507,B,internal,12
R_6R2W,6r2w,210,6,102,113,12,0,194,194,0.0,0.0,14.879144675559518,B,internal,12
R_6R2W,6r2w,210,7,114,129,16,6,168,174,0.034482758620689655,0.06050546687671926,30.945545996750013,A,internal,12
R_6R2W,6r2w,210,8,130,155,26,20,246,266,0.07518796992481203,3.262389479331009,44.73951682663772,A,internal,12
R_6R2W,6r2w,210,9,156,171,16,2,112,114,0.017543859649122806,0.5410276588357762,7.5944218332599505,A,internal,12
R_6R2W,6r2w,210,10,172,185,14,0,152,152,0.0,0.0,30.150323923905262,B,internal,12
R_6R2W,6r2w,210,11,186,209,24,34,233,267,0.12734082397003746,-2.5014928405442824,49.690228843059046,A,terminal,12
R_6WPG,6wpg,119,0,0,16,17,0,15,15,0.0,0.0,4.548728066824618,B,terminal,7
R_6WPG,6wpg,119,1,17,33,17,0,96,96,0.0,0.0,9.681196155018405,B,internal,7
R_6WPG,6wpg,119,2,34,60,27,5,165,170,0.029411764705882353,1.3415363948758043,57.03467383144963,A,internal,7
R_6WPG,6wpg,119,3,61,71,11,0,129,129,0.0,0.0,25.467006169959,B,internal,7
R_6WPG,6wpg,119,4,72,95,24,14,137,151,0.09271523178807947,1.2717705195964872,36.14404287011762,A,internal,7
R_6WPG,6wpg,119,5,96,105,10,0,89,89,0.0,0.0,12.913752650414574,B,internal,7
R_6WPG,6wpg,119,6,106,118,13,0,95,95,0.0,0.0,22.994795669166084,B,terminal,7
R_6ZPP,6zpp,161,0,0,11,12,0,117,117,0.0,0.0,36.991901185918316,B,terminal,8
R_6ZPP,6zpp,161,1,12,41,30,42,189,231,0.18181818181818182,5.74386564119378,48.295590964776274,A,internal,8
R_6ZPP,6zpp,161,2,42,73,32,5,299,304,0.01644736842105263,2.8782846725502473,87.72897683445998,A,internal,8
R_6ZPP,6zpp,161,3,74,101,28,3,249,252,0.011904761904761904,1.299267917987539,68.03115974360855,A,internal,8
R_6ZPP,6zpp,161,4,102,111,10,0,118,118,0.0,0.0,23.9039285468947,B,internal,8
R_6ZPP,6zpp,161,5,112,139,28,38,186,224,0.16964285714285715,3.035498215304424,57.384421756942984,A,internal,8
R_6ZPP,6zpp,161,6,140,149,10,0,89,89,0.0,0.0,12.499052797359887,B,internal,8
R_6ZPP,6zpp,161,7,150,160,11,0,89,89,0.0,0.0,20.972126382062736,B,terminal,8
R_8Q29,8q29,242,0,0,13,14,0,163,163,0.0,0.0,11.508656265515466,B,terminal,13
R_8Q29,8q29,242,1,14,35,22,19,191,210,0.09047619047619047,-1.5549411385378582,17.847991159809357,A,internal,13
R_8Q29,8q29,242,2,36,47,12,0,155,155,0.0,0.0,21.24479641534283,B,internal,13
R_8Q29,8q29,242,3,48,57,10,0,163,163,0.0,0.0,34.83486051446183,B,internal,13
R_8Q29,8q29,242,4,58,71,14,0,259,259,0.0,0.0,34.4841694499731,B,internal,13
R_8Q29,8q29,242,5,72,97,26,0,465,465,0.0,0.0,70.5823289806038,B,internal,13
R_8Q29,8q29,242,6,98,115,18,17,283,300,0.056666666666666664,1.2490346596869952,55.91055176062917,A,internal,13
R_8Q29,8q29,242,7,116,161,46,83,596,679,0.12223858615611193,2.3843440366179616,56.473847552531815,A,internal,13
R_8Q29,8q29,242,8,162,199,38,64,286,350,0.18285714285714286,3.05879867139883,25.893116367261214,A,internal,13
R_8Q29,8q29,242,9,200,209,10,0,244,244,0.0,0.0,62.77110262049835,B,internal,13
R_8Q29,8q29,242,10,210,219,10,0,160,160,0.0,0.0,9.02008235994453,B,internal,13
R_8Q29,8q29,242,11,220,229,10,0,215,215,0.0,0.0,26.910739612697746,B,internal,13
R_8Q29,8q29,242,12,230,241,12,0,90,90,0.0,0.0,8.116215312604288,B,terminal,13
R_8RM6,8rm6,73,0,0,11,12,2,118,120,0.016666666666666666,-0.2194410580558224,40.562095125135,A,terminal,4
R_8RM6,8rm6,73,1,12,30,19,15,153,168,0.08928571428571429,3.6788582920931336,51.232644144854746,A,internal,4
R_8RM6,8rm6,73,2,31,54,24,3,116,119,0.025210084033613446,0.5179193822485075,24.943028800722967,A,internal,4
R_8RM6,8rm6,73,3,55,72,18,0,177,177,0.0,0.0,48.460624766488074,B,terminal,4
R_9AVF,9avf,33,0,0,19,20,28,35,63,0.4444444444444444,3.5872522726096667,9.370820782578187,A,terminal,2
R_9AVF,9avf,33,1,20,32,13,0,35,35,0.0,0.0,9.370820782578187,B,terminal,2
apomyoglobin,1mbd,153,0,0,35,36,3,359,362,0.008287292817679558,0.5617165111546353,83.61198927323153,A,terminal,8
apomyoglobin,1mbd,153,1,36,49,14,3,58,61,0.04918032786885246,-0.2459380992388739,18.070231275796992,A,internal,8
apomyoglobin,1mbd,153,2,50,61,12,0,60,60,0.0,0.0,11.367345358322416,B,internal,8
apomyoglobin,1mbd,153,3,62,73,12,0,109,109,0.0,0.0,29.898006912511022,B,internal,8
apomyoglobin,1mbd,153,4,74,83,10,0,68,68,0.0,0.0,18.014387320957617,B,internal,8
apomyoglobin,1mbd,153,5,84,129,46,17,331,348,0.04885057471264368,4.151073917084072,74.9798255308427,A,internal,8
apomyoglobin,1mbd,153,6,130,141,12,0,135,135,0.0,0.0,50.31037075908368,B,internal,8
apomyoglobin,1mbd,153,7,142,152,11,1,64,65,0.015384615384615385,0.1955595692548766,6.388733739069205,A,terminal,8
barnase,1bnr,110,0,0,12,13,1,124,125,0.008,2.4552748943912244,21.765210235846297,A,terminal,6
barnase,1bnr,110,1,13,32,20,1,154,155,0.0064516129032258064,0.0013222347066628,14.92580839668071,A,internal,6
barnase,1bnr,110,2,33,49,17,8,104,112,0.07142857142857142,2.4032822005427388,3.011561901592476,A,internal,6
barnase,1bnr,110,3,50,74,25,41,209,250,0.164,-8.648874166218418,12.98972739088303,A,internal,6
barnase,1bnr,110,4,75,98,24,20,279,299,0.06688963210702341,0.373923826508023,35.821740166376074,A,internal,6
barnase,1bnr,110,5,99,109,11,0,112,112,0.0,0.0,9.316684757349613,B,terminal,6
