protein_id,seg_idx,seg_size,n_l2,co,min_l3_emergence_gap_residues,min_l3_emergence_gap_seconds,kf_min_required,kf_min_log10,empirical_kf_range_log10_low,empirical_kf_range_log10_high,within_empirical_range
F01,1,13,3,0.8718,30,1.8,0.3851,-0.41,3.0,6.0,True
F01,2,30,22,0.7045,15,0.9,0.7702,-0.11,2.0,5.0,True
F01,3,15,1,0.7333,15,0.9,0.7702,-0.11,3.0,6.0,True
F02,0,21,1,0.4762,27,1.62,0.4279,-0.37,2.0,5.0,True
F02,1,27,2,0.3889,24,1.44,0.4814,-0.32,2.0,5.0,True
F02,2,24,16,0.6016,24,1.44,0.4814,-0.32,2.0,5.0,True
F02,3,27,18,0.4712,27,1.62,0.4279,-0.37,2.0,5.0,True
F02,4,42,49,0.3814,21,1.26,0.5501,-0.26,1.0,4.0,True
F02,5,21,9,0.5926,21,1.26,0.5501,-0.26,2.0,5.0,True
F02,6,36,6,0.3796,27,1.62,0.4279,-0.37,2.0,5.0,True
F02,7,27,27,0.6996,27,1.62,0.4279,-0.37,2.0,5.0,True
F02,8,45,28,0.296,15,0.9,0.7702,-0.11,1.0,4.0,True
F02,11,48,4,0.224,29,1.74,0.3984,-0.4,1.0,4.0,True
F02,13,17,8,0.6985,17,1.02,0.6796,-0.17,3.0,6.0,True
F03,1,20,13,0.6654,20,1.2,0.5776,-0.24,2.0,5.0,True
F03,2,34,9,0.3366,10,0.6,1.1552,0.06,2.0,5.0,True
F04,1,12,1,0.8333,12,0.72,0.9627,-0.02,3.0,6.0,True
F04,2,39,3,0.2906,21,1.26,0.5501,-0.26,2.0,5.0,True
F04,3,21,1,0.5238,12,0.72,0.9627,-0.02,2.0,5.0,True
F04,6,39,58,0.5482,18,1.08,0.6418,-0.19,2.0,5.0,True
F04,9,36,55,0.498,12,0.72,0.9627,-0.02,2.0,5.0,True
F05,0,16,12,0.7448,12,0.72,0.9627,-0.02,3.0,6.0,True
F06,1,13,1,0.7692,13,0.78,0.8887,-0.05,3.0,6.0,True
F06,2,22,3,0.7121,14,0.84,0.8252,-0.08,2.0,5.0,True
F06,4,23,1,0.4348,23,1.38,0.5023,-0.3,2.0,5.0,True
F06,6,20,10,0.685,19,1.14,0.608,-0.22,2.0,5.0,True
F06,7,19,4,0.8289,15,0.9,0.7702,-0.11,3.0,6.0,True
F07,2,56,122,0.3406,12,0.72,0.9627,-0.02,1.0,4.0,True
F08,1,25,14,0.4486,12,0.72,0.9627,-0.02,2.0,5.0,True
F08,3,12,3,0.8611,10,0.6,1.1552,0.06,3.0,6.0,True
F09,0,32,14,0.471,12,0.72,0.9627,-0.02,2.0,5.0,True
F09,3,16,2,0.6562,16,0.96,0.722,-0.14,3.0,6.0,True
F09,4,17,17,0.7439,12,0.72,0.9627,-0.02,3.0,6.0,True
F09,5,12,2,0.8333,12,0.72,0.9627,-0.02,3.0,6.0,True
F09,6,18,1,0.6111,18,1.08,0.6418,-0.19,3.0,6.0,True
F09,7,32,24,0.7135,10,0.6,1.1552,0.06,2.0,5.0,True
F10,0,13,1,0.8462,24,1.44,0.4814,-0.32,3.0,6.0,True
F10,3,19,17,0.6718,19,1.14,0.608,-0.22,3.0,6.0,True
F10,4,23,8,0.5598,12,0.72,0.9627,-0.02,2.0,5.0,True
F11,0,41,38,0.3453,24,1.44,0.4814,-0.32,1.0,4.0,True
F11,1,24,35,0.6321,19,1.14,0.608,-0.22,2.0,5.0,True
F11,2,19,27,0.6901,19,1.14,0.608,-0.22,3.0,6.0,True
F11,3,21,31,0.6866,21,1.26,0.5501,-0.26,2.0,5.0,True
F11,4,26,42,0.5806,10,0.6,1.1552,0.06,2.0,5.0,True
F12,3,13,4,0.8269,13,0.78,0.8887,-0.05,3.0,6.0,True
F12,4,26,16,0.5168,11,0.66,1.0502,0.02,2.0,5.0,True
F13,0,16,4,0.6562,14,0.84,0.8252,-0.08,3.0,6.0,True
F13,1,14,2,0.8929,11,0.66,1.0502,0.02,3.0,6.0,True
F13,3,13,1,0.7692,13,0.78,0.8887,-0.05,3.0,6.0,True
F13,4,22,7,0.7013,22,1.32,0.5251,-0.28,2.0,5.0,True
F13,5,32,49,0.493,10,0.6,1.1552,0.06,2.0,5.0,True
F14,5,35,17,0.6857,11,0.66,1.0502,0.02,2.0,5.0,True
F14,7,13,1,0.8462,13,0.78,0.8887,-0.05,3.0,6.0,True
F15,2,22,22,0.7603,16,0.96,0.722,-0.14,2.0,5.0,True
F15,3,16,7,0.7054,13,0.78,0.8887,-0.05,3.0,6.0,True
F15,5,36,26,0.4167,17,1.02,0.6796,-0.17,2.0,5.0,True
F16,1,14,1,0.7143,14,0.84,0.8252,-0.08,3.0,6.0,True
F16,2,15,5,0.7733,15,0.9,0.7702,-0.11,3.0,6.0,True
F16,3,39,6,0.265,19,1.14,0.608,-0.22,2.0,5.0,True
F16,4,19,1,0.5263,19,1.14,0.608,-0.22,3.0,6.0,True
F16,5,28,31,0.5876,14,0.84,0.8252,-0.08,2.0,5.0,True
F17,2,54,73,0.4198,36,2.16,0.3209,-0.49,1.0,4.0,True
F17,3,36,29,0.3707,18,1.08,0.6418,-0.19,2.0,5.0,True
F17,4,18,1,0.5556,15,0.9,0.7702,-0.11,3.0,6.0,True
F17,8,18,3,0.5741,12,0.72,0.9627,-0.02,3.0,6.0,True
F17,10,21,2,0.5238,21,1.26,0.5501,-0.26,2.0,5.0,True
F17,11,33,8,0.3902,12,0.72,0.9627,-0.02,2.0,5.0,True
F17,12,12,1,0.8333,12,0.72,0.9627,-0.02,3.0,6.0,True
F17,15,39,62,0.4744,21,1.26,0.5501,-0.26,2.0,5.0,True
F18,1,33,32,0.6089,12,0.72,0.9627,-0.02,2.0,5.0,True
F18,2,12,2,0.875,12,0.72,0.9627,-0.02,3.0,6.0,True
F18,3,51,62,0.3182,15,0.9,0.7702,-0.11,1.0,4.0,True
F18,4,15,1,0.6667,15,0.9,0.7702,-0.11,3.0,6.0,True
F18,5,15,3,0.6889,15,0.9,0.7702,-0.11,3.0,6.0,True
F18,7,18,4,0.7083,18,1.08,0.6418,-0.19,3.0,6.0,True
F18,8,24,19,0.5307,42,2.52,0.2751,-0.56,2.0,5.0,True
F18,9,42,81,0.5112,18,1.08,0.6418,-0.19,1.0,4.0,True
F18,10,18,1,0.6111,18,1.08,0.6418,-0.19,3.0,6.0,True
F18,11,15,7,0.7714,60,3.6,0.1925,-0.72,3.0,6.0,True
F18,12,60,142,0.3778,60,3.6,0.1925,-0.72,0.0,3.0,True
F19,1,26,2,0.4808,22,1.32,0.5251,-0.28,2.0,5.0,True
F19,2,22,24,0.6364,10,0.6,1.1552,0.06,2.0,5.0,True
F19,4,27,12,0.463,13,0.78,0.8887,-0.05,2.0,5.0,True
F20,4,33,14,0.355,14,0.84,0.8252,-0.08,2.0,5.0,True
F20,5,14,1,0.7143,14,0.84,0.8252,-0.08,3.0,6.0,True
F20,6,20,22,0.6818,10,0.6,1.1552,0.06,2.0,5.0,True
F21,1,39,129,0.5275,39,2.34,0.2962,-0.53,2.0,5.0,True
F22,3,18,6,0.6296,18,1.08,0.6418,-0.19,3.0,6.0,True
F23,4,14,1,0.7143,14,0.84,0.8252,-0.08,3.0,6.0,True
F23,5,14,6,0.7976,12,0.72,0.9627,-0.02,3.0,6.0,True
F23,7,18,4,0.5972,11,0.66,1.0502,0.02,3.0,6.0,True
F23,10,26,8,0.6683,11,0.66,1.0502,0.02,2.0,5.0,True
F23,11,11,1,0.9091,11,0.66,1.0502,0.02,3.0,6.0,True
F24,0,13,1,0.7692,10,0.6,1.1552,0.06,3.0,6.0,True
F24,3,28,54,0.502,11,0.66,1.0502,0.02,2.0,5.0,True
F24,4,11,1,0.9091,11,0.66,1.0502,0.02,3.0,6.0,True
F24,7,16,2,0.6875,16,0.96,0.722,-0.14,3.0,6.0,True
F25,2,21,18,0.6085,12,0.72,0.9627,-0.02,2.0,5.0,True
F25,4,30,1,0.3333,12,0.72,0.9627,-0.02,2.0,5.0,True
F25,7,15,4,0.7167,15,0.9,0.7702,-0.11,3.0,6.0,True
F25,8,48,31,0.4012,12,0.72,0.9627,-0.02,1.0,4.0,True
F25,10,12,3,0.8611,12,0.72,0.9627,-0.02,3.0,6.0,True
F25,11,15,5,0.7867,15,0.9,0.7702,-0.11,3.0,6.0,True
F25,12,18,4,0.6111,15,0.9,0.7702,-0.11,3.0,6.0,True
F25,14,21,5,0.5143,21,1.26,0.5501,-0.26,2.0,5.0,True
F26,0,18,4,0.6806,12,0.72,0.9627,-0.02,3.0,6.0,True
F26,3,21,10,0.6286,21,1.26,0.5501,-0.26,2.0,5.0,True
F26,4,21,3,0.5238,21,1.26,0.5501,-0.26,2.0,5.0,True
F26,5,42,24,0.3065,12,0.72,0.9627,-0.02,1.0,4.0,True
F26,6,12,3,0.8611,12,0.72,0.9627,-0.02,3.0,6.0,True
F26,8,33,7,0.3117,24,1.44,0.4814,-0.32,2.0,5.0,True
F26,9,24,4,0.4792,18,1.08,0.6418,-0.19,2.0,5.0,True
F26,11,24,1,0.4167,12,0.72,0.9627,-0.02,2.0,5.0,True
F26,13,30,20,0.5717,13,0.78,0.8887,-0.05,2.0,5.0,True
F27,1,23,21,0.5818,11,0.66,1.0502,0.02,2.0,5.0,True
F27,4,28,9,0.3849,16,0.96,0.722,-0.14,2.0,5.0,True
F27,6,33,55,0.4309,12,0.72,0.9627,-0.02,2.0,5.0,True
F28,1,15,6,0.7444,17,1.02,0.6796,-0.17,3.0,6.0,True
F28,2,17,5,0.6588,14,0.84,0.8252,-0.08,3.0,6.0,True
F29,1,20,1,0.5,14,0.84,0.8252,-0.08,2.0,5.0,True
F29,2,14,5,0.7714,14,0.84,0.8252,-0.08,3.0,6.0,True
F29,3,39,65,0.5294,10,0.6,1.1552,0.06,2.0,5.0,True
F29,5,14,8,0.7946,14,0.84,0.8252,-0.08,3.0,6.0,True
F30,1,14,1,0.7857,20,1.2,0.5776,-0.24,3.0,6.0,True
F30,2,20,12,0.6667,12,0.72,0.9627,-0.02,2.0,5.0,True
F30,3,12,1,0.8333,12,0.72,0.9627,-0.02,3.0,6.0,True
F30,4,27,26,0.4986,13,0.78,0.8887,-0.05,2.0,5.0,True
F30,5,13,5,0.8308,11,0.66,1.0502,0.02,3.0,6.0,True
F30,7,16,5,0.7125,16,0.96,0.722,-0.14,3.0,6.0,True
F31,3,18,11,0.6818,12,0.72,0.9627,-0.02,3.0,6.0,True
F31,6,12,1,0.9167,12,0.72,0.9627,-0.02,3.0,6.0,True
F31,7,33,13,0.4009,12,0.72,0.9627,-0.02,2.0,5.0,True
F31,9,18,2,0.6667,18,1.08,0.6418,-0.19,3.0,6.0,True
F31,10,21,8,0.5536,21,1.26,0.5501,-0.26,2.0,5.0,True
F31,12,39,49,0.428,12,0.72,0.9627,-0.02,2.0,5.0,True
F31,16,21,10,0.6143,21,1.26,0.5501,-0.26,2.0,5.0,True
F31,17,39,9,0.2934,18,1.08,0.6418,-0.19,2.0,5.0,True
F31,18,18,13,0.6667,10,0.6,1.1552,0.06,3.0,6.0,True
F32,2,45,51,0.4427,45,2.7,0.2567,-0.59,1.0,4.0,True
F32,3,53,105,0.4688,12,0.72,0.9627,-0.02,1.0,4.0,True
F32,4,12,1,0.8333,12,0.72,0.9627,-0.02,3.0,6.0,True
F33,3,24,21,0.5774,21,1.26,0.5501,-0.26,2.0,5.0,True
F33,6,33,26,0.5909,12,0.72,0.9627,-0.02,2.0,5.0,True
F33,8,18,2,0.5833,15,0.9,0.7702,-0.11,3.0,6.0,True
F33,10,27,39,0.5717,24,1.44,0.4814,-0.32,2.0,5.0,True
F33,11,12,1,0.9167,12,0.72,0.9627,-0.02,3.0,6.0,True
F33,12,12,1,0.8333,12,0.72,0.9627,-0.02,3.0,6.0,True
F33,13,15,2,0.7,15,0.9,0.7702,-0.11,3.0,6.0,True
F33,16,27,8,0.4444,18,1.08,0.6418,-0.19,2.0,5.0,True
F34,1,18,2,0.6944,16,0.96,0.722,-0.14,3.0,6.0,True
F34,6,44,59,0.5247,24,1.44,0.4814,-0.32,1.0,4.0,True
F34,7,24,14,0.5208,18,1.08,0.6418,-0.19,2.0,5.0,True
F34,8,18,2,0.5833,18,1.08,0.6418,-0.19,3.0,6.0,True
F34,9,24,20,0.6729,10,0.6,1.1552,0.06,2.0,5.0,True
F35,3,21,1,0.4762,21,1.26,0.5501,-0.26,2.0,5.0,True
F35,4,36,2,0.3194,12,0.72,0.9627,-0.02,2.0,5.0,True
F35,8,21,11,0.6883,12,0.72,0.9627,-0.02,2.0,5.0,True
F35,9,12,1,0.9167,12,0.72,0.9627,-0.02,3.0,6.0,True
F35,10,15,1,0.6667,15,0.9,0.7702,-0.11,3.0,6.0,True
F35,11,18,18,0.6636,15,0.9,0.7702,-0.11,3.0,6.0,True
F35,13,36,31,0.4677,18,1.08,0.6418,-0.19,2.0,5.0,True
F37,0,19,1,0.5789,12,0.72,0.9627,-0.02,3.0,6.0,True
F37,2,13,1,0.7692,13,0.78,0.8887,-0.05,3.0,6.0,True
F37,3,13,6,0.8205,13,0.78,0.8887,-0.05,3.0,6.0,True
F38,0,19,21,0.7043,16,0.96,0.722,-0.14,3.0,6.0,True
