protein_id,pdb_id,n_res,seg_idx,seg_start,seg_end,seg_size,n_L2,n_L3,n_total,L2_ratio,E_L2,E_L3,seg_type,position,n_segments,source
CI2,2ci2,65,0,0,9,10,0,83,83,0.0,0.0,16.495433834415962,B,terminal,5,segment_types
CI2,2ci2,65,1,10,30,21,7,146,153,0.0457516339869281,0.5167671311780372,23.68550472199971,A,internal,5,segment_types
CI2,2ci2,65,2,31,41,11,0,48,48,0.0,0.0,15.690415661976733,B,internal,5,segment_types
CI2,2ci2,65,3,42,52,11,0,128,128,0.0,0.0,38.38980133268642,B,internal,5,segment_types
CI2,2ci2,65,4,53,64,12,0,145,145,0.0,0.0,9.030812574999796,B,terminal,5,segment_types
DHFR_ecoli,1rx2,159,0,0,19,20,5,298,303,0.0165016501650165,1.3323868689565996,76.57623860745703,A,terminal,9,segment_types
DHFR_ecoli,1rx2,159,1,20,45,26,0,314,314,0.0,0.0,51.03103635623043,B,internal,9,segment_types
DHFR_ecoli,1rx2,159,2,46,59,14,2,136,138,0.0144927536231884,0.6982779228595539,20.921448552203515,A,internal,9,segment_types
DHFR_ecoli,1rx2,159,3,60,69,10,0,74,74,0.0,0.0,20.04932744674636,B,internal,9,segment_types
DHFR_ecoli,1rx2,159,4,70,91,22,6,180,186,0.032258064516129,2.84729059370422,51.51900160470043,A,internal,9,segment_types
DHFR_ecoli,1rx2,159,5,92,101,10,0,158,158,0.0,0.0,41.21004476767003,B,internal,9,segment_types
DHFR_ecoli,1rx2,159,6,102,111,10,0,155,155,0.0,0.0,45.75044096663368,B,internal,9,segment_types
DHFR_ecoli,1rx2,159,7,112,143,32,14,300,314,0.0445859872611464,1.5935638359930988,44.101348908191255,A,internal,9,segment_types
DHFR_ecoli,1rx2,159,8,144,158,15,0,179,179,0.0,0.0,18.148751579401686,B,terminal,9,segment_types
F01,2abd,86,0,0,10,11,0,82,82,0.0,0.0,8.641616065706668,B,terminal,5,segment_types
F01,2abd,86,1,11,23,13,3,88,91,0.0329670329670329,0.6090390071096974,11.758563383960816,A,internal,5,segment_types
F01,2abd,86,2,24,53,30,22,216,238,0.0924369747899159,0.4641191194466767,17.158970266539892,A,internal,5,segment_types
F01,2abd,86,3,54,68,15,1,135,136,0.0073529411764705,0.0211320979724188,1.402457234006359,A,internal,5,segment_types
F01,2abd,86,4,69,85,17,0,165,165,0.0,0.0,22.88625911876532,B,terminal,5,segment_types
F02,8adh,374,0,0,20,21,1,251,252,0.0039682539682539,1.3043563239645832,54.78899047259028,A,terminal,14,segment_types
F02,8adh,374,1,21,47,27,2,522,524,0.0038167938931297,0.0181503025357729,96.80470517459412,A,internal,14,segment_types
F02,8adh,374,2,48,71,24,16,401,417,0.0383693045563549,6.357779843722364,52.12836923499983,A,internal,14,segment_types
F02,8adh,374,3,72,98,27,18,409,427,0.0421545667447306,-3.005726953852728,42.083557884178816,A,internal,14,segment_types
F02,8adh,374,4,99,140,42,49,345,394,0.1243654822335025,1.884028976183584,42.36895868543947,A,internal,14,segment_types
F02,8adh,374,5,141,161,21,9,453,462,0.0194805194805194,-1.208699355518839,51.66699820100723,A,internal,14,segment_types
F02,8adh,374,6,162,197,36,6,699,705,0.0085106382978723,2.6840236453958526,187.406046993947,A,internal,14,segment_types
F02,8adh,374,7,198,224,27,27,480,507,0.0532544378698224,8.697655357773446,130.47924729844186,A,internal,14,segment_types
F02,8adh,374,8,225,269,45,28,474,502,0.0557768924302788,5.873081677082483,109.20761159499584,A,internal,14,segment_types
F02,8adh,374,9,270,284,15,0,197,197,0.0,0.0,50.008222415749,B,internal,14,segment_types
F02,8adh,374,10,285,296,12,0,208,208,0.0,0.0,36.0689868217514,B,internal,14,segment_types
F02,8adh,374,11,297,344,48,4,506,510,0.0078431372549019,1.9614325020300476,76.379285415657,A,internal,14,segment_types
F02,8adh,374,12,345,356,12,0,135,135,0.0,0.0,34.015645114199145,B,internal,14,segment_types
F02,8adh,374,13,357,373,17,8,212,220,0.0363636363636363,-0.2568680984109295,49.95360262192308,A,terminal,14,segment_types
F03,1bta,89,0,0,13,14,0,162,162,0.0,0.0,21.71470612946706,B,terminal,5,segment_types
F03,1bta,89,1,14,33,20,13,146,159,0.0817610062893081,-0.5525634472110075,43.13233360952318,A,internal,5,segment_types
F03,1bta,89,2,34,67,34,9,315,324,0.0277777777777777,2.070858457475634,94.47144658879336,A,internal,5,segment_types
F03,1bta,89,3,68,77,10,0,114,114,0.0,0.0,47.172515650148654,B,internal,5,segment_types
F03,1bta,89,4,78,88,11,0,105,105,0.0,0.0,41.95558165304653,B,terminal,5,segment_types
F04,1g68,266,0,0,11,12,0,100,100,0.0,0.0,20.81185153310454,B,terminal,14,segment_types
F04,1g68,266,1,12,23,12,1,168,169,0.0059171597633136,0.063645674860301,32.36831561506874,A,internal,14,segment_types
F04,1g68,266,2,24,62,39,3,630,633,0.0047393364928909,1.4303148283137166,82.74995406337152,A,internal,14,segment_types
F04,1g68,266,3,63,83,21,1,195,196,0.0051020408163265,0.0324208227199748,9.282918167651616,A,internal,14,segment_types
F04,1g68,266,4,84,95,12,0,114,114,0.0,0.0,18.880316343168243,B,internal,14,segment_types
F04,1g68,266,5,96,107,12,0,196,196,0.0,0.0,11.583776101330152,B,internal,14,segment_types
F04,1g68,266,6,108,146,39,58,390,448,0.1294642857142857,-0.1157866649758361,65.98642377807624,A,internal,14,segment_types
F04,1g68,266,7,147,164,18,0,266,266,0.0,0.0,0.0347580672085607,B,internal,14,segment_types
F04,1g68,266,8,165,176,12,0,115,115,0.0,0.0,31.04222234773601,B,internal,14,segment_types
F04,1g68,266,9,177,212,36,55,353,408,0.1348039215686274,1.8638540136357964,57.664939731331856,A,internal,14,segment_types
F04,1g68,266,10,213,224,12,0,265,265,0.0,0.0,45.65965982783971,B,internal,14,segment_types
F04,1g68,266,11,225,242,18,0,324,324,0.0,0.0,77.15457263490765,B,internal,14,segment_types
F04,1g68,266,12,243,254,12,0,124,124,0.0,0.0,22.433677053261597,B,internal,14,segment_types
F04,1g68,266,13,255,265,11,0,146,146,0.0,0.0,50.58045470732499,B,terminal,14,segment_types
F05,5pcy,99,0,0,15,16,12,161,173,0.0693641618497109,9.135577712513433,45.47056853937568,A,terminal,8,segment_types
F05,5pcy,99,1,16,27,12,0,126,126,0.0,0.0,25.947727331090853,B,internal,8,segment_types
F05,5pcy,99,2,28,37,10,0,164,164,0.0,0.0,10.983399716439632,B,internal,8,segment_types
F05,5pcy,99,3,38,47,10,0,110,110,0.0,0.0,38.76191322728528,B,internal,8,segment_types
F05,5pcy,99,4,48,57,10,0,69,69,0.0,0.0,23.446250598615062,B,internal,8,segment_types
F05,5pcy,99,5,58,71,14,0,136,136,0.0,0.0,15.955638498767389,B,internal,8,segment_types
F05,5pcy,99,6,72,86,15,0,212,212,0.0,0.0,40.65343630181494,B,internal,8,segment_types
F05,5pcy,99,7,87,98,12,0,142,142,0.0,0.0,26.08529428475276,B,terminal,8,segment_types
F06,4gcr,174,0,0,12,13,0,167,167,0.0,0.0,28.52696389066348,B,terminal,11,segment_types
F06,4gcr,174,1,13,25,13,1,136,137,0.0072992700729927,-1.263320945319716e-06,26.563311215712535,A,internal,11,segment_types
F06,4gcr,174,2,26,47,22,3,348,351,0.0085470085470085,1.3009106455499508,66.16265455412757,A,internal,11,segment_types
F06,4gcr,174,3,48,61,14,0,192,192,0.0,0.0,34.10439432513212,B,internal,11,segment_types
F06,4gcr,174,4,62,84,23,1,307,308,0.0032467532467532,0.9618172083421888,46.42262105160181,A,internal,11,segment_types
F06,4gcr,174,5,85,97,13,0,157,157,0.0,0.0,36.1220525329799,B,internal,11,segment_types
F06,4gcr,174,6,98,117,20,10,152,162,0.0617283950617283,1.7792323951530329,22.154079487825744,A,internal,11,segment_types
F06,4gcr,174,7,118,136,19,4,316,320,0.0125,2.6286501149274124,52.07742784345803,A,internal,11,segment_types
F06,4gcr,174,8,137,151,15,0,202,202,0.0,0.0,27.90308779145313,B,internal,11,segment_types
F06,4gcr,174,9,152,161,10,0,85,85,0.0,0.0,12.764702111602528,B,internal,11,segment_types
F06,4gcr,174,10,162,173,12,0,206,206,0.0,0.0,44.316441276204856,B,terminal,11,segment_types
F07,1cyc,103,0,0,9,10,0,76,76,0.0,0.0,5.674040266468319,B,terminal,5,segment_types
F07,1cyc,103,1,10,20,11,0,60,60,0.0,0.0,14.2876676083916,B,internal,5,segment_types
F07,1cyc,103,2,21,76,56,122,161,283,0.431095406360424,-8.35821040341156,24.13743684828682,A,internal,5,segment_types
F07,1cyc,103,3,77,88,12,0,79,79,0.0,0.0,3.6835509557718993,B,internal,5,segment_types
F07,1cyc,103,4,89,102,14,0,158,158,0.0,0.0,27.69354771196908,B,terminal,5,segment_types
F08,451c,82,0,0,12,13,0,84,84,0.0,0.0,7.5014545496641425,B,terminal,6,segment_types
F08,451c,82,1,13,37,25,14,109,123,0.1138211382113821,2.3831435638784866,22.41521588676792,A,internal,6,segment_types
F08,451c,82,2,38,49,12,0,106,106,0.0,0.0,13.80194472140981,B,internal,6,segment_types
F08,451c,82,3,50,61,12,3,48,51,0.0588235294117647,-0.5546057125276965,6.593650122565529,A,internal,6,segment_types
F08,451c,82,4,62,71,10,0,83,83,0.0,0.0,-6.987697245193844,B,internal,6,segment_types
F08,451c,82,5,72,81,10,0,134,134,0.0,0.0,27.18183203748479,B,terminal,6,segment_types
F09,8dfr,186,0,0,31,32,14,347,361,0.038781163434903,3.144831691085105,69.81010144823212,A,terminal,11,segment_types
F09,8dfr,186,1,32,43,12,0,87,87,0.0,0.0,14.518190910440843,B,internal,11,segment_types
F09,8dfr,186,2,44,54,11,0,188,188,0.0,0.0,45.96651885574611,B,internal,11,segment_types
F09,8dfr,186,3,55,70,16,2,138,140,0.0142857142857142,0.47222377046078,9.021170487390725,A,internal,11,segment_types
F09,8dfr,186,4,71,87,17,17,156,173,0.0982658959537572,8.756595631937149,31.576699745117217,A,internal,11,segment_types
F09,8dfr,186,5,88,99,12,2,107,109,0.018348623853211,1.1055333102924882,48.47840724641975,A,internal,11,segment_types
F09,8dfr,186,6,100,117,18,1,215,216,0.0046296296296296,-8.695710847188245e-05,56.24545453394707,A,internal,11,segment_types
F09,8dfr,186,7,118,149,32,24,377,401,0.0598503740648379,4.014614103708484,82.93589449682277,A,internal,11,segment_types
F09,8dfr,186,8,150,159,10,0,67,67,0.0,0.0,11.995306292195862,B,internal,11,segment_types
F09,8dfr,186,9,160,171,12,0,62,62,0.0,0.0,7.57468166759422,B,internal,11,segment_types
F09,8dfr,186,10,172,185,14,0,174,174,0.0,0.0,19.0596333848315,B,terminal,11,segment_types
F10,1e3y,104,0,0,12,13,1,86,87,0.0114942528735632,0.0026574354701551,17.70804848583754,A,terminal,7,segment_types
F10,1e3y,104,1,13,24,12,0,120,120,0.0,0.0,30.27574635070473,B,internal,7,segment_types
F10,1e3y,104,2,25,36,12,0,111,111,0.0,0.0,29.40677213245649,B,internal,7,segment_types
F10,1e3y,104,3,37,55,19,17,85,102,0.1666666666666666,-1.7204743564319525,13.558054950853146,A,internal,7,segment_types
F10,1e3y,104,4,56,78,23,8,175,183,0.0437158469945355,1.1684048061362649,56.96195518093868,A,internal,7,segment_types
F10,1e3y,104,5,79,90,12,0,97,97,0.0,0.0,25.34425809505677,B,internal,7,segment_types
F10,1e3y,104,6,91,103,13,0,56,56,0.0,0.0,9.67089390806768,B,terminal,7,segment_types
F11,1rg8,141,0,0,40,41,38,409,447,0.0850111856823266,-1.7398141877117004,61.12940405746982,A,terminal,6,segment_types
F11,1rg8,141,1,41,64,24,35,238,273,0.1282051282051282,-4.121534913902553,37.36997518949289,A,internal,6,segment_types
F11,1rg8,141,2,65,83,19,27,188,215,0.1255813953488372,-2.6882940235110566,34.3998102823651,A,internal,6,segment_types
F11,1rg8,141,3,84,104,21,31,260,291,0.1065292096219931,-1.7556061110032908,24.2435500099228,A,internal,6,segment_types
F11,1rg8,141,4,105,130,26,42,231,273,0.1538461538461538,-0.9717028756986298,43.45706916898088,A,internal,6,segment_types
F11,1rg8,141,5,131,140,10,0,158,158,0.0,0.0,27.73462014362624,B,terminal,6,segment_types
F12,1mzk,122,0,0,9,10,0,149,149,0.0,0.0,48.12137247693023,B,terminal,8,segment_types
F12,1mzk,122,1,10,30,21,0,210,210,0.0,0.0,32.50560459366413,B,internal,8,segment_types
F12,1mzk,122,2,31,40,10,0,130,130,0.0,0.0,24.47264311217504,B,internal,8,segment_types
F12,1mzk,122,3,41,53,13,4,207,211,0.0189573459715639,0.0460046082598917,28.20122787439482,A,internal,8,segment_types
F12,1mzk,122,4,54,79,26,16,332,348,0.0459770114942528,2.5784231770743826,53.30203998363368,A,internal,8,segment_types
F12,1mzk,122,5,80,90,11,0,85,85,0.0,0.0,3.839963484252898,B,internal,8,segment_types
F12,1mzk,122,6,91,107,17,0,249,249,0.0,0.0,56.14942370762063,B,internal,8,segment_types
F12,1mzk,122,7,108,121,14,0,182,182,0.0,0.0,35.494713566534635,B,terminal,8,segment_types
F13,1hce,118,0,0,15,16,4,207,211,0.0189573459715639,-0.389030162475246,31.69140644977699,A,terminal,7,segment_types
F13,1hce,118,1,16,29,14,2,85,87,0.0229885057471264,-0.0852119025741775,8.739993364508331,A,internal,7,segment_types
F13,1hce,118,2,30,40,11,0,113,113,0.0,0.0,18.001490149974888,B,internal,7,segment_types
F13,1hce,118,3,41,53,13,1,148,149,0.0067114093959731,0.01133626893471,38.86519579223329,A,internal,7,segment_types
F13,1hce,118,4,54,75,22,7,187,194,0.0360824742268041,1.6755115301362342,35.60788941306684,A,internal,7,segment_types
F13,1hce,118,5,76,107,32,49,214,263,0.1863117870722433,-2.831757345705952,31.792837319042142,A,internal,7,segment_types
F13,1hce,118,6,108,117,10,0,142,142,0.0,0.0,8.443906162160136,B,terminal,7,segment_types
F14,5nll,138,0,0,10,11,0,190,190,0.0,0.0,53.84562636763209,B,terminal,10,segment_types
F14,5nll,138,1,11,23,13,0,195,195,0.0,0.0,44.68198022206622,B,internal,10,segment_types
F14,5nll,138,2,24,34,11,0,112,112,0.0,0.0,19.66733278435878,B,internal,10,segment_types
F14,5nll,138,3,35,44,10,0,54,54,0.0,0.0,17.042093012344463,B,internal,10,segment_types
F14,5nll,138,4,45,54,10,0,209,209,0.0,0.0,87.65851746684915,B,internal,10,segment_types
F14,5nll,138,5,55,89,35,17,367,384,0.0442708333333333,1.9831800681821428,111.07033186756736,A,internal,10,segment_types
F14,5nll,138,6,90,100,11,0,90,90,0.0,0.0,19.649822566266774,B,internal,10,segment_types
F14,5nll,138,7,101,113,13,1,134,135,0.0074074074074074,0.0137174671713579,26.197175677002356,A,internal,10,segment_types
F14,5nll,138,8,114,123,10,0,116,116,0.0,0.0,16.28366491124087,B,internal,10,segment_types
F14,5nll,138,9,124,137,14,0,169,169,0.0,0.0,38.26537384496876,B,terminal,10,segment_types
F15,2vil,126,0,0,10,11,0,103,103,0.0,0.0,28.60221206849793,B,terminal,7,segment_types
F15,2vil,126,1,11,21,11,0,155,155,0.0,0.0,26.87549989145339,B,internal,7,segment_types
F15,2vil,126,2,22,43,22,22,264,286,0.0769230769230769,2.891536286402534,40.55493539768253,A,internal,7,segment_types
F15,2vil,126,3,44,59,16,7,202,209,0.0334928229665071,1.2584397261166256,56.37653244910448,A,internal,7,segment_types
F15,2vil,126,4,60,72,13,0,199,199,0.0,0.0,28.34177332508545,B,internal,7,segment_types
F15,2vil,126,5,73,108,36,26,310,336,0.0773809523809523,1.1616671321835936,57.80355496023301,A,internal,7,segment_types
F15,2vil,126,6,109,125,17,0,105,105,0.0,0.0,8.126264798988299,B,terminal,7,segment_types
F16,1mba,146,0,0,16,17,0,188,188,0.0,0.0,33.872942972188525,B,terminal,7,segment_types
F16,1mba,146,1,17,30,14,1,120,121,0.0082644628099173,7.24554000574873e-06,38.38722624957322,A,internal,7,segment_types
F16,1mba,146,2,31,45,15,5,100,105,0.0476190476190476,8.360335758402693,24.781789397699605,A,internal,7,segment_types
F16,1mba,146,3,46,84,39,6,237,243,0.0246913580246913,2.8656757326968907,71.09372831752627,A,internal,7,segment_types
F16,1mba,146,4,85,103,19,1,137,138,0.0072463768115942,-0.002881368862504,31.815166830132863,A,internal,7,segment_types
F16,1mba,146,5,104,131,28,31,218,249,0.1244979919678714,3.822022402986358,43.569957900880645,A,internal,7,segment_types
F16,1mba,146,6,132,145,14,0,166,166,0.0,0.0,55.41549194511519,B,terminal,7,segment_types
F17,1ado,363,0,0,17,18,0,100,100,0.0,0.0,10.697565808740556,B,terminal,17,segment_types
F17,1ado,363,1,18,35,18,0,324,324,0.0,0.0,71.22589849466287,B,internal,17,segment_types
F17,1ado,363,2,36,89,54,73,468,541,0.1349353049907578,8.646141527340212,96.52908901634277,A,internal,17,segment_types
F17,1ado,363,3,90,125,36,29,407,436,0.0665137614678899,-3.8900256675516864,60.77816300935949,A,internal,17,segment_types
F17,1ado,363,4,126,143,18,1,197,198,0.005050505050505,6.510039118646581e-05,36.020317351923275,A,internal,17,segment_types
F17,1ado,363,5,144,158,15,0,252,252,0.0,0.0,36.70904394264321,B,internal,17,segment_types
F17,1ado,363,6,159,170,12,0,162,162,0.0,0.0,39.24250271019132,B,internal,17,segment_types
F17,1ado,363,7,171,182,12,0,219,219,0.0,0.0,46.06747087353556,B,internal,17,segment_types
F17,1ado,363,8,183,200,18,3,308,311,0.0096463022508038,1.402554043909012,36.473025845515984,A,internal,17,segment_types
F17,1ado,363,9,201,212,12,0,162,162,0.0,0.0,41.51444685624757,B,internal,17,segment_types
F17,1ado,363,10,213,233,21,2,398,400,0.005,0.6258772354458716,64.57675880831196,A,internal,17,segment_types
F17,1ado,363,11,234,266,33,8,383,391,0.0204603580562659,2.411097478930861,69.69930342668029,A,internal,17,segment_types
F17,1ado,363,12,267,278,12,1,203,204,0.0049019607843137,1.305742547069881,6.6289529302305255,A,internal,17,segment_types
F17,1ado,363,13,279,290,12,0,181,181,0.0,0.0,32.79756636772469,B,internal,17,segment_types
F17,1ado,363,14,291,302,12,0,231,231,0.0,0.0,37.59152398018353,B,internal,17,segment_types
F17,1ado,363,15,303,341,39,62,377,439,0.1412300683371298,5.867563402112097,53.45896901678251,A,internal,17,segment_types
F17,1ado,363,16,342,362,21,0,80,80,0.0,0.0,-3.274110058766148,B,terminal,17,segment_types
F18,4wnc,333,0,0,11,12,0,265,265,0.0,0.0,42.03158234006902,B,terminal,13,segment_types
F18,4wnc,333,1,12,44,33,32,429,461,0.0694143167028199,9.85246687073522,96.39462957504442,A,internal,13,segment_types
F18,4wnc,333,2,45,56,12,2,78,80,0.025,-0.0937907684403373,2.0703502270398837,A,internal,13,segment_types
F18,4wnc,333,3,57,107,51,62,543,605,0.1024793388429752,7.3291355747406035,93.45925534251602,A,internal,13,segment_types
F18,4wnc,333,4,108,122,15,1,272,273,0.0036630036630036,-2.411778650315717e-05,38.11496558767261,A,internal,13,segment_types
F18,4wnc,333,5,123,137,15,3,209,212,0.0141509433962264,-0.4193075095870103,38.98229360243728,A,internal,13,segment_types
F18,4wnc,333,6,138,155,18,0,359,359,0.0,0.0,69.81855606611754,B,internal,13,segment_types
F18,4wnc,333,7,156,173,18,4,289,293,0.0136518771331058,0.8595301486954443,64.6784512669999,A,internal,13,segment_types
F18,4wnc,333,8,174,197,24,19,174,193,0.0984455958549222,-1.2713609375008403,19.24930216758891,A,internal,13,segment_types
F18,4wnc,333,9,198,239,42,81,427,508,0.1594488188976378,13.030275744561214,74.81671865487093,A,internal,13,segment_types
F18,4wnc,333,10,240,257,18,1,232,233,0.0042918454935622,4.121292277261713e-05,56.63783540393001,A,internal,13,segment_types
F18,4wnc,333,11,258,272,15,7,148,155,0.0451612903225806,2.8914241628032347,23.49777638582276,A,internal,13,segment_types
F18,4wnc,333,12,273,332,60,142,661,803,0.1768368617683686,7.9428901624633745,96.35095467143329,A,terminal,13,segment_types
F19,1sr2,116,0,0,17,18,0,0,0,0.0,0.0,0.0,B,terminal,6,segment_types
F19,1sr2,116,1,18,43,26,2,80,82,0.024390243902439,-0.4648216475317389,36.21135784001558,A,internal,6,segment_types
F19,1sr2,116,2,44,65,22,24,124,148,0.1621621621621621,1.943187598071723,37.60642290274872,A,internal,6,segment_types
F19,1sr2,116,3,66,75,10,0,99,99,0.0,0.0,29.54570962859249,B,internal,6,segment_types
F19,1sr2,116,4,76,102,27,12,196,208,0.0576923076923076,2.266642331442558,59.712638049810245,A,internal,6,segment_types
F19,1sr2,116,5,103,115,13,0,131,131,0.0,0.0,55.92965621752038,B,terminal,6,segment_types
F20,2i1b,153,0,0,9,10,0,125,125,0.0,0.0,31.02914117566067,B,terminal,10,segment_types
F20,2i1b,153,1,10,20,11,0,137,137,0.0,0.0,5.094238213096335,B,internal,10,segment_types
F20,2i1b,153,2,21,30,10,0,114,114,0.0,0.0,12.718781867570565,B,internal,10,segment_types
F20,2i1b,153,3,31,47,17,0,201,201,0.0,0.0,45.472772566856136,B,internal,10,segment_types
F20,2i1b,153,4,48,80,33,14,351,365,0.0383561643835616,1.820876064620183,70.04384858768555,A,internal,10,segment_types
F20,2i1b,153,5,81,94,14,1,122,123,0.008130081300813,0.8385639055692502,4.659808398975094,A,internal,10,segment_types
F20,2i1b,153,6,95,114,20,22,244,266,0.0827067669172932,-3.9893049111259313,25.65924663592896,A,internal,10,segment_types
F20,2i1b,153,7,115,124,10,0,147,147,0.0,0.0,27.388688822866307,B,internal,10,segment_types
F20,2i1b,153,8,125,135,11,0,140,140,0.0,0.0,15.397416304788466,B,internal,10,segment_types
F20,2i1b,153,9,136,152,17,0,175,175,0.0,0.0,10.194934207722092,B,terminal,10,segment_types
F21,2ovo,56,0,0,16,17,0,103,103,0.0,0.0,25.243685566376225,B,terminal,2,segment_types
F21,2ovo,56,1,17,55,39,129,103,232,0.5560344827586207,17.45726469606573,25.243685566376225,A,terminal,2,segment_types
F22,5pti,58,0,0,13,14,0,129,129,0.0,0.0,14.239144046574552,B,terminal,4,segment_types
F22,5pti,58,1,14,26,13,0,134,134,0.0,0.0,25.544573928761736,B,internal,4,segment_types
F22,5pti,58,2,27,39,13,0,130,130,0.0,0.0,27.172995885626417,B,internal,4,segment_types
F22,5pti,58,3,40,57,18,6,145,151,0.0397350993377483,4.691125887155465,18.81120331010359,A,terminal,4,segment_types
F23,3npo,162,0,0,9,10,0,122,122,0.0,0.0,26.442919727770857,B,terminal,12,segment_types
F23,3npo,162,1,10,20,11,0,150,150,0.0,0.0,26.64289020368491,B,internal,12,segment_types
F23,3npo,162,2,21,30,10,0,160,160,0.0,0.0,47.39999178113319,B,internal,12,segment_types
F23,3npo,162,3,31,40,10,0,95,95,0.0,0.0,18.474771596073328,B,internal,12,segment_types
F23,3npo,162,4,41,54,14,1,175,176,0.0056818181818181,-0.1768143611367268,31.260346147620677,A,internal,12,segment_types
F23,3npo,162,5,55,68,14,6,117,123,0.048780487804878,-4.853060849175388,25.64646085495544,A,internal,12,segment_types
F23,3npo,162,6,69,80,12,0,137,137,0.0,0.0,33.45504690220278,B,internal,12,segment_types
F23,3npo,162,7,81,98,18,4,208,212,0.0188679245283018,6.777505146299935,70.02447967031529,A,internal,12,segment_types
F23,3npo,162,8,99,109,11,0,196,196,0.0,0.0,67.58429498333928,B,internal,12,segment_types
F23,3npo,162,9,110,124,15,0,229,229,0.0,0.0,69.11919656340766,B,internal,12,segment_types
F23,3npo,162,10,125,150,26,8,231,239,0.0334728033472803,1.9415419687810809,52.99756321067286,A,internal,12,segment_types
F23,3npo,162,11,151,161,11,1,82,83,0.0120481927710843,-0.8787063483218421,8.822207410148728,A,terminal,12,segment_types
F24,2lyz,129,0,0,12,13,1,141,142,0.0070422535211267,2.347535474775708e-06,42.41582634929126,A,terminal,9,segment_types
F24,2lyz,129,1,13,22,10,0,67,67,0.0,0.0,11.307605344296986,B,internal,9,segment_types
F24,2lyz,129,2,23,34,12,0,195,195,0.0,0.0,56.45027560579267,B,internal,9,segment_types
F24,2lyz,129,3,35,62,28,54,260,314,0.1719745222929936,-2.6998993356173098,51.79954542852237,A,internal,9,segment_types
F24,2lyz,129,4,63,73,11,1,84,85,0.0117647058823529,-0.3646368721649782,9.75212934437934,A,internal,9,segment_types
F24,2lyz,129,5,74,86,13,0,148,148,0.0,0.0,41.4982495786,B,internal,9,segment_types
F24,2lyz,129,6,87,96,10,0,133,133,0.0,0.0,33.26288189490012,B,internal,9,segment_types
F24,2lyz,129,7,97,112,16,2,104,106,0.0188679245283018,1.446286455251717,27.18832697754345,A,internal,9,segment_types
F24,2lyz,129,8,113,128,16,0,124,124,0.0,0.0,38.77898499427455,B,terminal,9,segment_types
F25,3hla,270,0,0,11,12,0,216,216,0.0,0.0,49.65867379922259,B,terminal,15,segment_types
F25,3hla,270,1,12,26,15,0,169,169,0.0,0.0,19.01360578466433,B,internal,15,segment_types
F25,3hla,270,2,27,47,21,18,198,216,0.0833333333333333,-6.212100218413686,21.713428082398345,A,internal,15,segment_types
F25,3hla,270,3,48,59,12,0,73,73,0.0,0.0,11.016105852950409,B,internal,15,segment_types
F25,3hla,270,4,60,89,30,1,207,208,0.0048076923076923,-0.0240961287414881,15.341365438903276,A,internal,15,segment_types
F25,3hla,270,5,90,101,12,0,200,200,0.0,0.0,32.985084552982,B,internal,15,segment_types
F25,3hla,270,6,102,113,12,0,123,123,0.0,0.0,25.760795722865684,B,internal,15,segment_types
F25,3hla,270,7,114,128,15,4,153,157,0.0254777070063694,0.8991951622930402,23.580730185449383,A,internal,15,segment_types
F25,3hla,270,8,129,176,48,31,256,287,0.1080139372822299,6.299634757832121,55.32133320108584,A,internal,15,segment_types
F25,3hla,270,9,177,188,12,0,143,143,0.0,0.0,5.988031692828126,B,internal,15,segment_types
F25,3hla,270,10,189,200,12,3,88,91,0.0329670329670329,0.8251213092834206,14.14984466645836,A,internal,15,segment_types
F25,3hla,270,11,201,215,15,5,236,241,0.0207468879668049,10.824724163391984,19.961582793000087,A,internal,15,segment_types
F25,3hla,270,12,216,233,18,4,131,135,0.0296296296296296,-0.7298471330059066,8.103099087233488,A,internal,15,segment_types
F25,3hla,270,13,234,248,15,0,194,194,0.0,0.0,26.172325203215543,B,internal,15,segment_types
F25,3hla,270,14,249,269,21,5,193,198,0.0252525252525252,3.334217589362482,19.06614011087509,A,terminal,15,segment_types
F26,5cpa,307,0,0,17,18,4,152,156,0.0256410256410256,-0.2690173644701265,30.82368001592745,A,terminal,15,segment_types
F26,5cpa,307,1,18,29,12,0,106,106,0.0,0.0,26.034785787711808,B,internal,15,segment_types
F26,5cpa,307,2,30,44,15,0,182,182,0.0,0.0,23.676837015636988,B,internal,15,segment_types
F26,5cpa,307,3,45,65,21,10,343,353,0.0283286118980169,7.838102853395419,110.44939438347046,A,internal,15,segment_types
F26,5cpa,307,4,66,86,21,3,422,425,0.0070588235294117,0.4735913049438523,71.83161722936828,A,internal,15,segment_types
F26,5cpa,307,5,87,128,42,24,527,551,0.043557168784029,1.30059100844999,97.76523435609305,A,internal,15,segment_types
F26,5cpa,307,6,129,140,12,3,116,119,0.0252100840336134,-2.363682743978041,9.61654219780116,A,internal,15,segment_types
F26,5cpa,307,7,141,152,12,0,234,234,0.0,0.0,-0.7721433771212798,B,internal,15,segment_types
F26,5cpa,307,8,153,185,33,7,349,356,0.0196629213483146,1.4499795084656375,34.54078434368999,A,internal,15,segment_types
F26,5cpa,307,9,186,209,24,4,471,475,0.0084210526315789,-0.0016526852767069,89.22682674431894,A,internal,15,segment_types
F26,5cpa,307,10,210,227,18,0,152,152,0.0,0.0,28.06678316072144,B,internal,15,segment_types
F26,5cpa,307,11,228,251,24,1,290,291,0.0034364261168384,0.0043383327813505,28.39385964689225,A,internal,15,segment_types
F26,5cpa,307,12,252,263,12,0,206,206,0.0,0.0,15.054727682122437,B,internal,15,segment_types
F26,5cpa,307,13,264,293,30,20,391,411,0.048661800486618,1.4443165593332536,79.42843742936681,A,internal,15,segment_types
F26,5cpa,307,14,294,306,13,0,183,183,0.0,0.0,54.11873769531304,B,terminal,15,segment_types
F27,1am7,154,0,0,10,11,0,118,118,0.0,0.0,23.74846127765028,B,terminal,9,segment_types
F27,1am7,154,1,11,33,23,21,199,220,0.0954545454545454,-0.2126859962949662,24.09275406379554,A,internal,9,segment_types
F27,1am7,154,2,34,44,11,0,111,111,0.0,0.0,7.925821527920018,B,internal,9,segment_types
F27,1am7,154,3,45,54,10,0,86,86,0.0,0.0,-1.1601776892097249,B,internal,9,segment_types
F27,1am7,154,4,55,82,28,9,235,244,0.0368852459016393,1.1075286380357654,23.356455502693237,A,internal,9,segment_types
F27,1am7,154,5,83,98,16,0,185,185,0.0,0.0,33.1099593624813,B,internal,9,segment_types
F27,1am7,154,6,99,131,33,55,193,248,0.2217741935483871,7.695677816082815,41.006267997063965,A,internal,9,segment_types
F27,1am7,154,7,132,143,12,0,61,61,0.0,0.0,19.57392351012119,B,internal,9,segment_types
F27,1am7,154,8,144,153,10,0,96,96,0.0,0.0,12.594334337063174,B,terminal,9,segment_types
F28,1hrh,130,0,0,13,14,0,159,159,0.0,0.0,19.921825785022563,B,terminal,9,segment_types
F28,1hrh,130,1,14,28,15,6,240,246,0.024390243902439,-0.7871308803369685,28.41631932051219,A,internal,9,segment_types
F28,1hrh,130,2,29,45,17,5,201,206,0.0242718446601941,-0.9394217496760048,20.01807283175425,A,internal,9,segment_types
F28,1hrh,130,3,46,59,14,0,236,236,0.0,0.0,54.48171496270346,B,internal,9,segment_types
F28,1hrh,130,4,60,78,19,0,261,261,0.0,0.0,37.59291965912229,B,internal,9,segment_types
F28,1hrh,130,5,79,90,12,0,51,51,0.0,0.0,20.27274926632237,B,internal,9,segment_types
F28,1hrh,130,6,91,102,12,0,107,107,0.0,0.0,22.598078527950094,B,internal,9,segment_types
F28,1hrh,130,7,103,112,10,0,129,129,0.0,0.0,30.53629204416992,B,internal,9,segment_types
F28,1hrh,130,8,113,129,17,0,158,158,0.0,0.0,20.841367661298968,B,terminal,9,segment_types
F29,1rnb,109,0,0,11,12,0,114,114,0.0,0.0,19.092437799178064,B,terminal,6,segment_types
F29,1rnb,109,1,12,31,20,1,158,159,0.0062893081761006,1.8089525691545337e-05,25.490160870560832,A,internal,6,segment_types
F29,1rnb,109,2,32,45,14,5,61,66,0.0757575757575757,2.742729610214002,15.797770087990692,A,internal,6,segment_types
F29,1rnb,109,3,46,84,39,65,295,360,0.1805555555555555,-10.371128701404372,17.03598691266715,A,internal,6,segment_types
F29,1rnb,109,4,85,94,10,0,164,164,0.0,0.0,38.59335727360256,B,internal,6,segment_types
F29,1rnb,109,5,95,108,14,8,114,122,0.0655737704918032,-1.1583631265047805,11.764441154240236,A,terminal,6,segment_types
F30,1rbb,124,0,0,10,11,0,77,77,0.0,0.0,11.718554841027132,B,terminal,8,segment_types
F30,1rbb,124,1,11,24,14,1,125,126,0.0079365079365079,0.2056492431639124,6.317142919005172,A,internal,8,segment_types
F30,1rbb,124,2,25,44,20,12,168,180,0.0666666666666666,0.0474932436989091,16.55742849017737,A,internal,8,segment_types
F30,1rbb,124,3,45,56,12,1,163,164,0.0060975609756097,2.906340979505643,36.33215992390599,A,internal,8,segment_types
F30,1rbb,124,4,57,83,27,26,267,293,0.0887372013651877,0.0344198497815384,38.38531526592244,A,internal,8,segment_types
F30,1rbb,124,5,84,96,13,5,100,105,0.0476190476190476,-1.3571684533339667,12.133471244856793,A,internal,8,segment_types
F30,1rbb,124,6,97,107,11,0,183,183,0.0,0.0,30.139179245637656,B,internal,8,segment_types
F30,1rbb,124,7,108,123,16,5,199,204,0.0245098039215686,-0.4005855037558863,39.23946189463403,A,terminal,8,segment_types
F31,1omp,370,0,0,14,15,0,204,204,0.0,0.0,27.36811511717661,B,terminal,20,segment_types
F31,1omp,370,1,15,32,18,0,161,161,0.0,0.0,36.838536308854025,B,internal,20,segment_types
F31,1omp,370,2,33,44,12,0,119,119,0.0,0.0,29.7198924390913,B,internal,20,segment_types
F31,1omp,370,3,45,62,18,11,227,238,0.0462184873949579,5.3528891369742135,45.05835740233808,A,internal,20,segment_types
F31,1omp,370,4,63,74,12,0,162,162,0.0,0.0,15.548216575329938,B,internal,20,segment_types
F31,1omp,370,5,75,92,18,0,173,173,0.0,0.0,32.30422825757341,B,internal,20,segment_types
F31,1omp,370,6,93,104,12,1,177,178,0.0056179775280898,0.0123353496189325,26.766343925166627,A,internal,20,segment_types
F31,1omp,370,7,105,137,33,13,478,491,0.0264765784114052,1.2989302621796672,93.6732575076059,A,internal,20,segment_types
F31,1omp,370,8,138,149,12,0,147,147,0.0,0.0,40.21914914803101,B,internal,20,segment_types
F31,1omp,370,9,150,167,18,2,315,317,0.0063091482649842,0.3711114599740002,50.489198416999685,A,internal,20,segment_types
F31,1omp,370,10,168,188,21,8,209,217,0.0368663594470046,-0.8339861866866871,36.4799691377014,A,internal,20,segment_types
F31,1omp,370,11,189,200,12,0,136,136,0.0,0.0,50.99917426634295,B,internal,20,segment_types
F31,1omp,370,12,201,239,39,49,312,361,0.1357340720221606,3.497551488423982,48.761938763616094,A,internal,20,segment_types
F31,1omp,370,13,240,251,12,0,184,184,0.0,0.0,10.725322390573218,B,internal,20,segment_types
F31,1omp,370,14,252,269,18,0,382,382,0.0,0.0,53.10794391279253,B,internal,20,segment_types
F31,1omp,370,15,270,281,12,0,131,131,0.0,0.0,23.393439701956336,B,internal,20,segment_types
F31,1omp,370,16,282,302,21,10,258,268,0.0373134328358208,7.472633582291803,67.40528327871337,A,internal,20,segment_types
F31,1omp,370,17,303,341,39,9,454,463,0.019438444924406,0.6024127276088943,45.74325033522981,A,internal,20,segment_types
F31,1omp,370,18,342,359,18,13,150,163,0.0797546012269938,4.509138657541821,41.43367151876862,A,internal,20,segment_types
F31,1omp,370,19,360,369,10,0,115,115,0.0,0.0,30.586915138406127,B,terminal,20,segment_types
F32,1snc,135,0,0,13,14,0,186,186,0.0,0.0,17.192617104824613,B,terminal,5,segment_types
F32,1snc,135,1,14,24,11,0,118,118,0.0,0.0,21.862254331506403,B,internal,5,segment_types
F32,1snc,135,2,25,69,45,51,472,523,0.0975143403441682,-1.0883333231428032,91.06091074948992,A,internal,5,segment_types
F32,1snc,135,3,70,122,53,105,402,507,0.2071005917159763,-2.415414078658495,79.27052670571204,A,internal,5,segment_types
F32,1snc,135,4,123,134,12,1,78,79,0.0126582278481012,0.0327838423222438,4.505172273059966,A,terminal,5,segment_types
F33,1qlp,372,0,0,11,12,0,187,187,0.0,0.0,19.6199804384995,B,terminal,20,segment_types
F33,1qlp,372,1,12,23,12,0,106,106,0.0,0.0,19.905944838817867,B,internal,20,segment_types
F33,1qlp,372,2,24,38,15,0,304,304,0.0,0.0,70.69714320276587,B,internal,20,segment_types
F33,1qlp,372,3,39,62,24,21,266,287,0.073170731707317,2.666845128326265,59.005519995480206,A,internal,20,segment_types
F33,1qlp,372,4,63,83,21,0,158,158,0.0,0.0,27.69816897881815,B,internal,20,segment_types
F33,1qlp,372,5,84,98,15,0,230,230,0.0,0.0,57.18202691574032,B,internal,20,segment_types
F33,1qlp,372,6,99,131,33,26,237,263,0.0988593155893536,2.6116251722892287,53.47976253132969,A,internal,20,segment_types
F33,1qlp,372,7,132,143,12,0,90,90,0.0,0.0,22.74052895392028,B,internal,20,segment_types
F33,1qlp,372,8,144,161,18,2,224,226,0.0088495575221238,1.3643467675760392,55.325981018863295,A,internal,20,segment_types
F33,1qlp,372,9,162,176,15,0,276,276,0.0,0.0,46.09292946292902,B,internal,20,segment_types
F33,1qlp,372,10,177,203,27,39,200,239,0.1631799163179916,-5.280066900377408,-3.4411125725397,A,internal,20,segment_types
F33,1qlp,372,11,204,215,12,1,152,153,0.0065359477124183,0.0018544460948862,34.44633420621115,A,internal,20,segment_types
F33,1qlp,372,12,216,227,12,1,188,189,0.0052910052910052,0.4004090429565249,57.81600175865239,A,internal,20,segment_types
F33,1qlp,372,13,228,242,15,2,175,177,0.0112994350282485,2.6645616160537022,70.30477911205234,A,internal,20,segment_types
F33,1qlp,372,14,243,260,18,0,153,153,0.0,0.0,29.70104560016408,B,internal,20,segment_types
F33,1qlp,372,15,261,272,12,0,229,229,0.0,0.0,31.70840825053324,B,internal,20,segment_types
F33,1qlp,372,16,273,299,27,8,302,310,0.0258064516129032,-0.3036280317182446,63.10329265807955,A,internal,20,segment_types
F33,1qlp,372,17,300,317,18,0,325,325,0.0,0.0,71.42267153156814,B,internal,20,segment_types
F33,1qlp,372,18,318,353,36,0,395,395,0.0,0.0,81.62063123552211,B,internal,20,segment_types
F33,1qlp,372,19,354,371,18,0,329,329,0.0,0.0,41.39663817790495,B,terminal,20,segment_types
F34,1tim,247,0,0,9,10,0,184,184,0.0,0.0,36.54434622914243,B,terminal,15,segment_types
F34,1tim,247,1,10,27,18,2,144,146,0.0136986301369863,1.7060176741493862,20.02077332287151,A,internal,15,segment_types
F34,1tim,247,2,28,43,16,0,217,217,0.0,0.0,49.04889792569455,B,internal,15,segment_types
F34,1tim,247,3,44,53,10,0,100,100,0.0,0.0,22.45664804593978,B,internal,15,segment_types
F34,1tim,247,4,54,63,10,0,175,175,0.0,0.0,35.22618427025389,B,internal,15,segment_types
F34,1tim,247,5,64,73,10,0,80,80,0.0,0.0,11.081299964698813,B,internal,15,segment_types
F34,1tim,247,6,74,117,44,59,395,454,0.1299559471365639,4.306987608431501,73.89940218136641,A,internal,15,segment_types
F34,1tim,247,7,118,141,24,14,274,288,0.0486111111111111,2.7668280163323797,83.87932122408313,A,internal,15,segment_types
F34,1tim,247,8,142,159,18,2,232,234,0.0085470085470085,2.885766324624672,47.45022736485012,A,internal,15,segment_types
F34,1tim,247,9,160,183,24,20,247,267,0.0749063670411985,0.5698074039358438,33.177530103325616,A,internal,15,segment_types
F34,1tim,247,10,184,193,10,0,87,87,0.0,0.0,15.285752566229608,B,internal,15,segment_types
F34,1tim,247,11,194,211,18,0,252,252,0.0,0.0,52.79793268937868,B,internal,15,segment_types
F34,1tim,247,12,212,221,10,0,102,102,0.0,0.0,3.2248138595176825,B,internal,15,segment_types
F34,1tim,247,13,222,231,10,0,177,177,0.0,0.0,36.14995869813218,B,internal,15,segment_types
F34,1tim,247,14,232,246,15,0,196,196,0.0,0.0,40.35896585472263,B,terminal,15,segment_types
F35,1bks,267,0,0,11,12,0,118,118,0.0,0.0,6.423186689985482,B,terminal,15,segment_types
F35,1bks,267,1,12,26,15,0,297,297,0.0,0.0,58.86737502108296,B,internal,15,segment_types
F35,1bks,267,2,27,38,12,0,132,132,0.0,0.0,31.062300886312343,B,internal,15,segment_types
F35,1bks,267,3,39,59,21,1,353,354,0.0028248587570621,0.0011758145267227,65.22458526023091,A,internal,15,segment_types
F35,1bks,267,4,60,95,36,2,337,339,0.0058997050147492,1.1173592143597275,66.70773905862839,A,internal,15,segment_types
F35,1bks,267,5,96,107,12,0,199,199,0.0,0.0,80.73809344924395,B,internal,15,segment_types
F35,1bks,267,6,108,119,12,0,98,98,0.0,0.0,22.82776573602236,B,internal,15,segment_types
F35,1bks,267,7,120,131,12,0,230,230,0.0,0.0,59.20623911370302,B,internal,15,segment_types
F35,1bks,267,8,132,152,21,11,250,261,0.0421455938697318,0.6843903269836655,64.81991986287967,A,internal,15,segment_types
F35,1bks,267,9,153,164,12,1,112,113,0.0088495575221238,0.0034599614263684,11.510507606302934,A,internal,15,segment_types
F35,1bks,267,10,165,179,15,1,291,292,0.0034246575342465,0.0296949084510217,53.36089439650141,A,internal,15,segment_types
F35,1bks,267,11,180,197,18,18,133,151,0.119205298013245,3.849313114624422,19.04641154339677,A,internal,15,segment_types
F35,1bks,267,12,198,212,15,0,238,238,0.0,0.0,42.4590722930481,B,internal,15,segment_types
F35,1bks,267,13,213,248,36,31,441,472,0.0656779661016949,6.818172422975852,74.46717307541716,A,internal,15,segment_types
F35,1bks,267,14,249,266,18,0,203,203,0.0,0.0,31.268729798077903,B,terminal,15,segment_types
F37,1rei,107,0,0,18,19,1,207,208,0.0048076923076923,-0.3440750738620085,11.52308845190064,A,terminal,8,segment_types
F37,1rei,107,1,19,30,12,0,169,169,0.0,0.0,27.145681219748948,B,internal,8,segment_types
F37,1rei,107,2,31,43,13,1,153,154,0.0064935064935064,-4.5845797501190905e-05,19.594844753549697,A,internal,8,segment_types
F37,1rei,107,3,44,56,13,6,107,113,0.0530973451327433,-0.0959128139387171,19.781774758034885,A,internal,8,segment_types
F37,1rei,107,4,57,70,14,0,149,149,0.0,0.0,14.330270274563985,B,internal,8,segment_types
F37,1rei,107,5,71,82,12,0,143,143,0.0,0.0,31.004338157931038,B,internal,8,segment_types
F37,1rei,107,6,83,92,10,0,173,173,0.0,0.0,18.66607279315641,B,internal,8,segment_types
F37,1rei,107,7,93,106,14,0,173,173,0.0,0.0,21.00422669786637,B,terminal,8,segment_types
F38,1ubq,76,0,0,18,19,21,136,157,0.1337579617834395,16.646833830182313,28.997685905773825,A,terminal,5,segment_types
F38,1ubq,76,1,19,34,16,0,122,122,0.0,0.0,12.606117127705902,B,internal,5,segment_types
F38,1ubq,76,2,35,49,15,0,134,134,0.0,0.0,30.73145798302169,B,internal,5,segment_types
F38,1ubq,76,3,50,62,13,0,102,102,0.0,0.0,11.651186907371631,B,internal,5,segment_types
F38,1ubq,76,4,63,75,13,0,128,128,0.0,0.0,34.549076223423334,B,terminal,5,segment_types
R_1AE9,1ae9,179,0,0,11,12,0,140,140,0.0,0.0,18.82352088908325,B,terminal,9,segment_types
R_1AE9,1ae9,179,1,12,31,20,10,269,279,0.03584229390681,5.098488405315487,100.9757579236523,A,internal,9,segment_types
R_1AE9,1ae9,179,2,32,55,24,22,262,284,0.0774647887323943,2.8851737006171088,66.02754846437414,A,internal,9,segment_types
R_1AE9,1ae9,179,3,56,83,28,19,285,304,0.0625,0.6312618414222934,80.8798319557272,A,internal,9,segment_types
R_1AE9,1ae9,179,4,84,101,18,10,124,134,0.0746268656716417,1.509756239830612,47.92366713042422,A,internal,9,segment_types
R_1AE9,1ae9,179,5,102,115,14,0,146,146,0.0,0.0,45.54099002980919,B,internal,9,segment_types
R_1AE9,1ae9,179,6,116,153,38,23,310,333,0.069069069069069,1.7676262119790236,54.5882992657776,A,internal,9,segment_types
R_1AE9,1ae9,179,7,154,163,10,0,65,65,0.0,0.0,2.933594755116626,B,internal,9,segment_types
R_1AE9,1ae9,179,8,164,178,15,6,109,115,0.0521739130434782,-2.7753392592755626,11.57047915149485,A,terminal,9,segment_types
R_2IRP,2irp,206,0,0,13,14,0,96,96,0.0,0.0,6.5613099008329865,B,terminal,11,segment_types
R_2IRP,2irp,206,1,14,23,10,0,117,117,0.0,0.0,28.238016316807112,B,internal,11,segment_types
R_2IRP,2irp,206,2,24,51,28,35,375,410,0.0853658536585365,0.1379877238257725,55.34848300597173,A,internal,11,segment_types
R_2IRP,2irp,206,3,52,99,48,66,489,555,0.1189189189189189,2.771495077207317,88.45232452144484,A,internal,11,segment_types
R_2IRP,2irp,206,4,100,113,14,0,140,140,0.0,0.0,15.697303121742287,B,internal,11,segment_types
R_2IRP,2irp,206,5,114,135,22,20,145,165,0.1212121212121212,0.2510839724570341,38.79364183750149,A,internal,11,segment_types
R_2IRP,2irp,206,6,136,155,20,9,187,196,0.0459183673469387,-0.4804034643161528,63.8286666324993,A,internal,11,segment_types
R_2IRP,2irp,206,7,156,167,12,1,135,136,0.0073529411764705,1.1511803253259278,19.87830762646083,A,internal,11,segment_types
R_2IRP,2irp,206,8,168,181,14,0,251,251,0.0,0.0,49.32105776878346,B,internal,11,segment_types
R_2IRP,2irp,206,9,182,191,10,0,138,138,0.0,0.0,39.8410765163416,B,internal,11,segment_types
R_2IRP,2irp,206,10,192,205,14,0,101,101,0.0,0.0,29.56567445575022,B,terminal,11,segment_types
R_2VQ2,2vq2,220,0,0,17,18,0,143,143,0.0,0.0,11.366821235044148,B,terminal,15,segment_types
R_2VQ2,2vq2,220,1,18,31,14,0,113,113,0.0,0.0,23.13590816833057,B,internal,15,segment_types
R_2VQ2,2vq2,220,2,32,41,10,0,119,119,0.0,0.0,0.699282265047695,B,internal,15,segment_types
R_2VQ2,2vq2,220,3,42,55,14,0,137,137,0.0,0.0,25.431040836429293,B,internal,15,segment_types
R_2VQ2,2vq2,220,4,56,69,14,0,128,128,0.0,0.0,16.852746628709603,B,internal,15,segment_types
R_2VQ2,2vq2,220,5,70,79,10,0,139,139,0.0,0.0,6.711530461253735,B,internal,15,segment_types
R_2VQ2,2vq2,220,6,80,91,12,0,100,100,0.0,0.0,15.506267682065236,B,internal,15,segment_types
R_2VQ2,2vq2,220,7,92,101,10,0,122,122,0.0,0.0,18.62723202076209,B,internal,15,segment_types
R_2VQ2,2vq2,220,8,102,115,14,0,154,154,0.0,0.0,11.055832401161512,B,internal,15,segment_types
R_2VQ2,2vq2,220,9,116,137,22,22,191,213,0.1032863849765258,7.292592455571997,24.02006725712405,A,internal,15,segment_types
R_2VQ2,2vq2,220,10,138,147,10,0,94,94,0.0,0.0,8.176067756340375,B,internal,15,segment_types
R_2VQ2,2vq2,220,11,148,167,20,25,169,194,0.1288659793814432,9.14174408372983,21.026414333507944,A,internal,15,segment_types
R_2VQ2,2vq2,220,12,168,185,18,7,162,169,0.0414201183431952,1.8406895677066373,18.6636906131316,A,internal,15,segment_types
R_2VQ2,2vq2,220,13,186,209,24,10,140,150,0.0666666666666666,0.5910336987199426,25.880083785333053,A,internal,15,segment_types
R_2VQ2,2vq2,220,14,210,219,10,0,61,61,0.0,0.0,8.313515078560634,B,terminal,15,segment_types
R_2XOV,2xov,181,0,0,11,12,0,103,103,0.0,0.0,17.78217955956041,B,terminal,10,segment_types
R_2XOV,2xov,181,1,12,21,10,0,75,75,0.0,0.0,42.420880002833634,B,internal,10,segment_types
R_2XOV,2xov,181,2,22,53,32,50,156,206,0.2427184466019417,18.076259854193097,43.58391171917754,A,internal,10,segment_types
R_2XOV,2xov,181,3,54,87,34,18,362,380,0.0473684210526315,7.663952568685574,105.33791113196376,A,internal,10,segment_types
R_2XOV,2xov,181,4,88,101,14,0,183,183,0.0,0.0,25.039468883510583,B,internal,10,segment_types
R_2XOV,2xov,181,5,102,111,10,0,181,181,0.0,0.0,31.685813592675025,B,internal,10,segment_types
R_2XOV,2xov,181,6,112,129,18,0,289,289,0.0,0.0,94.66680373857892,B,internal,10,segment_types
R_2XOV,2xov,181,7,130,145,16,0,102,102,0.0,0.0,42.0754842052211,B,internal,10,segment_types
R_2XOV,2xov,181,8,146,155,10,0,40,40,0.0,0.0,11.293803783708915,B,internal,10,segment_types
R_2XOV,2xov,181,9,156,180,25,0,327,327,0.0,0.0,57.81480560382788,B,terminal,10,segment_types
R_3BQP,3bqp,80,0,0,11,12,0,155,155,0.0,0.0,64.63240660698145,B,terminal,6,segment_types
R_3BQP,3bqp,80,1,12,23,12,0,78,78,0.0,0.0,19.13325618597572,B,internal,6,segment_types
R_3BQP,3bqp,80,2,24,35,12,0,93,93,0.0,0.0,39.014474474584624,B,internal,6,segment_types
R_3BQP,3bqp,80,3,36,55,20,4,112,116,0.0344827586206896,2.179073306534632,35.31957535386293,A,internal,6,segment_types
R_3BQP,3bqp,80,4,56,65,10,0,95,95,0.0,0.0,44.47705757836899,B,internal,6,segment_types
R_3BQP,3bqp,80,5,66,79,14,2,127,129,0.0155038759689922,1.6845054630574183,41.323492378447455,A,terminal,6,segment_types
R_3DQY,3dqy,106,0,0,10,11,0,120,120,0.0,0.0,26.081341865144054,B,terminal,5,segment_types
R_3DQY,3dqy,106,1,11,47,37,81,326,407,0.199017199017199,-0.4236634335318703,90.8651976809096,A,internal,5,segment_types
R_3DQY,3dqy,106,2,48,58,11,1,135,136,0.0073529411764705,4.066405698721519,30.08295903211262,A,internal,5,segment_types
R_3DQY,3dqy,106,3,59,82,24,36,190,226,0.1592920353982301,4.117530344276764,36.09411250234673,A,internal,5,segment_types
R_3DQY,3dqy,106,4,83,105,23,37,223,260,0.1423076923076923,-6.452367881058027,56.91773232972794,A,terminal,5,segment_types
R_4L57,4l57,192,0,0,17,18,0,329,329,0.0,0.0,91.8821936466206,B,terminal,11,segment_types
R_4L57,4l57,192,1,18,31,14,4,95,99,0.0404040404040404,0.1812762762385414,26.23241330224297,A,internal,11,segment_types
R_4L57,4l57,192,2,32,41,10,0,87,87,0.0,0.0,13.154289808358577,B,internal,11,segment_types
R_4L57,4l57,192,3,42,73,32,26,234,260,0.1,3.036209651569444,47.34413115560563,A,internal,11,segment_types
R_4L57,4l57,192,4,74,85,12,0,97,97,0.0,0.0,32.76929494506428,B,internal,11,segment_types
R_4L57,4l57,192,5,86,97,12,0,178,178,0.0,0.0,54.73908026947041,B,internal,11,segment_types
R_4L57,4l57,192,6,98,115,18,1,143,144,0.0069444444444444,-0.006970004336407,20.03026097070723,A,internal,11,segment_types
R_4L57,4l57,192,7,116,133,18,0,164,164,0.0,0.0,38.60432238653338,B,internal,11,segment_types
R_4L57,4l57,192,8,134,149,16,1,223,224,0.0044642857142857,-0.1796718401836353,15.933040636495557,A,internal,11,segment_types
R_4L57,4l57,192,9,150,173,24,8,227,235,0.0340425531914893,3.338012673826788,30.19666345074465,A,internal,11,segment_types
R_4L57,4l57,192,10,174,191,18,5,139,144,0.0347222222222222,3.786545436482183,35.26173136152097,A,terminal,11,segment_types
R_4LXR,4lxr,106,0,0,28,29,1,142,143,0.0069930069930069,5.863938298351238e-06,30.157356074994716,A,terminal,5,segment_types
R_4LXR,4lxr,106,1,29,47,19,0,149,149,0.0,0.0,11.638583842612103,B,internal,5,segment_types
R_4LXR,4lxr,106,2,48,63,16,14,98,112,0.125,2.6581254088656303,24.56370891636525,A,internal,5,segment_types
R_4LXR,4lxr,106,3,64,94,31,48,93,141,0.3404255319148936,-4.153879864994324,8.989290190755325,A,internal,5,segment_types
R_4LXR,4lxr,106,4,95,105,11,0,82,82,0.0,0.0,9.561138306146065,B,terminal,5,segment_types
R_5FAI,5fai,209,0,0,9,10,0,142,142,0.0,0.0,42.93858167040546,B,terminal,15,segment_types
R_5FAI,5fai,209,1,10,25,16,0,238,238,0.0,0.0,54.04259261173996,B,internal,15,segment_types
R_5FAI,5fai,209,2,26,47,22,33,109,142,0.2323943661971831,-6.805481366295998,12.962913188165617,A,internal,15,segment_types
R_5FAI,5fai,209,3,48,57,10,0,169,169,0.0,0.0,16.435433727868293,B,internal,15,segment_types
R_5FAI,5fai,209,4,58,67,10,0,129,129,0.0,0.0,34.96467421003609,B,internal,15,segment_types
R_5FAI,5fai,209,5,68,99,32,19,372,391,0.0485933503836317,4.682978210475754,99.48025008850423,A,internal,15,segment_types
R_5FAI,5fai,209,6,100,109,10,0,97,97,0.0,0.0,47.11000111167224,B,internal,15,segment_types
R_5FAI,5fai,209,7,110,119,10,0,39,39,0.0,0.0,2.742544327824238,B,internal,15,segment_types
R_5FAI,5fai,209,8,120,129,10,0,104,104,0.0,0.0,37.682998074692726,B,internal,15,segment_types
R_5FAI,5fai,209,9,130,145,16,0,195,195,0.0,0.0,27.36454320419989,B,internal,15,segment_types
R_5FAI,5fai,209,10,146,155,10,0,93,93,0.0,0.0,26.96109494105353,B,internal,15,segment_types
R_5FAI,5fai,209,11,156,169,14,0,248,248,0.0,0.0,68.95621008021006,B,internal,15,segment_types
R_5FAI,5fai,209,12,170,179,10,0,94,94,0.0,0.0,3.4143890223484625,B,internal,15,segment_types
R_5FAI,5fai,209,13,180,193,14,2,145,147,0.0136054421768707,0.4397518266246479,35.829872795789136,A,internal,15,segment_types
R_5FAI,5fai,209,14,194,208,15,0,178,178,0.0,0.0,55.76159264081597,B,terminal,15,segment_types
R_5HTL,5htl,141,0,0,15,16,1,108,109,0.0091743119266055,0.1862720321143385,39.67617157461658,A,terminal,10,segment_types
R_5HTL,5htl,141,1,16,25,10,0,57,57,0.0,0.0,18.291613598507087,B,internal,10,segment_types
R_5HTL,5htl,141,2,26,41,16,9,78,87,0.1034482758620689,0.5141719032302867,30.575953968043283,A,internal,10,segment_types
R_5HTL,5htl,141,3,42,65,24,4,208,212,0.0188679245283018,1.3785315806625027,65.35443160018463,A,internal,10,segment_types
R_5HTL,5htl,141,4,66,75,10,0,76,76,0.0,0.0,21.126388410588497,B,internal,10,segment_types
R_5HTL,5htl,141,5,76,85,10,0,82,82,0.0,0.0,28.65807226092156,B,internal,10,segment_types
R_5HTL,5htl,141,6,86,95,10,0,147,147,0.0,0.0,52.032738948482695,B,internal,10,segment_types
R_5HTL,5htl,141,7,96,105,10,0,164,164,0.0,0.0,55.498798582962166,B,internal,10,segment_types
R_5HTL,5htl,141,8,106,128,23,4,200,204,0.0196078431372549,2.525723885675116,68.61846670408639,A,internal,10,segment_types
R_5HTL,5htl,141,9,129,140,12,0,104,104,0.0,0.0,13.861398758890186,B,terminal,10,segment_types
R_5LP9,5lp9,160,0,0,27,28,8,344,352,0.0227272727272727,0.1610611458222899,56.93738937761686,A,terminal,9,segment_types
R_5LP9,5lp9,160,1,28,49,22,8,253,261,0.0306513409961685,0.1757559374226618,41.12760042559027,A,internal,9,segment_types
R_5LP9,5lp9,160,2,50,67,18,0,240,240,0.0,0.0,42.66861999875103,B,internal,9,segment_types
R_5LP9,5lp9,160,3,68,79,12,0,197,197,0.0,0.0,53.980367711148965,B,internal,9,segment_types
R_5LP9,5lp9,160,4,80,89,10,0,122,122,0.0,0.0,26.538636026505483,B,internal,9,segment_types
R_5LP9,5lp9,160,5,90,101,12,0,180,180,0.0,0.0,35.687159244496485,B,internal,9,segment_types
R_5LP9,5lp9,160,6,102,133,32,51,314,365,0.1397260273972602,1.2647091630416107,59.467859802088846,A,internal,9,segment_types
R_5LP9,5lp9,160,7,134,143,10,0,191,191,0.0,0.0,36.8180134924923,B,internal,9,segment_types
R_5LP9,5lp9,160,8,144,159,16,0,311,311,0.0,0.0,46.33971956084245,B,terminal,9,segment_types
R_5UFN,5ufn,225,0,0,11,12,2,121,123,0.016260162601626,0.0004270447104628,13.203374772022997,A,terminal,16,segment_types
R_5UFN,5ufn,225,1,12,25,14,0,83,83,0.0,0.0,10.67645188595154,B,internal,16,segment_types
R_5UFN,5ufn,225,2,26,39,14,0,89,89,0.0,0.0,13.665700261637914,B,internal,16,segment_types
R_5UFN,5ufn,225,3,40,51,12,0,112,112,0.0,0.0,-1.762579386958968,B,internal,16,segment_types
R_5UFN,5ufn,225,4,52,63,12,0,148,148,0.0,0.0,13.051679188332068,B,internal,16,segment_types
R_5UFN,5ufn,225,5,64,73,10,0,217,217,0.0,0.0,34.34964244831012,B,internal,16,segment_types
R_5UFN,5ufn,225,6,74,91,18,12,256,268,0.044776119402985,-0.0411422921860755,37.49849040752948,A,internal,16,segment_types
R_5UFN,5ufn,225,7,92,103,12,0,104,104,0.0,0.0,17.24248694364038,B,internal,16,segment_types
R_5UFN,5ufn,225,8,104,125,22,1,215,216,0.0046296296296296,-4.341694332881666e-06,49.55049622690086,A,internal,16,segment_types
R_5UFN,5ufn,225,9,126,137,12,0,258,258,0.0,0.0,34.3545623304934,B,internal,16,segment_types
R_5UFN,5ufn,225,10,138,149,12,0,123,123,0.0,0.0,31.06432335941753,B,internal,16,segment_types
R_5UFN,5ufn,225,11,150,165,16,0,296,296,0.0,0.0,67.52180133232868,B,internal,16,segment_types
R_5UFN,5ufn,225,12,166,183,18,15,205,220,0.0681818181818181,-4.570476017153449,18.62525385893841,A,internal,16,segment_types
R_5UFN,5ufn,225,13,184,197,14,0,142,142,0.0,0.0,30.571884847896516,B,internal,16,segment_types
R_5UFN,5ufn,225,14,198,211,14,0,155,155,0.0,0.0,10.09603250930796,B,internal,16,segment_types
R_5UFN,5ufn,225,15,212,224,13,0,218,218,0.0,0.0,32.118241906304945,B,terminal,16,segment_types
R_6R2W,6r2w,210,0,0,17,18,0,202,202,0.0,0.0,6.11499205125256,B,terminal,12,segment_types
R_6R2W,6r2w,210,1,18,33,16,1,244,245,0.0040816326530612,0.0017864431643485,33.32537758050753,A,internal,12,segment_types
R_6R2W,6r2w,210,2,34,57,24,30,206,236,0.1271186440677966,-0.4427422886999081,29.834150072365134,A,internal,12,segment_types
R_6R2W,6r2w,210,3,58,79,22,5,330,335,0.0149253731343283,2.8116828696041853,57.3468294812167,A,internal,12,segment_types
R_6R2W,6r2w,210,4,80,91,12,0,43,43,0.0,0.0,3.8402103298954486,B,internal,12,segment_types
R_6R2W,6r2w,210,5,92,101,10,0,142,142,0.0,0.0,11.00968509749507,B,internal,12,segment_types
R_6R2W,6r2w,210,6,102,113,12,0,194,194,0.0,0.0,14.879144675559518,B,internal,12,segment_types
R_6R2W,6r2w,210,7,114,129,16,6,168,174,0.0344827586206896,0.0605054668767192,30.945545996750013,A,internal,12,segment_types
R_6R2W,6r2w,210,8,130,155,26,20,246,266,0.075187969924812,3.262389479331009,44.73951682663772,A,internal,12,segment_types
R_6R2W,6r2w,210,9,156,171,16,2,112,114,0.0175438596491228,0.5410276588357762,7.5944218332599505,A,internal,12,segment_types
R_6R2W,6r2w,210,10,172,185,14,0,152,152,0.0,0.0,30.150323923905265,B,internal,12,segment_types
R_6R2W,6r2w,210,11,186,209,24,34,233,267,0.1273408239700374,-2.5014928405442824,49.690228843059046,A,terminal,12,segment_types
R_6WPG,6wpg,119,0,0,16,17,0,15,15,0.0,0.0,4.548728066824618,B,terminal,7,segment_types
R_6WPG,6wpg,119,1,17,33,17,0,96,96,0.0,0.0,9.681196155018403,B,internal,7,segment_types
R_6WPG,6wpg,119,2,34,60,27,5,165,170,0.0294117647058823,1.3415363948758043,57.03467383144963,A,internal,7,segment_types
R_6WPG,6wpg,119,3,61,71,11,0,129,129,0.0,0.0,25.467006169959,B,internal,7,segment_types
R_6WPG,6wpg,119,4,72,95,24,14,137,151,0.0927152317880794,1.2717705195964872,36.14404287011762,A,internal,7,segment_types
R_6WPG,6wpg,119,5,96,105,10,0,89,89,0.0,0.0,12.913752650414574,B,internal,7,segment_types
R_6WPG,6wpg,119,6,106,118,13,0,95,95,0.0,0.0,22.994795669166084,B,terminal,7,segment_types
R_6ZPP,6zpp,161,0,0,11,12,0,117,117,0.0,0.0,36.99190118591832,B,terminal,8,segment_types
R_6ZPP,6zpp,161,1,12,41,30,42,189,231,0.1818181818181818,5.74386564119378,48.295590964776274,A,internal,8,segment_types
R_6ZPP,6zpp,161,2,42,73,32,5,299,304,0.0164473684210526,2.878284672550248,87.72897683445998,A,internal,8,segment_types
R_6ZPP,6zpp,161,3,74,101,28,3,249,252,0.0119047619047619,1.299267917987539,68.03115974360855,A,internal,8,segment_types
R_6ZPP,6zpp,161,4,102,111,10,0,118,118,0.0,0.0,23.9039285468947,B,internal,8,segment_types
R_6ZPP,6zpp,161,5,112,139,28,38,186,224,0.1696428571428571,3.035498215304424,57.38442175694298,A,internal,8,segment_types
R_6ZPP,6zpp,161,6,140,149,10,0,89,89,0.0,0.0,12.499052797359887,B,internal,8,segment_types
R_6ZPP,6zpp,161,7,150,160,11,0,89,89,0.0,0.0,20.972126382062736,B,terminal,8,segment_types
R_8Q29,8q29,242,0,0,13,14,0,163,163,0.0,0.0,11.508656265515466,B,terminal,13,segment_types
R_8Q29,8q29,242,1,14,35,22,19,191,210,0.0904761904761904,-1.5549411385378582,17.847991159809357,A,internal,13,segment_types
R_8Q29,8q29,242,2,36,47,12,0,155,155,0.0,0.0,21.24479641534283,B,internal,13,segment_types
R_8Q29,8q29,242,3,48,57,10,0,163,163,0.0,0.0,34.83486051446183,B,internal,13,segment_types
R_8Q29,8q29,242,4,58,71,14,0,259,259,0.0,0.0,34.4841694499731,B,internal,13,segment_types
R_8Q29,8q29,242,5,72,97,26,0,465,465,0.0,0.0,70.5823289806038,B,internal,13,segment_types
R_8Q29,8q29,242,6,98,115,18,17,283,300,0.0566666666666666,1.2490346596869952,55.91055176062917,A,internal,13,segment_types
R_8Q29,8q29,242,7,116,161,46,83,596,679,0.1222385861561119,2.3843440366179616,56.473847552531815,A,internal,13,segment_types
R_8Q29,8q29,242,8,162,199,38,64,286,350,0.1828571428571428,3.05879867139883,25.89311636726121,A,internal,13,segment_types
R_8Q29,8q29,242,9,200,209,10,0,244,244,0.0,0.0,62.77110262049835,B,internal,13,segment_types
R_8Q29,8q29,242,10,210,219,10,0,160,160,0.0,0.0,9.02008235994453,B,internal,13,segment_types
R_8Q29,8q29,242,11,220,229,10,0,215,215,0.0,0.0,26.910739612697743,B,internal,13,segment_types
R_8Q29,8q29,242,12,230,241,12,0,90,90,0.0,0.0,8.116215312604288,B,terminal,13,segment_types
R_8RM6,8rm6,73,0,0,11,12,2,118,120,0.0166666666666666,-0.2194410580558224,40.562095125135,A,terminal,4,segment_types
R_8RM6,8rm6,73,1,12,30,19,15,153,168,0.0892857142857142,3.6788582920931336,51.232644144854746,A,internal,4,segment_types
R_8RM6,8rm6,73,2,31,54,24,3,116,119,0.0252100840336134,0.5179193822485075,24.943028800722967,A,internal,4,segment_types
R_8RM6,8rm6,73,3,55,72,18,0,177,177,0.0,0.0,48.46062476648808,B,terminal,4,segment_types
R_9AVF,9avf,33,0,0,19,20,28,35,63,0.4444444444444444,3.5872522726096667,9.370820782578187,A,terminal,2,segment_types
R_9AVF,9avf,33,1,20,32,13,0,35,35,0.0,0.0,9.370820782578187,B,terminal,2,segment_types
apomyoglobin,1mbd,153,0,0,35,36,3,359,362,0.0082872928176795,0.5617165111546353,83.61198927323153,A,terminal,8,segment_types
apomyoglobin,1mbd,153,1,36,49,14,3,58,61,0.0491803278688524,-0.2459380992388739,18.070231275796992,A,internal,8,segment_types
apomyoglobin,1mbd,153,2,50,61,12,0,60,60,0.0,0.0,11.367345358322416,B,internal,8,segment_types
apomyoglobin,1mbd,153,3,62,73,12,0,109,109,0.0,0.0,29.898006912511025,B,internal,8,segment_types
apomyoglobin,1mbd,153,4,74,83,10,0,68,68,0.0,0.0,18.014387320957617,B,internal,8,segment_types
apomyoglobin,1mbd,153,5,84,129,46,17,331,348,0.0488505747126436,4.151073917084072,74.9798255308427,A,internal,8,segment_types
apomyoglobin,1mbd,153,6,130,141,12,0,135,135,0.0,0.0,50.31037075908368,B,internal,8,segment_types
apomyoglobin,1mbd,153,7,142,152,11,1,64,65,0.0153846153846153,0.1955595692548766,6.388733739069205,A,terminal,8,segment_types
barnase,1bnr,110,0,0,12,13,1,124,125,0.008,2.4552748943912244,21.765210235846297,A,terminal,6,segment_types
barnase,1bnr,110,1,13,32,20,1,154,155,0.0064516129032258,0.0013222347066628,14.92580839668071,A,internal,6,segment_types
barnase,1bnr,110,2,33,49,17,8,104,112,0.0714285714285714,2.4032822005427388,3.011561901592476,A,internal,6,segment_types
barnase,1bnr,110,3,50,74,25,41,209,250,0.164,-8.648874166218418,12.98972739088303,A,internal,6,segment_types
barnase,1bnr,110,4,75,98,24,20,279,299,0.0668896321070234,0.373923826508023,35.821740166376074,A,internal,6,segment_types
barnase,1bnr,110,5,99,109,11,0,112,112,0.0,0.0,9.316684757349613,B,terminal,6,segment_types
Im7,1ayi,86,0,0,22,23,16,161,177,,,,A,,6,scan_result
Im7,1ayi,86,1,23,37,15,8,37,45,,,,A,,6,scan_result
Im7,1ayi,86,2,38,47,10,0,79,79,,,,B,,6,scan_result
Im7,1ayi,86,3,48,58,11,0,53,53,,,,B,,6,scan_result
Im7,1ayi,86,4,59,75,17,3,102,105,,,,A,,6,scan_result
Im7,1ayi,86,5,76,85,10,0,58,58,,,,B,,6,scan_result
R_1Q87,1q87,199,0,0,13,14,2,102,104,,,,A,,13,scan_result
R_1Q87,1q87,199,1,14,23,10,0,86,86,,,,B,,13,scan_result
R_1Q87,1q87,199,2,24,39,16,6,106,112,,,,A,,13,scan_result
R_1Q87,1q87,199,3,40,55,16,5,94,99,,,,A,,13,scan_result
R_1Q87,1q87,199,4,56,65,10,0,113,113,,,,B,,13,scan_result
R_1Q87,1q87,199,5,66,87,22,2,281,283,,,,A,,13,scan_result
R_1Q87,1q87,199,6,88,101,14,0,140,140,,,,B,,13,scan_result
R_1Q87,1q87,199,7,102,111,10,0,85,85,,,,B,,13,scan_result
R_1Q87,1q87,199,8,112,129,18,6,104,110,,,,A,,13,scan_result
R_1Q87,1q87,199,9,130,141,12,0,164,164,,,,B,,13,scan_result
R_1Q87,1q87,199,10,142,153,12,0,171,171,,,,B,,13,scan_result
R_1Q87,1q87,199,11,154,185,32,37,197,234,,,,A,,13,scan_result
R_1Q87,1q87,199,12,186,198,13,0,1,1,,,,B,,13,scan_result
R_1VJG,1vjg,201,0,0,17,18,0,310,310,,,,B,,12,scan_result
R_1VJG,1vjg,201,1,18,29,12,0,154,154,,,,B,,12,scan_result
R_1VJG,1vjg,201,2,30,39,10,0,65,65,,,,B,,12,scan_result
R_1VJG,1vjg,201,3,40,49,10,0,148,148,,,,B,,12,scan_result
R_1VJG,1vjg,201,4,50,61,12,0,148,148,,,,B,,12,scan_result
R_1VJG,1vjg,201,5,62,71,10,0,70,70,,,,B,,12,scan_result
R_1VJG,1vjg,201,6,72,81,10,0,236,236,,,,B,,12,scan_result
R_1VJG,1vjg,201,7,82,129,48,36,473,509,,,,A,,12,scan_result
R_1VJG,1vjg,201,8,130,155,26,12,220,232,,,,A,,12,scan_result
R_1VJG,1vjg,201,9,156,167,12,1,111,112,,,,A,,12,scan_result
R_1VJG,1vjg,201,10,168,185,18,13,151,164,,,,A,,12,scan_result
R_1VJG,1vjg,201,11,186,200,15,1,142,143,,,,A,,12,scan_result
R_2IDL,2idl,113,0,0,15,16,0,191,191,,,,B,,7,scan_result
R_2IDL,2idl,113,1,16,26,11,0,156,156,,,,B,,7,scan_result
R_2IDL,2idl,113,2,27,50,24,0,183,183,,,,B,,7,scan_result
R_2IDL,2idl,113,3,51,61,11,0,90,90,,,,B,,7,scan_result
R_2IDL,2idl,113,4,62,84,23,4,172,176,,,,A,,7,scan_result
R_2IDL,2idl,113,5,85,96,12,0,128,128,,,,B,,7,scan_result
R_2IDL,2idl,113,6,97,112,16,3,130,133,,,,A,,7,scan_result
R_2OEZ,2oez,245,0,0,17,18,3,177,180,,,,A,,16,scan_result
R_2OEZ,2oez,245,1,18,27,10,0,112,112,,,,B,,16,scan_result
R_2OEZ,2oez,245,2,28,49,22,17,191,208,,,,A,,16,scan_result
R_2OEZ,2oez,245,3,50,61,12,0,107,107,,,,B,,16,scan_result
R_2OEZ,2oez,245,4,62,83,22,0,115,115,,,,B,,16,scan_result
R_2OEZ,2oez,245,5,84,93,10,0,53,53,,,,B,,16,scan_result
R_2OEZ,2oez,245,6,94,103,10,0,95,95,,,,B,,16,scan_result
R_2OEZ,2oez,245,7,104,115,12,0,92,92,,,,B,,16,scan_result
R_2OEZ,2oez,245,8,116,129,14,0,79,79,,,,B,,16,scan_result
R_2OEZ,2oez,245,9,130,167,38,5,271,276,,,,A,,16,scan_result
R_2OEZ,2oez,245,10,168,183,16,0,157,157,,,,B,,16,scan_result
R_2OEZ,2oez,245,11,184,201,18,3,222,225,,,,A,,16,scan_result
R_2OEZ,2oez,245,12,202,211,10,0,122,122,,,,B,,16,scan_result
R_2OEZ,2oez,245,13,212,223,12,3,106,109,,,,A,,16,scan_result
R_2OEZ,2oez,245,14,224,233,10,0,73,73,,,,B,,16,scan_result
R_2OEZ,2oez,245,15,234,244,11,0,182,182,,,,B,,16,scan_result
R_2OGG,2ogg,144,0,0,16,17,0,169,169,,,,B,,7,scan_result
R_2OGG,2ogg,144,1,17,45,29,11,313,324,,,,A,,7,scan_result
R_2OGG,2ogg,144,2,46,56,11,0,165,165,,,,B,,7,scan_result
R_2OGG,2ogg,144,3,57,83,27,7,161,168,,,,A,,7,scan_result
R_2OGG,2ogg,144,4,84,96,13,0,89,89,,,,B,,7,scan_result
R_2OGG,2ogg,144,5,97,131,35,61,324,385,,,,A,,7,scan_result
R_2OGG,2ogg,144,6,132,143,12,0,27,27,,,,B,,7,scan_result
R_2OXL,2oxl,62,0,0,14,15,0,94,94,,,,B,,4,scan_result
R_2OXL,2oxl,62,1,15,40,26,15,102,117,,,,A,,4,scan_result
R_2OXL,2oxl,62,2,41,50,10,0,51,51,,,,B,,4,scan_result
R_2OXL,2oxl,62,3,51,61,11,0,71,71,,,,B,,4,scan_result
R_2P2E,2p2e,119,0,0,9,10,0,126,126,,,,B,,9,scan_result
R_2P2E,2p2e,119,1,10,21,12,0,73,73,,,,B,,9,scan_result
R_2P2E,2p2e,119,2,22,40,19,7,220,227,,,,A,,9,scan_result
R_2P2E,2p2e,119,3,41,51,11,0,156,156,,,,B,,9,scan_result
R_2P2E,2p2e,119,4,52,62,11,0,97,97,,,,B,,9,scan_result
R_2P2E,2p2e,119,5,63,75,13,4,153,157,,,,A,,9,scan_result
R_2P2E,2p2e,119,6,76,86,11,0,114,114,,,,B,,9,scan_result
R_2P2E,2p2e,119,7,87,104,18,12,151,163,,,,A,,9,scan_result
R_2P2E,2p2e,119,8,105,118,14,0,164,164,,,,B,,9,scan_result
R_3F7X,3f7x,133,0,0,9,10,0,92,92,,,,B,,9,scan_result
R_3F7X,3f7x,133,1,10,21,12,1,77,78,,,,A,,9,scan_result
R_3F7X,3f7x,133,2,22,42,21,14,177,191,,,,A,,9,scan_result
R_3F7X,3f7x,133,3,43,55,13,0,88,88,,,,B,,9,scan_result
R_3F7X,3f7x,133,4,56,66,11,0,139,139,,,,B,,9,scan_result
R_3F7X,3f7x,133,5,67,82,16,2,178,180,,,,A,,9,scan_result
R_3F7X,3f7x,133,6,83,104,22,24,151,175,,,,A,,9,scan_result
R_3F7X,3f7x,133,7,105,116,12,0,170,170,,,,B,,9,scan_result
R_3F7X,3f7x,133,8,117,132,16,0,160,160,,,,B,,9,scan_result
R_3G2E,3g2e,186,0,0,35,36,12,263,275,,,,A,,10,scan_result
R_3G2E,3g2e,186,1,36,45,10,0,30,30,,,,B,,10,scan_result
R_3G2E,3g2e,186,2,46,63,18,5,180,185,,,,A,,10,scan_result
R_3G2E,3g2e,186,3,64,73,10,0,145,145,,,,B,,10,scan_result
R_3G2E,3g2e,186,4,74,97,24,22,265,287,,,,A,,10,scan_result
R_3G2E,3g2e,186,5,98,115,18,9,178,187,,,,A,,10,scan_result
R_3G2E,3g2e,186,6,116,133,18,16,187,203,,,,A,,10,scan_result
R_3G2E,3g2e,186,7,134,145,12,0,222,222,,,,B,,10,scan_result
R_3G2E,3g2e,186,8,146,169,24,7,150,157,,,,A,,10,scan_result
R_3G2E,3g2e,186,9,170,185,16,0,192,192,,,,B,,10,scan_result
R_3H6I,3h6i,221,0,0,9,10,0,257,257,,,,B,,13,scan_result
R_3H6I,3h6i,221,1,10,45,36,70,529,599,,,,A,,13,scan_result
R_3H6I,3h6i,221,2,46,67,22,0,158,158,,,,B,,13,scan_result
R_3H6I,3h6i,221,3,68,87,20,0,146,146,,,,B,,13,scan_result
R_3H6I,3h6i,221,4,88,97,10,0,66,66,,,,B,,13,scan_result
R_3H6I,3h6i,221,5,98,113,16,0,274,274,,,,B,,13,scan_result
R_3H6I,3h6i,221,6,114,123,10,0,162,162,,,,B,,13,scan_result
R_3H6I,3h6i,221,7,124,139,16,0,220,220,,,,B,,13,scan_result
R_3H6I,3h6i,221,8,140,153,14,0,147,147,,,,B,,13,scan_result
R_3H6I,3h6i,221,9,154,181,28,11,379,390,,,,A,,13,scan_result
R_3H6I,3h6i,221,10,182,193,12,0,170,170,,,,B,,13,scan_result
R_3H6I,3h6i,221,11,194,207,14,2,155,157,,,,A,,13,scan_result
R_3H6I,3h6i,221,12,208,220,13,0,95,95,,,,B,,13,scan_result
R_3K3S,3k3s,85,0,0,10,11,0,104,104,,,,B,,4,scan_result
R_3K3S,3k3s,85,1,11,43,33,81,207,288,,,,A,,4,scan_result
R_3K3S,3k3s,85,2,44,69,26,49,202,251,,,,A,,4,scan_result
R_3K3S,3k3s,85,3,70,84,15,0,169,169,,,,B,,4,scan_result
R_3KDF,3kdf,115,0,0,10,11,0,101,101,,,,B,,7,scan_result
R_3KDF,3kdf,115,1,11,45,35,56,349,405,,,,A,,7,scan_result
R_3KDF,3kdf,115,2,46,55,10,0,132,132,,,,B,,7,scan_result
R_3KDF,3kdf,115,3,56,67,12,0,131,131,,,,B,,7,scan_result
R_3KDF,3kdf,115,4,68,81,14,8,165,173,,,,A,,7,scan_result
R_3KDF,3kdf,115,5,82,94,13,0,74,74,,,,B,,7,scan_result
R_3KDF,3kdf,115,6,95,114,20,2,90,92,,,,A,,7,scan_result
R_3KE7,3ke7,132,0,0,20,21,22,130,152,,,,A,,9,scan_result
R_3KE7,3ke7,132,1,21,33,13,2,99,101,,,,A,,9,scan_result
R_3KE7,3ke7,132,2,34,44,11,0,143,143,,,,B,,9,scan_result
R_3KE7,3ke7,132,3,45,58,14,1,85,86,,,,A,,9,scan_result
R_3KE7,3ke7,132,4,59,75,17,0,138,138,,,,B,,9,scan_result
R_3KE7,3ke7,132,5,76,92,17,15,164,179,,,,A,,9,scan_result
R_3KE7,3ke7,132,6,93,103,11,1,78,79,,,,A,,9,scan_result
R_3KE7,3ke7,132,7,104,114,11,0,153,153,,,,B,,9,scan_result
R_3KE7,3ke7,132,8,115,131,17,0,196,196,,,,B,,9,scan_result
R_3LDT,3ldt,147,0,0,14,15,0,42,42,,,,B,,9,scan_result
R_3LDT,3ldt,147,1,15,24,10,0,90,90,,,,B,,9,scan_result
R_3LDT,3ldt,147,2,25,51,27,0,256,256,,,,B,,9,scan_result
R_3LDT,3ldt,147,3,52,64,13,0,141,141,,,,B,,9,scan_result
R_3LDT,3ldt,147,4,65,76,12,0,200,200,,,,B,,9,scan_result
R_3LDT,3ldt,147,5,77,106,30,16,224,240,,,,A,,9,scan_result
R_3LDT,3ldt,147,6,107,116,10,0,89,89,,,,B,,9,scan_result
R_3LDT,3ldt,147,7,117,135,19,3,130,133,,,,A,,9,scan_result
R_3LDT,3ldt,147,8,136,146,11,0,182,182,,,,B,,9,scan_result
R_3LFJ,3lfj,167,0,0,9,10,0,173,173,,,,B,,12,scan_result
R_3LFJ,3lfj,167,1,10,19,10,0,126,126,,,,B,,12,scan_result
R_3LFJ,3lfj,167,2,20,29,10,0,91,91,,,,B,,12,scan_result
R_3LFJ,3lfj,167,3,30,45,16,1,195,196,,,,A,,12,scan_result
R_3LFJ,3lfj,167,4,46,81,36,22,294,316,,,,A,,12,scan_result
R_3LFJ,3lfj,167,5,82,93,12,0,207,207,,,,B,,12,scan_result
R_3LFJ,3lfj,167,6,94,107,14,0,210,210,,,,B,,12,scan_result
R_3LFJ,3lfj,167,7,108,119,12,3,100,103,,,,A,,12,scan_result
R_3LFJ,3lfj,167,8,120,129,10,0,115,115,,,,B,,12,scan_result
R_3LFJ,3lfj,167,9,130,139,10,0,71,71,,,,B,,12,scan_result
R_3LFJ,3lfj,167,10,140,155,16,6,146,152,,,,A,,12,scan_result
R_3LFJ,3lfj,167,11,156,166,11,0,76,76,,,,B,,12,scan_result
R_3MMH,3mmh,167,0,0,9,10,0,45,45,,,,B,,9,scan_result
R_3MMH,3mmh,167,1,10,25,16,0,140,140,,,,B,,9,scan_result
R_3MMH,3mmh,167,2,26,37,12,1,94,95,,,,A,,9,scan_result
R_3MMH,3mmh,167,3,38,55,18,12,256,268,,,,A,,9,scan_result
R_3MMH,3mmh,167,4,56,85,30,54,250,304,,,,A,,9,scan_result
R_3MMH,3mmh,167,5,86,101,16,1,173,174,,,,A,,9,scan_result
R_3MMH,3mmh,167,6,102,145,44,89,464,553,,,,A,,9,scan_result
R_3MMH,3mmh,167,7,146,155,10,0,121,121,,,,B,,9,scan_result
R_3MMH,3mmh,167,8,156,166,11,0,79,79,,,,B,,9,scan_result
R_3TEE,3tee,213,0,0,17,18,0,139,139,,,,B,,14,scan_result
R_3TEE,3tee,213,1,18,31,14,0,133,133,,,,B,,14,scan_result
R_3TEE,3tee,213,2,32,43,12,0,117,117,,,,B,,14,scan_result
R_3TEE,3tee,213,3,44,61,18,0,166,166,,,,B,,14,scan_result
R_3TEE,3tee,213,4,62,71,10,0,151,151,,,,B,,14,scan_result
R_3TEE,3tee,213,5,72,81,10,0,161,161,,,,B,,14,scan_result
R_3TEE,3tee,213,6,82,99,18,2,187,189,,,,A,,14,scan_result
R_3TEE,3tee,213,7,100,117,18,0,194,194,,,,B,,14,scan_result
R_3TEE,3tee,213,8,118,129,12,1,149,150,,,,A,,14,scan_result
R_3TEE,3tee,213,9,130,141,12,0,169,169,,,,B,,14,scan_result
R_3TEE,3tee,213,10,142,169,28,43,242,285,,,,A,,14,scan_result
R_3TEE,3tee,213,11,170,185,16,10,135,145,,,,A,,14,scan_result
R_3TEE,3tee,213,12,186,197,12,1,140,141,,,,A,,14,scan_result
R_3TEE,3tee,213,13,198,212,15,0,37,37,,,,B,,14,scan_result
R_3UP3,3up3,242,0,0,15,16,0,100,100,,,,B,,15,scan_result
R_3UP3,3up3,242,1,16,25,10,0,96,96,,,,B,,15,scan_result
R_3UP3,3up3,242,2,26,75,50,51,405,456,,,,A,,15,scan_result
R_3UP3,3up3,242,3,76,87,12,0,193,193,,,,B,,15,scan_result
R_3UP3,3up3,242,4,88,105,18,11,159,170,,,,A,,15,scan_result
R_3UP3,3up3,242,5,106,121,16,0,138,138,,,,B,,15,scan_result
R_3UP3,3up3,242,6,122,133,12,0,79,79,,,,B,,15,scan_result
R_3UP3,3up3,242,7,134,145,12,0,101,101,,,,B,,15,scan_result
R_3UP3,3up3,242,8,146,159,14,0,233,233,,,,B,,15,scan_result
R_3UP3,3up3,242,9,160,169,10,0,60,60,,,,B,,15,scan_result
R_3UP3,3up3,242,10,170,183,14,0,114,114,,,,B,,15,scan_result
R_3UP3,3up3,242,11,184,193,10,0,99,99,,,,B,,15,scan_result
R_3UP3,3up3,242,12,194,209,16,0,92,92,,,,B,,15,scan_result
R_3UP3,3up3,242,13,210,223,14,0,173,173,,,,B,,15,scan_result
R_3UP3,3up3,242,14,224,241,18,15,166,181,,,,A,,15,scan_result
R_4DQJ,4dqj,137,0,0,13,14,0,133,133,,,,B,,7,scan_result
R_4DQJ,4dqj,137,1,14,62,49,53,331,384,,,,A,,7,scan_result
R_4DQJ,4dqj,137,2,63,72,10,0,52,52,,,,B,,7,scan_result
R_4DQJ,4dqj,137,3,73,89,17,4,217,221,,,,A,,7,scan_result
R_4DQJ,4dqj,137,4,90,112,23,16,149,165,,,,A,,7,scan_result
R_4DQJ,4dqj,137,5,113,123,11,0,91,91,,,,B,,7,scan_result
R_4DQJ,4dqj,137,6,124,136,13,0,43,43,,,,B,,7,scan_result
R_4FC9,4fc9,171,0,0,13,14,0,75,75,,,,B,,8,scan_result
R_4FC9,4fc9,171,1,14,23,10,0,38,38,,,,B,,8,scan_result
R_4FC9,4fc9,171,2,24,57,34,38,197,235,,,,A,,8,scan_result
R_4FC9,4fc9,171,3,58,105,48,25,312,337,,,,A,,8,scan_result
R_4FC9,4fc9,171,4,106,115,10,0,83,83,,,,B,,8,scan_result
R_4FC9,4fc9,171,5,116,127,12,3,68,71,,,,A,,8,scan_result
R_4FC9,4fc9,171,6,128,147,20,1,260,261,,,,A,,8,scan_result
R_4FC9,4fc9,171,7,148,170,23,18,177,195,,,,A,,8,scan_result
R_4FZP,4fzp,81,0,0,16,17,0,115,115,,,,B,,5,scan_result
R_4FZP,4fzp,81,1,17,34,18,3,86,89,,,,A,,5,scan_result
R_4FZP,4fzp,81,2,35,51,17,0,133,133,,,,B,,5,scan_result
R_4FZP,4fzp,81,3,52,63,12,0,107,107,,,,B,,5,scan_result
R_4FZP,4fzp,81,4,64,80,17,0,119,119,,,,B,,5,scan_result
R_4O7Q,4o7q,94,0,0,14,15,0,173,173,,,,B,,6,scan_result
R_4O7Q,4o7q,94,1,15,25,11,0,60,60,,,,B,,6,scan_result
R_4O7Q,4o7q,94,2,26,41,16,13,78,91,,,,A,,6,scan_result
R_4O7Q,4o7q,94,3,42,62,21,6,164,170,,,,A,,6,scan_result
R_4O7Q,4o7q,94,4,63,74,12,0,118,118,,,,B,,6,scan_result
R_4O7Q,4o7q,94,5,75,93,19,0,113,113,,,,B,,6,scan_result
R_4Q29,4q29,121,0,0,19,20,3,107,110,,,,A,,7,scan_result
R_4Q29,4q29,121,1,20,37,18,17,154,171,,,,A,,7,scan_result
R_4Q29,4q29,121,2,38,54,17,0,206,206,,,,B,,7,scan_result
R_4Q29,4q29,121,3,55,77,23,32,194,226,,,,A,,7,scan_result
R_4Q29,4q29,121,4,78,93,16,1,185,186,,,,A,,7,scan_result
R_4Q29,4q29,121,5,94,103,10,0,157,157,,,,B,,7,scan_result
R_4Q29,4q29,121,6,104,120,17,0,79,79,,,,B,,7,scan_result
R_4XHT,4xht,94,0,0,9,10,0,55,55,,,,B,,7,scan_result
R_4XHT,4xht,94,1,10,21,12,0,119,119,,,,B,,7,scan_result
R_4XHT,4xht,94,2,22,34,13,1,75,76,,,,A,,7,scan_result
R_4XHT,4xht,94,3,35,44,10,0,82,82,,,,B,,7,scan_result
R_4XHT,4xht,94,4,45,59,15,1,97,98,,,,A,,7,scan_result
R_4XHT,4xht,94,5,60,75,16,6,91,97,,,,A,,7,scan_result
R_4XHT,4xht,94,6,76,93,18,2,177,179,,,,A,,7,scan_result
R_4XUR,4xur,161,0,0,21,22,2,228,230,,,,A,,10,scan_result
R_4XUR,4xur,161,1,22,39,18,21,186,207,,,,A,,10,scan_result
R_4XUR,4xur,161,2,40,59,20,0,294,294,,,,B,,10,scan_result
R_4XUR,4xur,161,3,60,71,12,0,217,217,,,,B,,10,scan_result
R_4XUR,4xur,161,4,72,81,10,0,135,135,,,,B,,10,scan_result
R_4XUR,4xur,161,5,82,97,16,14,120,134,,,,A,,10,scan_result
R_4XUR,4xur,161,6,98,111,14,1,162,163,,,,A,,10,scan_result
R_4XUR,4xur,161,7,112,127,16,0,176,176,,,,B,,10,scan_result
R_4XUR,4xur,161,8,128,137,10,0,197,197,,,,B,,10,scan_result
R_4XUR,4xur,161,9,138,160,23,0,307,307,,,,B,,10,scan_result
R_5CWG,5cwg,195,0,0,15,16,0,151,151,,,,B,,13,scan_result
R_5CWG,5cwg,195,1,16,39,24,10,233,243,,,,A,,13,scan_result
R_5CWG,5cwg,195,2,40,51,12,0,102,102,,,,B,,13,scan_result
R_5CWG,5cwg,195,3,52,67,16,0,251,251,,,,B,,13,scan_result
R_5CWG,5cwg,195,4,68,93,26,4,409,413,,,,A,,13,scan_result
R_5CWG,5cwg,195,5,94,103,10,0,98,98,,,,B,,13,scan_result
R_5CWG,5cwg,195,6,104,117,14,0,250,250,,,,B,,13,scan_result
R_5CWG,5cwg,195,7,118,129,12,3,111,114,,,,A,,13,scan_result
R_5CWG,5cwg,195,8,130,151,22,0,297,297,,,,B,,13,scan_result
R_5CWG,5cwg,195,9,152,163,12,0,142,142,,,,B,,13,scan_result
R_5CWG,5cwg,195,10,164,173,10,0,52,52,,,,B,,13,scan_result
R_5CWG,5cwg,195,11,174,183,10,0,128,128,,,,B,,13,scan_result
R_5CWG,5cwg,195,12,184,194,11,0,88,88,,,,B,,13,scan_result
R_5MDU,5mdu,153,0,0,15,16,5,148,153,,,,A,,8,scan_result
R_5MDU,5mdu,153,1,16,27,12,0,253,253,,,,B,,8,scan_result
R_5MDU,5mdu,153,2,28,39,12,0,88,88,,,,B,,8,scan_result
R_5MDU,5mdu,153,3,40,53,14,0,125,125,,,,B,,8,scan_result
R_5MDU,5mdu,153,4,54,117,64,112,456,568,,,,A,,8,scan_result
R_5MDU,5mdu,153,5,118,127,10,0,122,122,,,,B,,8,scan_result
R_5MDU,5mdu,153,6,128,141,14,4,173,177,,,,A,,8,scan_result
R_5MDU,5mdu,153,7,142,152,11,0,89,89,,,,B,,8,scan_result
R_5O75,5o75,71,0,0,17,18,13,108,121,,,,A,,4,scan_result
R_5O75,5o75,71,1,18,29,12,2,121,123,,,,A,,4,scan_result
R_5O75,5o75,71,2,30,50,21,20,67,87,,,,A,,4,scan_result
R_5O75,5o75,71,3,51,70,20,0,104,104,,,,B,,4,scan_result
R_5SV5,5sv5,105,0,0,19,20,1,159,160,,,,A,,7,scan_result
R_5SV5,5sv5,105,1,20,46,27,5,323,328,,,,A,,7,scan_result
R_5SV5,5sv5,105,2,47,56,10,0,150,150,,,,B,,7,scan_result
R_5SV5,5sv5,105,3,57,69,13,0,88,88,,,,B,,7,scan_result
R_5SV5,5sv5,105,4,70,79,10,0,91,91,,,,B,,7,scan_result
R_5SV5,5sv5,105,5,80,89,10,0,163,163,,,,B,,7,scan_result
R_5SV5,5sv5,105,6,90,104,15,0,202,202,,,,B,,7,scan_result
R_6CXB,6cxb,122,0,0,12,13,6,4,10,,,,A,,7,scan_result
R_6CXB,6cxb,122,1,13,40,28,59,131,190,,,,A,,7,scan_result
R_6CXB,6cxb,122,2,41,51,11,0,128,128,,,,B,,7,scan_result
R_6CXB,6cxb,122,3,52,62,11,0,151,151,,,,B,,7,scan_result
R_6CXB,6cxb,122,4,63,82,20,0,220,220,,,,B,,7,scan_result
R_6CXB,6cxb,122,5,83,104,22,31,238,269,,,,A,,7,scan_result
R_6CXB,6cxb,122,6,105,121,17,0,286,286,,,,B,,7,scan_result
R_6DCM,6dcm,85,0,0,9,10,0,63,63,,,,B,,5,scan_result
R_6DCM,6dcm,85,1,10,44,35,13,285,298,,,,A,,5,scan_result
R_6DCM,6dcm,85,2,45,54,10,0,106,106,,,,B,,5,scan_result
R_6DCM,6dcm,85,3,55,68,14,5,170,175,,,,A,,5,scan_result
R_6DCM,6dcm,85,4,69,84,16,0,164,164,,,,B,,5,scan_result
R_6KZJ,6kzj,71,0,0,12,13,0,14,14,,,,B,,4,scan_result
R_6KZJ,6kzj,71,1,13,31,19,4,17,21,,,,A,,4,scan_result
R_6KZJ,6kzj,71,2,32,42,11,0,7,7,,,,B,,4,scan_result
R_6KZJ,6kzj,71,3,43,70,28,2,26,28,,,,A,,4,scan_result
R_6NBG,6nbg,242,0,0,33,34,7,342,349,,,,A,,10,scan_result
R_6NBG,6nbg,242,1,34,43,10,0,188,188,,,,B,,10,scan_result
R_6NBG,6nbg,242,2,44,53,10,0,122,122,,,,B,,10,scan_result
R_6NBG,6nbg,242,3,54,99,46,83,384,467,,,,A,,10,scan_result
R_6NBG,6nbg,242,4,100,155,56,59,610,669,,,,A,,10,scan_result
R_6NBG,6nbg,242,5,156,165,10,0,82,82,,,,B,,10,scan_result
R_6NBG,6nbg,242,6,166,175,10,0,84,84,,,,B,,10,scan_result
R_6NBG,6nbg,242,7,176,197,22,0,445,445,,,,B,,10,scan_result
R_6NBG,6nbg,242,8,198,217,20,8,207,215,,,,A,,10,scan_result
R_6NBG,6nbg,242,9,218,241,24,2,342,344,,,,A,,10,scan_result
R_6P7L,6p7l,140,0,0,12,13,0,65,65,,,,B,,9,scan_result
R_6P7L,6p7l,140,1,13,34,22,18,174,192,,,,A,,9,scan_result
R_6P7L,6p7l,140,2,35,46,12,0,106,106,,,,B,,9,scan_result
R_6P7L,6p7l,140,3,47,58,12,1,107,108,,,,A,,9,scan_result
R_6P7L,6p7l,140,4,59,68,10,0,63,63,,,,B,,9,scan_result
R_6P7L,6p7l,140,5,69,78,10,0,130,130,,,,B,,9,scan_result
R_6P7L,6p7l,140,6,79,94,16,1,180,181,,,,A,,9,scan_result
R_6P7L,6p7l,140,7,95,119,25,3,242,245,,,,A,,9,scan_result
R_6P7L,6p7l,140,8,120,139,20,0,189,189,,,,B,,9,scan_result
R_6T3Z,6t3z,217,0,0,9,10,0,48,48,,,,B,,13,scan_result
R_6T3Z,6t3z,217,1,10,19,10,0,144,144,,,,B,,13,scan_result
R_6T3Z,6t3z,217,2,20,61,42,53,428,481,,,,A,,13,scan_result
R_6T3Z,6t3z,217,3,62,73,12,1,105,106,,,,A,,13,scan_result
R_6T3Z,6t3z,217,4,74,87,14,1,206,207,,,,A,,13,scan_result
R_6T3Z,6t3z,217,5,88,99,12,0,177,177,,,,B,,13,scan_result
R_6T3Z,6t3z,217,6,100,109,10,0,105,105,,,,B,,13,scan_result
R_6T3Z,6t3z,217,7,110,135,26,7,227,234,,,,A,,13,scan_result
R_6T3Z,6t3z,217,8,136,145,10,0,201,201,,,,B,,13,scan_result
R_6T3Z,6t3z,217,9,146,163,18,0,223,223,,,,B,,13,scan_result
R_6T3Z,6t3z,217,10,164,177,14,0,108,108,,,,B,,13,scan_result
R_6T3Z,6t3z,217,11,178,199,22,25,111,136,,,,A,,13,scan_result
R_6T3Z,6t3z,217,12,200,216,17,0,179,179,,,,B,,13,scan_result
R_7VP8,7vp8,168,0,0,11,12,0,112,112,,,,B,,12,scan_result
R_7VP8,7vp8,168,1,12,29,18,0,230,230,,,,B,,12,scan_result
R_7VP8,7vp8,168,2,30,43,14,6,118,124,,,,A,,12,scan_result
R_7VP8,7vp8,168,3,44,61,18,0,192,192,,,,B,,12,scan_result
R_7VP8,7vp8,168,4,62,73,12,0,81,81,,,,B,,12,scan_result
R_7VP8,7vp8,168,5,74,83,10,0,65,65,,,,B,,12,scan_result
R_7VP8,7vp8,168,6,84,95,12,0,128,128,,,,B,,12,scan_result
R_7VP8,7vp8,168,7,96,111,16,0,152,152,,,,B,,12,scan_result
R_7VP8,7vp8,168,8,112,127,16,1,122,123,,,,A,,12,scan_result
R_7VP8,7vp8,168,9,128,137,10,0,90,90,,,,B,,12,scan_result
R_7VP8,7vp8,168,10,138,151,14,0,97,97,,,,B,,12,scan_result
R_7VP8,7vp8,168,11,152,167,16,0,89,89,,,,B,,12,scan_result
R_8AXJ,8axj,161,0,0,13,14,0,81,81,,,,B,,11,scan_result
R_8AXJ,8axj,161,1,14,25,12,2,96,98,,,,A,,11,scan_result
R_8AXJ,8axj,161,2,26,41,16,2,218,220,,,,A,,11,scan_result
R_8AXJ,8axj,161,3,42,53,12,0,187,187,,,,B,,11,scan_result
R_8AXJ,8axj,161,4,54,63,10,0,190,190,,,,B,,11,scan_result
R_8AXJ,8axj,161,5,64,77,14,0,227,227,,,,B,,11,scan_result
R_8AXJ,8axj,161,6,78,87,10,0,164,164,,,,B,,11,scan_result
R_8AXJ,8axj,161,7,88,109,22,4,249,253,,,,A,,11,scan_result
R_8AXJ,8axj,161,8,110,127,18,11,196,207,,,,A,,11,scan_result
R_8AXJ,8axj,161,9,128,143,16,0,93,93,,,,B,,11,scan_result
R_8AXJ,8axj,161,10,144,160,17,13,123,136,,,,A,,11,scan_result
R_8ERM,8erm,199,0,0,9,10,0,167,167,,,,B,,15,scan_result
R_8ERM,8erm,199,1,10,27,18,0,201,201,,,,B,,15,scan_result
R_8ERM,8erm,199,2,28,37,10,0,117,117,,,,B,,15,scan_result
R_8ERM,8erm,199,3,38,47,10,0,138,138,,,,B,,15,scan_result
R_8ERM,8erm,199,4,48,65,18,0,322,322,,,,B,,15,scan_result
R_8ERM,8erm,199,5,66,75,10,0,144,144,,,,B,,15,scan_result
R_8ERM,8erm,199,6,76,85,10,0,124,124,,,,B,,15,scan_result
R_8ERM,8erm,199,7,86,95,10,0,116,116,,,,B,,15,scan_result
R_8ERM,8erm,199,8,96,109,14,5,111,116,,,,A,,15,scan_result
R_8ERM,8erm,199,9,110,135,26,1,368,369,,,,A,,15,scan_result
R_8ERM,8erm,199,10,136,147,12,0,224,224,,,,B,,15,scan_result
R_8ERM,8erm,199,11,148,159,12,0,128,128,,,,B,,15,scan_result
R_8ERM,8erm,199,12,160,169,10,0,132,132,,,,B,,15,scan_result
R_8ERM,8erm,199,13,170,185,16,1,287,288,,,,A,,15,scan_result
R_8ERM,8erm,199,14,186,198,13,5,143,148,,,,A,,15,scan_result
R_9FGP,9fgp,140,0,0,9,10,0,86,86,,,,B,,9,scan_result
R_9FGP,9fgp,140,1,10,25,16,6,187,193,,,,A,,9,scan_result
R_9FGP,9fgp,140,2,26,35,10,0,85,85,,,,B,,9,scan_result
R_9FGP,9fgp,140,3,36,69,34,51,295,346,,,,A,,9,scan_result
R_9FGP,9fgp,140,4,70,81,12,2,85,87,,,,A,,9,scan_result
R_9FGP,9fgp,140,5,82,91,10,0,116,116,,,,B,,9,scan_result
R_9FGP,9fgp,140,6,92,101,10,0,92,92,,,,B,,9,scan_result
R_9FGP,9fgp,140,7,102,121,20,23,161,184,,,,A,,9,scan_result
R_9FGP,9fgp,140,8,122,139,18,8,237,245,,,,A,,9,scan_result
R_9GFQ,9gfq,117,0,0,9,10,0,106,106,,,,B,,7,scan_result
R_9GFQ,9gfq,117,1,10,24,15,1,135,136,,,,A,,7,scan_result
R_9GFQ,9gfq,117,2,25,57,33,66,298,364,,,,A,,7,scan_result
R_9GFQ,9gfq,117,3,58,72,15,0,204,204,,,,B,,7,scan_result
R_9GFQ,9gfq,117,4,73,85,13,0,72,72,,,,B,,7,scan_result
R_9GFQ,9gfq,117,5,86,102,17,0,179,179,,,,B,,7,scan_result
R_9GFQ,9gfq,117,6,103,116,14,0,124,124,,,,B,,7,scan_result
R_9HCZ,9hcz,209,0,0,13,14,0,11,11,,,,B,,10,scan_result
R_9HCZ,9hcz,209,1,14,41,28,22,252,274,,,,A,,10,scan_result
R_9HCZ,9hcz,209,2,42,55,14,0,99,99,,,,B,,10,scan_result
R_9HCZ,9hcz,209,3,56,65,10,0,95,95,,,,B,,10,scan_result
R_9HCZ,9hcz,209,4,66,95,30,64,221,285,,,,A,,10,scan_result
R_9HCZ,9hcz,209,5,96,131,36,15,331,346,,,,A,,10,scan_result
R_9HCZ,9hcz,209,6,132,143,12,0,103,103,,,,B,,10,scan_result
R_9HCZ,9hcz,209,7,144,161,18,1,85,86,,,,A,,10,scan_result
R_9HCZ,9hcz,209,8,162,175,14,0,80,80,,,,B,,10,scan_result
R_9HCZ,9hcz,209,9,176,208,33,0,215,215,,,,B,,10,scan_result
R_9Q2G,9q2g,164,0,0,15,16,0,109,109,,,,B,,10,scan_result
R_9Q2G,9q2g,164,1,16,33,18,0,215,215,,,,B,,10,scan_result
R_9Q2G,9q2g,164,2,34,43,10,0,95,95,,,,B,,10,scan_result
R_9Q2G,9q2g,164,3,44,53,10,0,179,179,,,,B,,10,scan_result
R_9Q2G,9q2g,164,4,54,63,10,0,86,86,,,,B,,10,scan_result
R_9Q2G,9q2g,164,5,64,73,10,0,102,102,,,,B,,10,scan_result
R_9Q2G,9q2g,164,6,74,89,16,2,194,196,,,,A,,10,scan_result
R_9Q2G,9q2g,164,7,90,105,16,0,234,234,,,,B,,10,scan_result
R_9Q2G,9q2g,164,8,106,149,44,7,397,404,,,,A,,10,scan_result
R_9Q2G,9q2g,164,9,150,163,14,0,201,201,,,,B,,10,scan_result
src_SH3,1srl,56,0,0,20,21,29,134,163,,,,A,,4,scan_result
src_SH3,1srl,56,1,21,34,14,2,109,111,,,,A,,4,scan_result
src_SH3,1srl,56,2,35,45,11,1,82,83,,,,A,,4,scan_result
src_SH3,1srl,56,3,46,55,10,0,131,131,,,,B,,4,scan_result
titin_I27,1tit,89,0,0,10,11,0,124,124,,,,B,,6,scan_result
titin_I27,1tit,89,1,11,21,11,0,131,131,,,,B,,6,scan_result
titin_I27,1tit,89,2,22,45,24,2,195,197,,,,A,,6,scan_result
titin_I27,1tit,89,3,46,62,17,12,153,165,,,,A,,6,scan_result
titin_I27,1tit,89,4,63,73,11,0,133,133,,,,B,,6,scan_result
titin_I27,1tit,89,5,74,88,15,0,186,186,,,,B,,6,scan_result
